
> intership@1.0.0 dev
> nodemon src/index.js

[33m[nodemon] 3.1.14[39m
[33m[nodemon] to restart at any time, enter `rs`[39m
[33m[nodemon] watching path(s): *.*[39m
[33m[nodemon] watching extensions: js,mjs,cjs,json[39m
[32m[nodemon] starting `node src/index.js`[39m
◇ injected env (16) from .env // tip: ⌘ override existing { override: true }
◇ injected env (0) from .env // tip: ⌁ auth for agents [www.vestauth.com]
✅ Supabase client created
◇ injected env (0) from .env // tip: ⌁ auth for agents [www.vestauth.com]
◇ injected env (0) from .env // tip: ◈ secrets for agents [www.dotenvx.com]
◇ injected env (0) from .env // tip: ◈ secrets for agents [www.dotenvx.com]
◇ injected env (0) from .env // tip: ◈ encrypted .env [www.dotenvx.com]
◇ injected env (0) from .env // tip: ⌘ custom filepath { path: '/custom/path/.env' }
✅ MongoDB Connected
Server is running on port 3000
admin
[Object: null prototype] {
  name: 'Codex Cloudinary API Check 1783682601948',
  tagline: 'Temporary Cloudinary API test',
  themecolor: '#b23a48'
}
{
  fieldname: 'User_image',
  originalname: 'cloudinary-api-check.png',
  encoding: '7bit',
  mimetype: 'image/png',
  buffer: <Buffer 89 50 4e 47 0d 0a 1a 0a 00 00 00 0d 49 48 44 52 00 00 00 60 00 00 00 60 08 02 00 00 00 6d fa e0 6f 00 00 00 09 70 48 59 73 00 00 03 e8 00 00 03 e8 01 ... 291 more bytes>,
  size: 341
}
admin
[Object: null prototype] {
  name: 'Codex Product Cloudinary Check 1783682654642',
  description: 'Temporary Cloudinary product API test',
  price: '99',
  category_id: '6a4fac88dd469119b371d1ae',
  size: 'test',
  brand: 'Codex Test',
  stock: '1',
  producthightlight: 'Temporary test product'
}
admin
{
  host: 'localhost:3000',
  connection: 'keep-alive',
  'sec-ch-ua-platform': '"Windows"',
  authorization: 'Bearer eyJhbGciOiJIUzI1NiIsInR5cCI6IkpXVCJ9.eyJpZCI6IjZhNGZkNTQ2NDQwMjVkMWU5YzlkODIzMSIsInJvbGUiOiJhZG1pbiIsImlhdCI6MTc4MzY4MTM4OCwiZXhwIjoxNzgzNjgyMjg4fQ.T2qOV7SZotewjHS6Unf_BWfmP8nwrqmU72iZJIyHJ-Y',
  'user-agent': 'Mozilla/5.0 (Windows NT 10.0; Win64; x64) AppleWebKit/537.36 (KHTML, like Gecko) Chrome/149.0.0.0 Safari/537.36',
  'sec-ch-ua': '"Google Chrome";v="149", "Chromium";v="149", "Not)A;Brand";v="24"',
  'sec-ch-ua-mobile': '?0',
  accept: '*/*',
  origin: 'http://localhost:5173',
  'sec-fetch-site': 'same-site',
  'sec-fetch-mode': 'cors',
  'sec-fetch-dest': 'empty',
  referer: 'http://localhost:5173/',
  'accept-encoding': 'gzip, deflate, br, zstd',
  'accept-language': 'en-US,en;q=0.9',
  'if-none-match': 'W/"864-fMSqO9FFtoCXHFg0QRrRq6qnGSg"'
}
Bearer eyJhbGciOiJIUzI1NiIsInR5cCI6IkpXVCJ9.eyJpZCI6IjZhNGZkNTQ2NDQwMjVkMWU5YzlkODIzMSIsInJvbGUiOiJhZG1pbiIsImlhdCI6MTc4MzY4MTM4OCwiZXhwIjoxNzgzNjgyMjg4fQ.T2qOV7SZotewjHS6Unf_BWfmP8nwrqmU72iZJIyHJ-Y
{
  host: 'localhost:3000',
  connection: 'keep-alive',
  'sec-ch-ua-platform': '"Windows"',
  authorization: 'Bearer eyJhbGciOiJIUzI1NiIsInR5cCI6IkpXVCJ9.eyJpZCI6IjZhNGZkNTQ2NDQwMjVkMWU5YzlkODIzMSIsInJvbGUiOiJhZG1pbiIsImlhdCI6MTc4MzY4MTM4OCwiZXhwIjoxNzgzNjgyMjg4fQ.T2qOV7SZotewjHS6Unf_BWfmP8nwrqmU72iZJIyHJ-Y',
  'user-agent': 'Mozilla/5.0 (Windows NT 10.0; Win64; x64) AppleWebKit/537.36 (KHTML, like Gecko) Chrome/149.0.0.0 Safari/537.36',
  'sec-ch-ua': '"Google Chrome";v="149", "Chromium";v="149", "Not)A;Brand";v="24"',
  'sec-ch-ua-mobile': '?0',
  accept: '*/*',
  origin: 'http://localhost:5173',
  'sec-fetch-site': 'same-site',
  'sec-fetch-mode': 'cors',
  'sec-fetch-dest': 'empty',
  referer: 'http://localhost:5173/',
  'accept-encoding': 'gzip, deflate, br, zstd',
  'accept-language': 'en-US,en;q=0.9',
  'if-none-match': 'W/"582-UHJ0P3uWUyYCDXUJUXjXfdS5Cfs"'
}
Bearer eyJhbGciOiJIUzI1NiIsInR5cCI6IkpXVCJ9.eyJpZCI6IjZhNGZkNTQ2NDQwMjVkMWU5YzlkODIzMSIsInJvbGUiOiJhZG1pbiIsImlhdCI6MTc4MzY4MTM4OCwiZXhwIjoxNzgzNjgyMjg4fQ.T2qOV7SZotewjHS6Unf_BWfmP8nwrqmU72iZJIyHJ-Y
{
  host: 'localhost:3000',
  connection: 'keep-alive',
  'sec-ch-ua-platform': '"Windows"',
  authorization: 'Bearer eyJhbGciOiJIUzI1NiIsInR5cCI6IkpXVCJ9.eyJpZCI6IjZhNGZkNTQ2NDQwMjVkMWU5YzlkODIzMSIsInJvbGUiOiJhZG1pbiIsImlhdCI6MTc4MzY4MTM4OCwiZXhwIjoxNzgzNjgyMjg4fQ.T2qOV7SZotewjHS6Unf_BWfmP8nwrqmU72iZJIyHJ-Y',
  'user-agent': 'Mozilla/5.0 (Windows NT 10.0; Win64; x64) AppleWebKit/537.36 (KHTML, like Gecko) Chrome/149.0.0.0 Safari/537.36',
  'sec-ch-ua': '"Google Chrome";v="149", "Chromium";v="149", "Not)A;Brand";v="24"',
  'sec-ch-ua-mobile': '?0',
  accept: '*/*',
  origin: 'http://localhost:5173',
  'sec-fetch-site': 'same-site',
  'sec-fetch-mode': 'cors',
  'sec-fetch-dest': 'empty',
  referer: 'http://localhost:5173/',
  'accept-encoding': 'gzip, deflate, br, zstd',
  'accept-language': 'en-US,en;q=0.9',
  'if-none-match': 'W/"864-fMSqO9FFtoCXHFg0QRrRq6qnGSg"'
}
Bearer eyJhbGciOiJIUzI1NiIsInR5cCI6IkpXVCJ9.eyJpZCI6IjZhNGZkNTQ2NDQwMjVkMWU5YzlkODIzMSIsInJvbGUiOiJhZG1pbiIsImlhdCI6MTc4MzY4MTM4OCwiZXhwIjoxNzgzNjgyMjg4fQ.T2qOV7SZotewjHS6Unf_BWfmP8nwrqmU72iZJIyHJ-Y
{
  host: 'localhost:3000',
  connection: 'keep-alive',
  'sec-ch-ua-platform': '"Windows"',
  authorization: 'Bearer eyJhbGciOiJIUzI1NiIsInR5cCI6IkpXVCJ9.eyJpZCI6IjZhNGZkNTQ2NDQwMjVkMWU5YzlkODIzMSIsInJvbGUiOiJhZG1pbiIsImlhdCI6MTc4MzY4MTM4OCwiZXhwIjoxNzgzNjgyMjg4fQ.T2qOV7SZotewjHS6Unf_BWfmP8nwrqmU72iZJIyHJ-Y',
  'user-agent': 'Mozilla/5.0 (Windows NT 10.0; Win64; x64) AppleWebKit/537.36 (KHTML, like Gecko) Chrome/149.0.0.0 Safari/537.36',
  'sec-ch-ua': '"Google Chrome";v="149", "Chromium";v="149", "Not)A;Brand";v="24"',
  'sec-ch-ua-mobile': '?0',
  accept: '*/*',
  origin: 'http://localhost:5173',
  'sec-fetch-site': 'same-site',
  'sec-fetch-mode': 'cors',
  'sec-fetch-dest': 'empty',
  referer: 'http://localhost:5173/',
  'accept-encoding': 'gzip, deflate, br, zstd',
  'accept-language': 'en-US,en;q=0.9',
  'if-none-match': 'W/"582-UHJ0P3uWUyYCDXUJUXjXfdS5Cfs"'
}
Bearer eyJhbGciOiJIUzI1NiIsInR5cCI6IkpXVCJ9.eyJpZCI6IjZhNGZkNTQ2NDQwMjVkMWU5YzlkODIzMSIsInJvbGUiOiJhZG1pbiIsImlhdCI6MTc4MzY4MTM4OCwiZXhwIjoxNzgzNjgyMjg4fQ.T2qOV7SZotewjHS6Unf_BWfmP8nwrqmU72iZJIyHJ-Y
{
  host: 'localhost:3000',
  connection: 'keep-alive',
  'sec-ch-ua-platform': '"Windows"',
  authorization: 'Bearer eyJhbGciOiJIUzI1NiIsInR5cCI6IkpXVCJ9.eyJpZCI6IjZhNGZkNTQ2NDQwMjVkMWU5YzlkODIzMSIsInJvbGUiOiJhZG1pbiIsImlhdCI6MTc4MzY4MjcxNSwiZXhwIjoxNzgzNjgzNjE1fQ.0OpCxgnulFWbgUR-hBwtpdX4Qzt3cvTHW9WgGP8U2iI',
  'user-agent': 'Mozilla/5.0 (Windows NT 10.0; Win64; x64) AppleWebKit/537.36 (KHTML, like Gecko) Chrome/149.0.0.0 Safari/537.36',
  'sec-ch-ua': '"Google Chrome";v="149", "Chromium";v="149", "Not)A;Brand";v="24"',
  'sec-ch-ua-mobile': '?0',
  accept: '*/*',
  origin: 'http://localhost:5173',
  'sec-fetch-site': 'same-site',
  'sec-fetch-mode': 'cors',
  'sec-fetch-dest': 'empty',
  referer: 'http://localhost:5173/',
  'accept-encoding': 'gzip, deflate, br, zstd',
  'accept-language': 'en-US,en;q=0.9',
  'if-none-match': 'W/"864-fMSqO9FFtoCXHFg0QRrRq6qnGSg"'
}
Bearer eyJhbGciOiJIUzI1NiIsInR5cCI6IkpXVCJ9.eyJpZCI6IjZhNGZkNTQ2NDQwMjVkMWU5YzlkODIzMSIsInJvbGUiOiJhZG1pbiIsImlhdCI6MTc4MzY4MjcxNSwiZXhwIjoxNzgzNjgzNjE1fQ.0OpCxgnulFWbgUR-hBwtpdX4Qzt3cvTHW9WgGP8U2iI
{
  host: 'localhost:3000',
  connection: 'keep-alive',
  'sec-ch-ua-platform': '"Windows"',
  authorization: 'Bearer eyJhbGciOiJIUzI1NiIsInR5cCI6IkpXVCJ9.eyJpZCI6IjZhNGZkNTQ2NDQwMjVkMWU5YzlkODIzMSIsInJvbGUiOiJhZG1pbiIsImlhdCI6MTc4MzY4MjcxNSwiZXhwIjoxNzgzNjgzNjE1fQ.0OpCxgnulFWbgUR-hBwtpdX4Qzt3cvTHW9WgGP8U2iI',
  'user-agent': 'Mozilla/5.0 (Windows NT 10.0; Win64; x64) AppleWebKit/537.36 (KHTML, like Gecko) Chrome/149.0.0.0 Safari/537.36',
  'sec-ch-ua': '"Google Chrome";v="149", "Chromium";v="149", "Not)A;Brand";v="24"',
  'sec-ch-ua-mobile': '?0',
  accept: '*/*',
  origin: 'http://localhost:5173',
  'sec-fetch-site': 'same-site',
  'sec-fetch-mode': 'cors',
  'sec-fetch-dest': 'empty',
  referer: 'http://localhost:5173/',
  'accept-encoding': 'gzip, deflate, br, zstd',
  'accept-language': 'en-US,en;q=0.9',
  'if-none-match': 'W/"582-UHJ0P3uWUyYCDXUJUXjXfdS5Cfs"'
}
Bearer eyJhbGciOiJIUzI1NiIsInR5cCI6IkpXVCJ9.eyJpZCI6IjZhNGZkNTQ2NDQwMjVkMWU5YzlkODIzMSIsInJvbGUiOiJhZG1pbiIsImlhdCI6MTc4MzY4MjcxNSwiZXhwIjoxNzgzNjgzNjE1fQ.0OpCxgnulFWbgUR-hBwtpdX4Qzt3cvTHW9WgGP8U2iI
{
  host: 'localhost:3000',
  connection: 'keep-alive',
  'sec-ch-ua-platform': '"Windows"',
  authorization: 'Bearer eyJhbGciOiJIUzI1NiIsInR5cCI6IkpXVCJ9.eyJpZCI6IjZhNGZkNTQ2NDQwMjVkMWU5YzlkODIzMSIsInJvbGUiOiJhZG1pbiIsImlhdCI6MTc4MzY4MjcxNSwiZXhwIjoxNzgzNjgzNjE1fQ.0OpCxgnulFWbgUR-hBwtpdX4Qzt3cvTHW9WgGP8U2iI',
  'user-agent': 'Mozilla/5.0 (Windows NT 10.0; Win64; x64) AppleWebKit/537.36 (KHTML, like Gecko) Chrome/149.0.0.0 Safari/537.36',
  'sec-ch-ua': '"Google Chrome";v="149", "Chromium";v="149", "Not)A;Brand";v="24"',
  'sec-ch-ua-mobile': '?0',
  accept: '*/*',
  origin: 'http://localhost:5173',
  'sec-fetch-site': 'same-site',
  'sec-fetch-mode': 'cors',
  'sec-fetch-dest': 'empty',
  referer: 'http://localhost:5173/',
  'accept-encoding': 'gzip, deflate, br, zstd',
  'accept-language': 'en-US,en;q=0.9',
  'if-none-match': 'W/"864-fMSqO9FFtoCXHFg0QRrRq6qnGSg"'
}
Bearer eyJhbGciOiJIUzI1NiIsInR5cCI6IkpXVCJ9.eyJpZCI6IjZhNGZkNTQ2NDQwMjVkMWU5YzlkODIzMSIsInJvbGUiOiJhZG1pbiIsImlhdCI6MTc4MzY4MjcxNSwiZXhwIjoxNzgzNjgzNjE1fQ.0OpCxgnulFWbgUR-hBwtpdX4Qzt3cvTHW9WgGP8U2iI
{
  host: 'localhost:3000',
  connection: 'keep-alive',
  'sec-ch-ua-platform': '"Windows"',
  authorization: 'Bearer eyJhbGciOiJIUzI1NiIsInR5cCI6IkpXVCJ9.eyJpZCI6IjZhNGZkNTQ2NDQwMjVkMWU5YzlkODIzMSIsInJvbGUiOiJhZG1pbiIsImlhdCI6MTc4MzY4MjcxNSwiZXhwIjoxNzgzNjgzNjE1fQ.0OpCxgnulFWbgUR-hBwtpdX4Qzt3cvTHW9WgGP8U2iI',
  'user-agent': 'Mozilla/5.0 (Windows NT 10.0; Win64; x64) AppleWebKit/537.36 (KHTML, like Gecko) Chrome/149.0.0.0 Safari/537.36',
  'sec-ch-ua': '"Google Chrome";v="149", "Chromium";v="149", "Not)A;Brand";v="24"',
  'sec-ch-ua-mobile': '?0',
  accept: '*/*',
  origin: 'http://localhost:5173',
  'sec-fetch-site': 'same-site',
  'sec-fetch-mode': 'cors',
  'sec-fetch-dest': 'empty',
  referer: 'http://localhost:5173/',
  'accept-encoding': 'gzip, deflate, br, zstd',
  'accept-language': 'en-US,en;q=0.9',
  'if-none-match': 'W/"582-UHJ0P3uWUyYCDXUJUXjXfdS5Cfs"'
}
Bearer eyJhbGciOiJIUzI1NiIsInR5cCI6IkpXVCJ9.eyJpZCI6IjZhNGZkNTQ2NDQwMjVkMWU5YzlkODIzMSIsInJvbGUiOiJhZG1pbiIsImlhdCI6MTc4MzY4MjcxNSwiZXhwIjoxNzgzNjgzNjE1fQ.0OpCxgnulFWbgUR-hBwtpdX4Qzt3cvTHW9WgGP8U2iI
admin
{
  host: 'localhost:3000',
  connection: 'keep-alive',
  'sec-ch-ua-platform': '"Windows"',
  authorization: 'Bearer eyJhbGciOiJIUzI1NiIsInR5cCI6IkpXVCJ9.eyJpZCI6IjZhNGZkNTQ2NDQwMjVkMWU5YzlkODIzMSIsInJvbGUiOiJhZG1pbiIsImlhdCI6MTc4MzY4MjcxNSwiZXhwIjoxNzgzNjgzNjE1fQ.0OpCxgnulFWbgUR-hBwtpdX4Qzt3cvTHW9WgGP8U2iI',
  'user-agent': 'Mozilla/5.0 (Windows NT 10.0; Win64; x64) AppleWebKit/537.36 (KHTML, like Gecko) Chrome/149.0.0.0 Safari/537.36',
  'sec-ch-ua': '"Google Chrome";v="149", "Chromium";v="149", "Not)A;Brand";v="24"',
  'sec-ch-ua-mobile': '?0',
  accept: '*/*',
  origin: 'http://localhost:5173',
  'sec-fetch-site': 'same-site',
  'sec-fetch-mode': 'cors',
  'sec-fetch-dest': 'empty',
  referer: 'http://localhost:5173/',
  'accept-encoding': 'gzip, deflate, br, zstd',
  'accept-language': 'en-US,en;q=0.9',
  'if-none-match': 'W/"160f-YZuE7/5uKLzGMuDCzmkHpQRogEE"'
}
Bearer eyJhbGciOiJIUzI1NiIsInR5cCI6IkpXVCJ9.eyJpZCI6IjZhNGZkNTQ2NDQwMjVkMWU5YzlkODIzMSIsInJvbGUiOiJhZG1pbiIsImlhdCI6MTc4MzY4MjcxNSwiZXhwIjoxNzgzNjgzNjE1fQ.0OpCxgnulFWbgUR-hBwtpdX4Qzt3cvTHW9WgGP8U2iI
admin
{
  host: 'localhost:3000',
  connection: 'keep-alive',
  'sec-ch-ua-platform': '"Windows"',
  authorization: 'Bearer eyJhbGciOiJIUzI1NiIsInR5cCI6IkpXVCJ9.eyJpZCI6IjZhNGZkNTQ2NDQwMjVkMWU5YzlkODIzMSIsInJvbGUiOiJhZG1pbiIsImlhdCI6MTc4MzY4MjcxNSwiZXhwIjoxNzgzNjgzNjE1fQ.0OpCxgnulFWbgUR-hBwtpdX4Qzt3cvTHW9WgGP8U2iI',
  'user-agent': 'Mozilla/5.0 (Windows NT 10.0; Win64; x64) AppleWebKit/537.36 (KHTML, like Gecko) Chrome/149.0.0.0 Safari/537.36',
  'sec-ch-ua': '"Google Chrome";v="149", "Chromium";v="149", "Not)A;Brand";v="24"',
  'sec-ch-ua-mobile': '?0',
  accept: '*/*',
  origin: 'http://localhost:5173',
  'sec-fetch-site': 'same-site',
  'sec-fetch-mode': 'cors',
  'sec-fetch-dest': 'empty',
  referer: 'http://localhost:5173/',
  'accept-encoding': 'gzip, deflate, br, zstd',
  'accept-language': 'en-US,en;q=0.9',
  'if-none-match': 'W/"160f-YZuE7/5uKLzGMuDCzmkHpQRogEE"'
}
Bearer eyJhbGciOiJIUzI1NiIsInR5cCI6IkpXVCJ9.eyJpZCI6IjZhNGZkNTQ2NDQwMjVkMWU5YzlkODIzMSIsInJvbGUiOiJhZG1pbiIsImlhdCI6MTc4MzY4MjcxNSwiZXhwIjoxNzgzNjgzNjE1fQ.0OpCxgnulFWbgUR-hBwtpdX4Qzt3cvTHW9WgGP8U2iI
admin
{
  host: 'localhost:3000',
  connection: 'keep-alive',
  'sec-ch-ua-platform': '"Windows"',
  authorization: 'Bearer eyJhbGciOiJIUzI1NiIsInR5cCI6IkpXVCJ9.eyJpZCI6IjZhNGZjZDBhMjgxYzBiOTVjMmFkODEyOCIsInJvbGUiOiJ1c2VyIiwiaWF0IjoxNzgzNjgyODg1LCJleHAiOjE3ODM2ODM3ODV9.4B_XFnEEJ4qQ_2DzUNCfrOOyPm7oQYXuDuvLsJEH7cI',
  'user-agent': 'Mozilla/5.0 (Windows NT 10.0; Win64; x64) AppleWebKit/537.36 (KHTML, like Gecko) Chrome/149.0.0.0 Safari/537.36',
  'sec-ch-ua': '"Google Chrome";v="149", "Chromium";v="149", "Not)A;Brand";v="24"',
  'sec-ch-ua-mobile': '?0',
  accept: '*/*',
  origin: 'http://localhost:5173',
  'sec-fetch-site': 'same-site',
  'sec-fetch-mode': 'cors',
  'sec-fetch-dest': 'empty',
  referer: 'http://localhost:5173/',
  'accept-encoding': 'gzip, deflate, br, zstd',
  'accept-language': 'en-US,en;q=0.9',
  'if-none-match': 'W/"582-UHJ0P3uWUyYCDXUJUXjXfdS5Cfs"'
}
Bearer eyJhbGciOiJIUzI1NiIsInR5cCI6IkpXVCJ9.eyJpZCI6IjZhNGZjZDBhMjgxYzBiOTVjMmFkODEyOCIsInJvbGUiOiJ1c2VyIiwiaWF0IjoxNzgzNjgyODg1LCJleHAiOjE3ODM2ODM3ODV9.4B_XFnEEJ4qQ_2DzUNCfrOOyPm7oQYXuDuvLsJEH7cI
{
  host: 'localhost:3000',
  connection: 'keep-alive',
  'sec-ch-ua-platform': '"Windows"',
  authorization: 'Bearer eyJhbGciOiJIUzI1NiIsInR5cCI6IkpXVCJ9.eyJpZCI6IjZhNGZjZDBhMjgxYzBiOTVjMmFkODEyOCIsInJvbGUiOiJ1c2VyIiwiaWF0IjoxNzgzNjgyODg1LCJleHAiOjE3ODM2ODM3ODV9.4B_XFnEEJ4qQ_2DzUNCfrOOyPm7oQYXuDuvLsJEH7cI',
  'user-agent': 'Mozilla/5.0 (Windows NT 10.0; Win64; x64) AppleWebKit/537.36 (KHTML, like Gecko) Chrome/149.0.0.0 Safari/537.36',
  'sec-ch-ua': '"Google Chrome";v="149", "Chromium";v="149", "Not)A;Brand";v="24"',
  'sec-ch-ua-mobile': '?0',
  accept: '*/*',
  origin: 'http://localhost:5173',
  'sec-fetch-site': 'same-site',
  'sec-fetch-mode': 'cors',
  'sec-fetch-dest': 'empty',
  referer: 'http://localhost:5173/',
  'accept-encoding': 'gzip, deflate, br, zstd',
  'accept-language': 'en-US,en;q=0.9',
  'if-none-match': 'W/"864-fMSqO9FFtoCXHFg0QRrRq6qnGSg"'
}
Bearer eyJhbGciOiJIUzI1NiIsInR5cCI6IkpXVCJ9.eyJpZCI6IjZhNGZjZDBhMjgxYzBiOTVjMmFkODEyOCIsInJvbGUiOiJ1c2VyIiwiaWF0IjoxNzgzNjgyODg1LCJleHAiOjE3ODM2ODM3ODV9.4B_XFnEEJ4qQ_2DzUNCfrOOyPm7oQYXuDuvLsJEH7cI
{
  host: 'localhost:3000',
  connection: 'keep-alive',
  'sec-ch-ua-platform': '"Windows"',
  authorization: 'Bearer eyJhbGciOiJIUzI1NiIsInR5cCI6IkpXVCJ9.eyJpZCI6IjZhNGZjZDBhMjgxYzBiOTVjMmFkODEyOCIsInJvbGUiOiJ1c2VyIiwiaWF0IjoxNzgzNjgyODg1LCJleHAiOjE3ODM2ODM3ODV9.4B_XFnEEJ4qQ_2DzUNCfrOOyPm7oQYXuDuvLsJEH7cI',
  'user-agent': 'Mozilla/5.0 (Windows NT 10.0; Win64; x64) AppleWebKit/537.36 (KHTML, like Gecko) Chrome/149.0.0.0 Safari/537.36',
  'sec-ch-ua': '"Google Chrome";v="149", "Chromium";v="149", "Not)A;Brand";v="24"',
  'sec-ch-ua-mobile': '?0',
  accept: '*/*',
  origin: 'http://localhost:5173',
  'sec-fetch-site': 'same-site',
  'sec-fetch-mode': 'cors',
  'sec-fetch-dest': 'empty',
  referer: 'http://localhost:5173/',
  'accept-encoding': 'gzip, deflate, br, zstd',
  'accept-language': 'en-US,en;q=0.9',
  'if-none-match': 'W/"1d5-+hCcA0Mc8qWDm33FuEv0JxUbQuU"'
}
Bearer eyJhbGciOiJIUzI1NiIsInR5cCI6IkpXVCJ9.eyJpZCI6IjZhNGZjZDBhMjgxYzBiOTVjMmFkODEyOCIsInJvbGUiOiJ1c2VyIiwiaWF0IjoxNzgzNjgyODg1LCJleHAiOjE3ODM2ODM3ODV9.4B_XFnEEJ4qQ_2DzUNCfrOOyPm7oQYXuDuvLsJEH7cI
{
  host: 'localhost:3000',
  connection: 'keep-alive',
  'content-length': '111',
  'sec-ch-ua-platform': '"Windows"',
  authorization: 'Bearer eyJhbGciOiJIUzI1NiIsInR5cCI6IkpXVCJ9.eyJpZCI6IjZhNGZjZDBhMjgxYzBiOTVjMmFkODEyOCIsInJvbGUiOiJ1c2VyIiwiaWF0IjoxNzgzNjgyODg1LCJleHAiOjE3ODM2ODM3ODV9.4B_XFnEEJ4qQ_2DzUNCfrOOyPm7oQYXuDuvLsJEH7cI',
  'user-agent': 'Mozilla/5.0 (Windows NT 10.0; Win64; x64) AppleWebKit/537.36 (KHTML, like Gecko) Chrome/149.0.0.0 Safari/537.36',
  'sec-ch-ua': '"Google Chrome";v="149", "Chromium";v="149", "Not)A;Brand";v="24"',
  'content-type': 'application/json',
  'sec-ch-ua-mobile': '?0',
  accept: '*/*',
  origin: 'http://localhost:5173',
  'sec-fetch-site': 'same-site',
  'sec-fetch-mode': 'cors',
  'sec-fetch-dest': 'empty',
  referer: 'http://localhost:5173/',
  'accept-encoding': 'gzip, deflate, br, zstd',
  'accept-language': 'en-US,en;q=0.9'
}
Bearer eyJhbGciOiJIUzI1NiIsInR5cCI6IkpXVCJ9.eyJpZCI6IjZhNGZjZDBhMjgxYzBiOTVjMmFkODEyOCIsInJvbGUiOiJ1c2VyIiwiaWF0IjoxNzgzNjgyODg1LCJleHAiOjE3ODM2ODM3ODV9.4B_XFnEEJ4qQ_2DzUNCfrOOyPm7oQYXuDuvLsJEH7cI
{
  host: 'localhost:3000',
  connection: 'keep-alive',
  'sec-ch-ua-platform': '"Windows"',
  authorization: 'Bearer eyJhbGciOiJIUzI1NiIsInR5cCI6IkpXVCJ9.eyJpZCI6IjZhNGZjZDBhMjgxYzBiOTVjMmFkODEyOCIsInJvbGUiOiJ1c2VyIiwiaWF0IjoxNzgzNjgyODg1LCJleHAiOjE3ODM2ODM3ODV9.4B_XFnEEJ4qQ_2DzUNCfrOOyPm7oQYXuDuvLsJEH7cI',
  'user-agent': 'Mozilla/5.0 (Windows NT 10.0; Win64; x64) AppleWebKit/537.36 (KHTML, like Gecko) Chrome/149.0.0.0 Safari/537.36',
  'sec-ch-ua': '"Google Chrome";v="149", "Chromium";v="149", "Not)A;Brand";v="24"',
  'sec-ch-ua-mobile': '?0',
  accept: '*/*',
  origin: 'http://localhost:5173',
  'sec-fetch-site': 'same-site',
  'sec-fetch-mode': 'cors',
  'sec-fetch-dest': 'empty',
  referer: 'http://localhost:5173/',
  'accept-encoding': 'gzip, deflate, br, zstd',
  'accept-language': 'en-US,en;q=0.9'
}
Bearer eyJhbGciOiJIUzI1NiIsInR5cCI6IkpXVCJ9.eyJpZCI6IjZhNGZjZDBhMjgxYzBiOTVjMmFkODEyOCIsInJvbGUiOiJ1c2VyIiwiaWF0IjoxNzgzNjgyODg1LCJleHAiOjE3ODM2ODM3ODV9.4B_XFnEEJ4qQ_2DzUNCfrOOyPm7oQYXuDuvLsJEH7cI
{
  host: 'localhost:3000',
  connection: 'keep-alive',
  'sec-ch-ua-platform': '"Windows"',
  authorization: 'Bearer eyJhbGciOiJIUzI1NiIsInR5cCI6IkpXVCJ9.eyJpZCI6IjZhNGZjZDBhMjgxYzBiOTVjMmFkODEyOCIsInJvbGUiOiJ1c2VyIiwiaWF0IjoxNzgzNjgyODg1LCJleHAiOjE3ODM2ODM3ODV9.4B_XFnEEJ4qQ_2DzUNCfrOOyPm7oQYXuDuvLsJEH7cI',
  'user-agent': 'Mozilla/5.0 (Windows NT 10.0; Win64; x64) AppleWebKit/537.36 (KHTML, like Gecko) Chrome/149.0.0.0 Safari/537.36',
  'sec-ch-ua': '"Google Chrome";v="149", "Chromium";v="149", "Not)A;Brand";v="24"',
  'sec-ch-ua-mobile': '?0',
  accept: '*/*',
  origin: 'http://localhost:5173',
  'sec-fetch-site': 'same-site',
  'sec-fetch-mode': 'cors',
  'sec-fetch-dest': 'empty',
  referer: 'http://localhost:5173/',
  'accept-encoding': 'gzip, deflate, br, zstd',
  'accept-language': 'en-US,en;q=0.9',
  'if-none-match': 'W/"3ca-xjpOew0y1uZLTNeuG7JbtJ/a6eE"'
}
Bearer eyJhbGciOiJIUzI1NiIsInR5cCI6IkpXVCJ9.eyJpZCI6IjZhNGZjZDBhMjgxYzBiOTVjMmFkODEyOCIsInJvbGUiOiJ1c2VyIiwiaWF0IjoxNzgzNjgyODg1LCJleHAiOjE3ODM2ODM3ODV9.4B_XFnEEJ4qQ_2DzUNCfrOOyPm7oQYXuDuvLsJEH7cI
{
  host: 'localhost:3000',
  connection: 'keep-alive',
  'content-length': '181',
  'sec-ch-ua-platform': '"Windows"',
  authorization: 'Bearer eyJhbGciOiJIUzI1NiIsInR5cCI6IkpXVCJ9.eyJpZCI6IjZhNGZjZDBhMjgxYzBiOTVjMmFkODEyOCIsInJvbGUiOiJ1c2VyIiwiaWF0IjoxNzgzNjgyODg1LCJleHAiOjE3ODM2ODM3ODV9.4B_XFnEEJ4qQ_2DzUNCfrOOyPm7oQYXuDuvLsJEH7cI',
  'user-agent': 'Mozilla/5.0 (Windows NT 10.0; Win64; x64) AppleWebKit/537.36 (KHTML, like Gecko) Chrome/149.0.0.0 Safari/537.36',
  'sec-ch-ua': '"Google Chrome";v="149", "Chromium";v="149", "Not)A;Brand";v="24"',
  'content-type': 'application/json',
  'sec-ch-ua-mobile': '?0',
  accept: '*/*',
  origin: 'http://localhost:5173',
  'sec-fetch-site': 'same-site',
  'sec-fetch-mode': 'cors',
  'sec-fetch-dest': 'empty',
  referer: 'http://localhost:5173/',
  'accept-encoding': 'gzip, deflate, br, zstd',
  'accept-language': 'en-US,en;q=0.9'
}
Bearer eyJhbGciOiJIUzI1NiIsInR5cCI6IkpXVCJ9.eyJpZCI6IjZhNGZjZDBhMjgxYzBiOTVjMmFkODEyOCIsInJvbGUiOiJ1c2VyIiwiaWF0IjoxNzgzNjgyODg1LCJleHAiOjE3ODM2ODM3ODV9.4B_XFnEEJ4qQ_2DzUNCfrOOyPm7oQYXuDuvLsJEH7cI
{
  host: 'localhost:3000',
  connection: 'keep-alive',
  'content-length': '272',
  'sec-ch-ua-platform': '"Windows"',
  authorization: 'Bearer eyJhbGciOiJIUzI1NiIsInR5cCI6IkpXVCJ9.eyJpZCI6IjZhNGZjZDBhMjgxYzBiOTVjMmFkODEyOCIsInJvbGUiOiJ1c2VyIiwiaWF0IjoxNzgzNjgyODg1LCJleHAiOjE3ODM2ODM3ODV9.4B_XFnEEJ4qQ_2DzUNCfrOOyPm7oQYXuDuvLsJEH7cI',
  'user-agent': 'Mozilla/5.0 (Windows NT 10.0; Win64; x64) AppleWebKit/537.36 (KHTML, like Gecko) Chrome/149.0.0.0 Safari/537.36',
  'sec-ch-ua': '"Google Chrome";v="149", "Chromium";v="149", "Not)A;Brand";v="24"',
  'content-type': 'application/json',
  'sec-ch-ua-mobile': '?0',
  accept: '*/*',
  origin: 'http://localhost:5173',
  'sec-fetch-site': 'same-site',
  'sec-fetch-mode': 'cors',
  'sec-fetch-dest': 'empty',
  referer: 'http://localhost:5173/',
  'accept-encoding': 'gzip, deflate, br, zstd',
  'accept-language': 'en-US,en;q=0.9'
}
Bearer eyJhbGciOiJIUzI1NiIsInR5cCI6IkpXVCJ9.eyJpZCI6IjZhNGZjZDBhMjgxYzBiOTVjMmFkODEyOCIsInJvbGUiOiJ1c2VyIiwiaWF0IjoxNzgzNjgyODg1LCJleHAiOjE3ODM2ODM3ODV9.4B_XFnEEJ4qQ_2DzUNCfrOOyPm7oQYXuDuvLsJEH7cI
{
  host: 'localhost:3000',
  connection: 'keep-alive',
  'sec-ch-ua-platform': '"Windows"',
  authorization: 'Bearer eyJhbGciOiJIUzI1NiIsInR5cCI6IkpXVCJ9.eyJpZCI6IjZhNGZjZDBhMjgxYzBiOTVjMmFkODEyOCIsInJvbGUiOiJ1c2VyIiwiaWF0IjoxNzgzNjgyODg1LCJleHAiOjE3ODM2ODM3ODV9.4B_XFnEEJ4qQ_2DzUNCfrOOyPm7oQYXuDuvLsJEH7cI',
  'user-agent': 'Mozilla/5.0 (Windows NT 10.0; Win64; x64) AppleWebKit/537.36 (KHTML, like Gecko) Chrome/149.0.0.0 Safari/537.36',
  'sec-ch-ua': '"Google Chrome";v="149", "Chromium";v="149", "Not)A;Brand";v="24"',
  'sec-ch-ua-mobile': '?0',
  accept: '*/*',
  origin: 'http://localhost:5173',
  'sec-fetch-site': 'same-site',
  'sec-fetch-mode': 'cors',
  'sec-fetch-dest': 'empty',
  referer: 'http://localhost:5173/',
  'accept-encoding': 'gzip, deflate, br, zstd',
  'accept-language': 'en-US,en;q=0.9'
}
Bearer eyJhbGciOiJIUzI1NiIsInR5cCI6IkpXVCJ9.eyJpZCI6IjZhNGZjZDBhMjgxYzBiOTVjMmFkODEyOCIsInJvbGUiOiJ1c2VyIiwiaWF0IjoxNzgzNjgyODg1LCJleHAiOjE3ODM2ODM3ODV9.4B_XFnEEJ4qQ_2DzUNCfrOOyPm7oQYXuDuvLsJEH7cI
{
  host: 'localhost:3000',
  connection: 'keep-alive',
  'sec-ch-ua-platform': '"Windows"',
  authorization: 'Bearer eyJhbGciOiJIUzI1NiIsInR5cCI6IkpXVCJ9.eyJpZCI6IjZhNGZjZDBhMjgxYzBiOTVjMmFkODEyOCIsInJvbGUiOiJ1c2VyIiwiaWF0IjoxNzgzNjgyODg1LCJleHAiOjE3ODM2ODM3ODV9.4B_XFnEEJ4qQ_2DzUNCfrOOyPm7oQYXuDuvLsJEH7cI',
  'user-agent': 'Mozilla/5.0 (Windows NT 10.0; Win64; x64) AppleWebKit/537.36 (KHTML, like Gecko) Chrome/149.0.0.0 Safari/537.36',
  'sec-ch-ua': '"Google Chrome";v="149", "Chromium";v="149", "Not)A;Brand";v="24"',
  'sec-ch-ua-mobile': '?0',
  accept: '*/*',
  origin: 'http://localhost:5173',
  'sec-fetch-site': 'same-site',
  'sec-fetch-mode': 'cors',
  'sec-fetch-dest': 'empty',
  referer: 'http://localhost:5173/',
  'accept-encoding': 'gzip, deflate, br, zstd',
  'accept-language': 'en-US,en;q=0.9',
  'if-none-match': 'W/"44b-rXdgOwlYe3NbBUzO2Lx5QKRocGU"'
}
Bearer eyJhbGciOiJIUzI1NiIsInR5cCI6IkpXVCJ9.eyJpZCI6IjZhNGZjZDBhMjgxYzBiOTVjMmFkODEyOCIsInJvbGUiOiJ1c2VyIiwiaWF0IjoxNzgzNjgyODg1LCJleHAiOjE3ODM2ODM3ODV9.4B_XFnEEJ4qQ_2DzUNCfrOOyPm7oQYXuDuvLsJEH7cI
{
  host: 'localhost:3000',
  connection: 'keep-alive',
  'sec-ch-ua-platform': '"Windows"',
  authorization: 'Bearer eyJhbGciOiJIUzI1NiIsInR5cCI6IkpXVCJ9.eyJpZCI6IjZhNGZjZDBhMjgxYzBiOTVjMmFkODEyOCIsInJvbGUiOiJ1c2VyIiwiaWF0IjoxNzgzNjgyODg1LCJleHAiOjE3ODM2ODM3ODV9.4B_XFnEEJ4qQ_2DzUNCfrOOyPm7oQYXuDuvLsJEH7cI',
  'user-agent': 'Mozilla/5.0 (Windows NT 10.0; Win64; x64) AppleWebKit/537.36 (KHTML, like Gecko) Chrome/149.0.0.0 Safari/537.36',
  'sec-ch-ua': '"Google Chrome";v="149", "Chromium";v="149", "Not)A;Brand";v="24"',
  'sec-ch-ua-mobile': '?0',
  accept: '*/*',
  origin: 'http://localhost:5173',
  'sec-fetch-site': 'same-site',
  'sec-fetch-mode': 'cors',
  'sec-fetch-dest': 'empty',
  referer: 'http://localhost:5173/',
  'accept-encoding': 'gzip, deflate, br, zstd',
  'accept-language': 'en-US,en;q=0.9',
  'if-none-match': 'W/"1999-r/qdJy0+dWnGlgzzWbu/JVB20pQ"'
}
Bearer eyJhbGciOiJIUzI1NiIsInR5cCI6IkpXVCJ9.eyJpZCI6IjZhNGZjZDBhMjgxYzBiOTVjMmFkODEyOCIsInJvbGUiOiJ1c2VyIiwiaWF0IjoxNzgzNjgyODg1LCJleHAiOjE3ODM2ODM3ODV9.4B_XFnEEJ4qQ_2DzUNCfrOOyPm7oQYXuDuvLsJEH7cI
{
  host: 'localhost:3000',
  connection: 'keep-alive',
  'sec-ch-ua-platform': '"Windows"',
  authorization: 'Bearer eyJhbGciOiJIUzI1NiIsInR5cCI6IkpXVCJ9.eyJpZCI6IjZhNGZkNTQ2NDQwMjVkMWU5YzlkODIzMSIsInJvbGUiOiJhZG1pbiIsImlhdCI6MTc4MzY4MzQ2NSwiZXhwIjoxNzgzNjg0MzY1fQ.tx6HnuonKDHVb-flA173G6olZr3PoY8jSWDJv25Yns4',
  'user-agent': 'Mozilla/5.0 (Windows NT 10.0; Win64; x64) AppleWebKit/537.36 (KHTML, like Gecko) Chrome/149.0.0.0 Safari/537.36',
  'sec-ch-ua': '"Google Chrome";v="149", "Chromium";v="149", "Not)A;Brand";v="24"',
  'sec-ch-ua-mobile': '?0',
  accept: '*/*',
  origin: 'http://localhost:5173',
  'sec-fetch-site': 'same-site',
  'sec-fetch-mode': 'cors',
  'sec-fetch-dest': 'empty',
  referer: 'http://localhost:5173/',
  'accept-encoding': 'gzip, deflate, br, zstd',
  'accept-language': 'en-US,en;q=0.9',
  'if-none-match': 'W/"d7-pm/uCZddPFId3ljW8STZlTHSKeE"'
}
Bearer eyJhbGciOiJIUzI1NiIsInR5cCI6IkpXVCJ9.eyJpZCI6IjZhNGZkNTQ2NDQwMjVkMWU5YzlkODIzMSIsInJvbGUiOiJhZG1pbiIsImlhdCI6MTc4MzY4MzQ2NSwiZXhwIjoxNzgzNjg0MzY1fQ.tx6HnuonKDHVb-flA173G6olZr3PoY8jSWDJv25Yns4
{
  host: 'localhost:3000',
  connection: 'keep-alive',
  'sec-ch-ua-platform': '"Windows"',
  authorization: 'Bearer eyJhbGciOiJIUzI1NiIsInR5cCI6IkpXVCJ9.eyJpZCI6IjZhNGZkNTQ2NDQwMjVkMWU5YzlkODIzMSIsInJvbGUiOiJhZG1pbiIsImlhdCI6MTc4MzY4MzQ2NSwiZXhwIjoxNzgzNjg0MzY1fQ.tx6HnuonKDHVb-flA173G6olZr3PoY8jSWDJv25Yns4',
  'user-agent': 'Mozilla/5.0 (Windows NT 10.0; Win64; x64) AppleWebKit/537.36 (KHTML, like Gecko) Chrome/149.0.0.0 Safari/537.36',
  'sec-ch-ua': '"Google Chrome";v="149", "Chromium";v="149", "Not)A;Brand";v="24"',
  'sec-ch-ua-mobile': '?0',
  accept: '*/*',
  origin: 'http://localhost:5173',
  'sec-fetch-site': 'same-site',
  'sec-fetch-mode': 'cors',
  'sec-fetch-dest': 'empty',
  referer: 'http://localhost:5173/',
  'accept-encoding': 'gzip, deflate, br, zstd',
  'accept-language': 'en-US,en;q=0.9',
  'if-none-match': 'W/"4a7-A0nodNaC3S47RiZoQLk2YAfhU9c"'
}
Bearer eyJhbGciOiJIUzI1NiIsInR5cCI6IkpXVCJ9.eyJpZCI6IjZhNGZkNTQ2NDQwMjVkMWU5YzlkODIzMSIsInJvbGUiOiJhZG1pbiIsImlhdCI6MTc4MzY4MzQ2NSwiZXhwIjoxNzgzNjg0MzY1fQ.tx6HnuonKDHVb-flA173G6olZr3PoY8jSWDJv25Yns4
{
  host: 'localhost:3000',
  connection: 'keep-alive',
  'sec-ch-ua-platform': '"Windows"',
  authorization: 'Bearer eyJhbGciOiJIUzI1NiIsInR5cCI6IkpXVCJ9.eyJpZCI6IjZhNGZkNTQ2NDQwMjVkMWU5YzlkODIzMSIsInJvbGUiOiJhZG1pbiIsImlhdCI6MTc4MzY4MzQ2NSwiZXhwIjoxNzgzNjg0MzY1fQ.tx6HnuonKDHVb-flA173G6olZr3PoY8jSWDJv25Yns4',
  'user-agent': 'Mozilla/5.0 (Windows NT 10.0; Win64; x64) AppleWebKit/537.36 (KHTML, like Gecko) Chrome/149.0.0.0 Safari/537.36',
  'sec-ch-ua': '"Google Chrome";v="149", "Chromium";v="149", "Not)A;Brand";v="24"',
  'sec-ch-ua-mobile': '?0',
  accept: '*/*',
  origin: 'http://localhost:5173',
  'sec-fetch-site': 'same-site',
  'sec-fetch-mode': 'cors',
  'sec-fetch-dest': 'empty',
  referer: 'http://localhost:5173/',
  'accept-encoding': 'gzip, deflate, br, zstd',
  'accept-language': 'en-US,en;q=0.9',
  'if-none-match': 'W/"160f-YZuE7/5uKLzGMuDCzmkHpQRogEE"'
}
Bearer eyJhbGciOiJIUzI1NiIsInR5cCI6IkpXVCJ9.eyJpZCI6IjZhNGZkNTQ2NDQwMjVkMWU5YzlkODIzMSIsInJvbGUiOiJhZG1pbiIsImlhdCI6MTc4MzY4MzQ2NSwiZXhwIjoxNzgzNjg0MzY1fQ.tx6HnuonKDHVb-flA173G6olZr3PoY8jSWDJv25Yns4
admin
admin
{
  host: 'localhost:3000',
  connection: 'keep-alive',
  'sec-ch-ua-platform': '"Windows"',
  authorization: 'Bearer eyJhbGciOiJIUzI1NiIsInR5cCI6IkpXVCJ9.eyJpZCI6IjZhNGZkNTQ2NDQwMjVkMWU5YzlkODIzMSIsInJvbGUiOiJhZG1pbiIsImlhdCI6MTc4MzY4MzQ2NSwiZXhwIjoxNzgzNjg0MzY1fQ.tx6HnuonKDHVb-flA173G6olZr3PoY8jSWDJv25Yns4',
  'user-agent': 'Mozilla/5.0 (Windows NT 10.0; Win64; x64) AppleWebKit/537.36 (KHTML, like Gecko) Chrome/149.0.0.0 Safari/537.36',
  'sec-ch-ua': '"Google Chrome";v="149", "Chromium";v="149", "Not)A;Brand";v="24"',
  'sec-ch-ua-mobile': '?0',
  accept: '*/*',
  origin: 'http://localhost:5173',
  'sec-fetch-site': 'same-site',
  'sec-fetch-mode': 'cors',
  'sec-fetch-dest': 'empty',
  referer: 'http://localhost:5173/',
  'accept-encoding': 'gzip, deflate, br, zstd',
  'accept-language': 'en-US,en;q=0.9',
  'if-none-match': 'W/"1a65-DQNsbnmmq1M76NoAPdJ23eBIWjI"'
}
Bearer eyJhbGciOiJIUzI1NiIsInR5cCI6IkpXVCJ9.eyJpZCI6IjZhNGZkNTQ2NDQwMjVkMWU5YzlkODIzMSIsInJvbGUiOiJhZG1pbiIsImlhdCI6MTc4MzY4MzQ2NSwiZXhwIjoxNzgzNjg0MzY1fQ.tx6HnuonKDHVb-flA173G6olZr3PoY8jSWDJv25Yns4
[32m[nodemon] restarting due to changes...[39m
[32m[nodemon] restarting due to changes...[39m
[32m[nodemon] restarting due to changes...[39m
[32m[nodemon] restarting due to changes...[39m
[32m[nodemon] restarting due to changes...[39m
[32m[nodemon] starting `node src/index.js`[39m
◇ injected env (16) from .env // tip: ⌘ custom filepath { path: '/custom/path/.env' }
◇ injected env (0) from .env // tip: ⌘ override existing { override: true }
✅ Supabase client created
◇ injected env (0) from .env // tip: ⌘ enable debugging { debug: true }
◇ injected env (0) from .env // tip: ⌘ enable debugging { debug: true }
◇ injected env (0) from .env // tip: ⌘ enable debugging { debug: true }
◇ injected env (0) from .env // tip: ⌘ custom filepath { path: '/custom/path/.env' }
◇ injected env (0) from .env // tip: ⌘ override existing { override: true }
✅ MongoDB Connected
Server is running on port 3000
[32m[nodemon] restarting due to changes...[39m
[32m[nodemon] starting `node src/index.js`[39m
◇ injected env (16) from .env // tip: ⌘ suppress logs { quiet: true }
◇ injected env (0) from .env // tip: ⌘ override existing { override: true }
✅ Supabase client created
◇ injected env (0) from .env // tip: ⌘ enable debugging { debug: true }
◇ injected env (0) from .env // tip: ⌘ enable debugging { debug: true }
◇ injected env (0) from .env // tip: ⌘ multiple files { path: ['.env.local', '.env'] }
◇ injected env (0) from .env // tip: ⌘ override existing { override: true }
◇ injected env (0) from .env // tip: ⌁ auth for agents [www.vestauth.com]
✅ MongoDB Connected
Server is running on port 3000
{
  host: 'localhost:3000',
  connection: 'keep-alive',
  'sec-ch-ua-platform': '"Windows"',
  authorization: 'Bearer eyJhbGciOiJIUzI1NiIsInR5cCI6IkpXVCJ9.eyJpZCI6IjZhNGZkNTQ2NDQwMjVkMWU5YzlkODIzMSIsInJvbGUiOiJhZG1pbiIsImlhdCI6MTc4MzY4MzQ2NSwiZXhwIjoxNzgzNjg0MzY1fQ.tx6HnuonKDHVb-flA173G6olZr3PoY8jSWDJv25Yns4',
  'user-agent': 'Mozilla/5.0 (Windows NT 10.0; Win64; x64) AppleWebKit/537.36 (KHTML, like Gecko) Chrome/149.0.0.0 Safari/537.36',
  'sec-ch-ua': '"Google Chrome";v="149", "Chromium";v="149", "Not)A;Brand";v="24"',
  'sec-ch-ua-mobile': '?0',
  accept: '*/*',
  origin: 'http://localhost:5173',
  'sec-fetch-site': 'same-site',
  'sec-fetch-mode': 'cors',
  'sec-fetch-dest': 'empty',
  referer: 'http://localhost:5173/',
  'accept-encoding': 'gzip, deflate, br, zstd',
  'accept-language': 'en-US,en;q=0.9',
  'if-none-match': 'W/"1a65-DQNsbnmmq1M76NoAPdJ23eBIWjI"'
}
Bearer eyJhbGciOiJIUzI1NiIsInR5cCI6IkpXVCJ9.eyJpZCI6IjZhNGZkNTQ2NDQwMjVkMWU5YzlkODIzMSIsInJvbGUiOiJhZG1pbiIsImlhdCI6MTc4MzY4MzQ2NSwiZXhwIjoxNzgzNjg0MzY1fQ.tx6HnuonKDHVb-flA173G6olZr3PoY8jSWDJv25Yns4
admin
{
  host: 'localhost:3000',
  connection: 'keep-alive',
  'sec-ch-ua-platform': '"Windows"',
  authorization: 'Bearer eyJhbGciOiJIUzI1NiIsInR5cCI6IkpXVCJ9.eyJpZCI6IjZhNGZkNTQ2NDQwMjVkMWU5YzlkODIzMSIsInJvbGUiOiJhZG1pbiIsImlhdCI6MTc4MzY4MzQ2NSwiZXhwIjoxNzgzNjg0MzY1fQ.tx6HnuonKDHVb-flA173G6olZr3PoY8jSWDJv25Yns4',
  'user-agent': 'Mozilla/5.0 (Windows NT 10.0; Win64; x64) AppleWebKit/537.36 (KHTML, like Gecko) Chrome/149.0.0.0 Safari/537.36',
  'sec-ch-ua': '"Google Chrome";v="149", "Chromium";v="149", "Not)A;Brand";v="24"',
  'sec-ch-ua-mobile': '?0',
  accept: '*/*',
  origin: 'http://localhost:5173',
  'sec-fetch-site': 'same-site',
  'sec-fetch-mode': 'cors',
  'sec-fetch-dest': 'empty',
  referer: 'http://localhost:5173/',
  'accept-encoding': 'gzip, deflate, br, zstd',
  'accept-language': 'en-US,en;q=0.9',
  'if-none-match': 'W/"582-167cZZkz5CTvtvhrqRbJBAZRFk0"'
}
Bearer eyJhbGciOiJIUzI1NiIsInR5cCI6IkpXVCJ9.eyJpZCI6IjZhNGZkNTQ2NDQwMjVkMWU5YzlkODIzMSIsInJvbGUiOiJhZG1pbiIsImlhdCI6MTc4MzY4MzQ2NSwiZXhwIjoxNzgzNjg0MzY1fQ.tx6HnuonKDHVb-flA173G6olZr3PoY8jSWDJv25Yns4
{
  host: 'localhost:3000',
  connection: 'keep-alive',
  'sec-ch-ua-platform': '"Windows"',
  authorization: 'Bearer eyJhbGciOiJIUzI1NiIsInR5cCI6IkpXVCJ9.eyJpZCI6IjZhNGZkNTQ2NDQwMjVkMWU5YzlkODIzMSIsInJvbGUiOiJhZG1pbiIsImlhdCI6MTc4MzY4MzQ2NSwiZXhwIjoxNzgzNjg0MzY1fQ.tx6HnuonKDHVb-flA173G6olZr3PoY8jSWDJv25Yns4',
  'user-agent': 'Mozilla/5.0 (Windows NT 10.0; Win64; x64) AppleWebKit/537.36 (KHTML, like Gecko) Chrome/149.0.0.0 Safari/537.36',
  'sec-ch-ua': '"Google Chrome";v="149", "Chromium";v="149", "Not)A;Brand";v="24"',
  'sec-ch-ua-mobile': '?0',
  accept: '*/*',
  origin: 'http://localhost:5173',
  'sec-fetch-site': 'same-site',
  'sec-fetch-mode': 'cors',
  'sec-fetch-dest': 'empty',
  referer: 'http://localhost:5173/',
  'accept-encoding': 'gzip, deflate, br, zstd',
  'accept-language': 'en-US,en;q=0.9',
  'if-none-match': 'W/"864-fMSqO9FFtoCXHFg0QRrRq6qnGSg"'
}
Bearer eyJhbGciOiJIUzI1NiIsInR5cCI6IkpXVCJ9.eyJpZCI6IjZhNGZkNTQ2NDQwMjVkMWU5YzlkODIzMSIsInJvbGUiOiJhZG1pbiIsImlhdCI6MTc4MzY4MzQ2NSwiZXhwIjoxNzgzNjg0MzY1fQ.tx6HnuonKDHVb-flA173G6olZr3PoY8jSWDJv25Yns4
{
  host: 'localhost:3000',
  connection: 'keep-alive',
  'sec-ch-ua-platform': '"Windows"',
  authorization: 'Bearer eyJhbGciOiJIUzI1NiIsInR5cCI6IkpXVCJ9.eyJpZCI6IjZhNGZkNTQ2NDQwMjVkMWU5YzlkODIzMSIsInJvbGUiOiJhZG1pbiIsImlhdCI6MTc4MzY4MzQ2NSwiZXhwIjoxNzgzNjg0MzY1fQ.tx6HnuonKDHVb-flA173G6olZr3PoY8jSWDJv25Yns4',
  'user-agent': 'Mozilla/5.0 (Windows NT 10.0; Win64; x64) AppleWebKit/537.36 (KHTML, like Gecko) Chrome/149.0.0.0 Safari/537.36',
  'sec-ch-ua': '"Google Chrome";v="149", "Chromium";v="149", "Not)A;Brand";v="24"',
  'sec-ch-ua-mobile': '?0',
  accept: '*/*',
  origin: 'http://localhost:5173',
  'sec-fetch-site': 'same-site',
  'sec-fetch-mode': 'cors',
  'sec-fetch-dest': 'empty',
  referer: 'http://localhost:5173/',
  'accept-encoding': 'gzip, deflate, br, zstd',
  'accept-language': 'en-US,en;q=0.9',
  'if-none-match': 'W/"1a65-DQNsbnmmq1M76NoAPdJ23eBIWjI"'
}
Bearer eyJhbGciOiJIUzI1NiIsInR5cCI6IkpXVCJ9.eyJpZCI6IjZhNGZkNTQ2NDQwMjVkMWU5YzlkODIzMSIsInJvbGUiOiJhZG1pbiIsImlhdCI6MTc4MzY4MzQ2NSwiZXhwIjoxNzgzNjg0MzY1fQ.tx6HnuonKDHVb-flA173G6olZr3PoY8jSWDJv25Yns4
{
  host: 'localhost:3000',
  connection: 'keep-alive',
  'sec-ch-ua-platform': '"Windows"',
  authorization: 'Bearer eyJhbGciOiJIUzI1NiIsInR5cCI6IkpXVCJ9.eyJpZCI6IjZhNGZkNTQ2NDQwMjVkMWU5YzlkODIzMSIsInJvbGUiOiJhZG1pbiIsImlhdCI6MTc4MzY4MzQ2NSwiZXhwIjoxNzgzNjg0MzY1fQ.tx6HnuonKDHVb-flA173G6olZr3PoY8jSWDJv25Yns4',
  'user-agent': 'Mozilla/5.0 (Windows NT 10.0; Win64; x64) AppleWebKit/537.36 (KHTML, like Gecko) Chrome/149.0.0.0 Safari/537.36',
  'sec-ch-ua': '"Google Chrome";v="149", "Chromium";v="149", "Not)A;Brand";v="24"',
  'sec-ch-ua-mobile': '?0',
  accept: '*/*',
  origin: 'http://localhost:5173',
  'sec-fetch-site': 'same-site',
  'sec-fetch-mode': 'cors',
  'sec-fetch-dest': 'empty',
  referer: 'http://localhost:5173/',
  'accept-encoding': 'gzip, deflate, br, zstd',
  'accept-language': 'en-US,en;q=0.9',
  'if-none-match': 'W/"582-167cZZkz5CTvtvhrqRbJBAZRFk0"'
}
Bearer eyJhbGciOiJIUzI1NiIsInR5cCI6IkpXVCJ9.eyJpZCI6IjZhNGZkNTQ2NDQwMjVkMWU5YzlkODIzMSIsInJvbGUiOiJhZG1pbiIsImlhdCI6MTc4MzY4MzQ2NSwiZXhwIjoxNzgzNjg0MzY1fQ.tx6HnuonKDHVb-flA173G6olZr3PoY8jSWDJv25Yns4
{
  host: 'localhost:3000',
  connection: 'keep-alive',
  'sec-ch-ua-platform': '"Windows"',
  authorization: 'Bearer eyJhbGciOiJIUzI1NiIsInR5cCI6IkpXVCJ9.eyJpZCI6IjZhNGZkNTQ2NDQwMjVkMWU5YzlkODIzMSIsInJvbGUiOiJhZG1pbiIsImlhdCI6MTc4MzY4MzQ2NSwiZXhwIjoxNzgzNjg0MzY1fQ.tx6HnuonKDHVb-flA173G6olZr3PoY8jSWDJv25Yns4',
  'user-agent': 'Mozilla/5.0 (Windows NT 10.0; Win64; x64) AppleWebKit/537.36 (KHTML, like Gecko) Chrome/149.0.0.0 Safari/537.36',
  'sec-ch-ua': '"Google Chrome";v="149", "Chromium";v="149", "Not)A;Brand";v="24"',
  'sec-ch-ua-mobile': '?0',
  accept: '*/*',
  origin: 'http://localhost:5173',
  'sec-fetch-site': 'same-site',
  'sec-fetch-mode': 'cors',
  'sec-fetch-dest': 'empty',
  referer: 'http://localhost:5173/',
  'accept-encoding': 'gzip, deflate, br, zstd',
  'accept-language': 'en-US,en;q=0.9',
  'if-none-match': 'W/"864-fMSqO9FFtoCXHFg0QRrRq6qnGSg"'
}
Bearer eyJhbGciOiJIUzI1NiIsInR5cCI6IkpXVCJ9.eyJpZCI6IjZhNGZkNTQ2NDQwMjVkMWU5YzlkODIzMSIsInJvbGUiOiJhZG1pbiIsImlhdCI6MTc4MzY4MzQ2NSwiZXhwIjoxNzgzNjg0MzY1fQ.tx6HnuonKDHVb-flA173G6olZr3PoY8jSWDJv25Yns4
admin
{
  host: 'localhost:3000',
  connection: 'keep-alive',
  'sec-ch-ua-platform': '"Windows"',
  authorization: 'Bearer eyJhbGciOiJIUzI1NiIsInR5cCI6IkpXVCJ9.eyJpZCI6IjZhNGZjZDBhMjgxYzBiOTVjMmFkODEyOCIsInJvbGUiOiJ1c2VyIiwiaWF0IjoxNzgzNjgzNzc1LCJleHAiOjE3ODM2ODQ2NzV9.IUkcPh9uU_I7F8cR8PaHzTfYgSr-5BXUrU4pmawvsVw',
  'user-agent': 'Mozilla/5.0 (Windows NT 10.0; Win64; x64) AppleWebKit/537.36 (KHTML, like Gecko) Chrome/149.0.0.0 Safari/537.36',
  'sec-ch-ua': '"Google Chrome";v="149", "Chromium";v="149", "Not)A;Brand";v="24"',
  'sec-ch-ua-mobile': '?0',
  accept: '*/*',
  origin: 'http://localhost:5173',
  'sec-fetch-site': 'same-site',
  'sec-fetch-mode': 'cors',
  'sec-fetch-dest': 'empty',
  referer: 'http://localhost:5173/',
  'accept-encoding': 'gzip, deflate, br, zstd',
  'accept-language': 'en-US,en;q=0.9',
  'if-none-match': 'W/"864-fMSqO9FFtoCXHFg0QRrRq6qnGSg"'
}
Bearer eyJhbGciOiJIUzI1NiIsInR5cCI6IkpXVCJ9.eyJpZCI6IjZhNGZjZDBhMjgxYzBiOTVjMmFkODEyOCIsInJvbGUiOiJ1c2VyIiwiaWF0IjoxNzgzNjgzNzc1LCJleHAiOjE3ODM2ODQ2NzV9.IUkcPh9uU_I7F8cR8PaHzTfYgSr-5BXUrU4pmawvsVw
{
  host: 'localhost:3000',
  connection: 'keep-alive',
  'sec-ch-ua-platform': '"Windows"',
  authorization: 'Bearer eyJhbGciOiJIUzI1NiIsInR5cCI6IkpXVCJ9.eyJpZCI6IjZhNGZjZDBhMjgxYzBiOTVjMmFkODEyOCIsInJvbGUiOiJ1c2VyIiwiaWF0IjoxNzgzNjgzNzc1LCJleHAiOjE3ODM2ODQ2NzV9.IUkcPh9uU_I7F8cR8PaHzTfYgSr-5BXUrU4pmawvsVw',
  'user-agent': 'Mozilla/5.0 (Windows NT 10.0; Win64; x64) AppleWebKit/537.36 (KHTML, like Gecko) Chrome/149.0.0.0 Safari/537.36',
  'sec-ch-ua': '"Google Chrome";v="149", "Chromium";v="149", "Not)A;Brand";v="24"',
  'sec-ch-ua-mobile': '?0',
  accept: '*/*',
  origin: 'http://localhost:5173',
  'sec-fetch-site': 'same-site',
  'sec-fetch-mode': 'cors',
  'sec-fetch-dest': 'empty',
  referer: 'http://localhost:5173/',
  'accept-encoding': 'gzip, deflate, br, zstd',
  'accept-language': 'en-US,en;q=0.9',
  'if-none-match': 'W/"582-167cZZkz5CTvtvhrqRbJBAZRFk0"'
}
Bearer eyJhbGciOiJIUzI1NiIsInR5cCI6IkpXVCJ9.eyJpZCI6IjZhNGZjZDBhMjgxYzBiOTVjMmFkODEyOCIsInJvbGUiOiJ1c2VyIiwiaWF0IjoxNzgzNjgzNzc1LCJleHAiOjE3ODM2ODQ2NzV9.IUkcPh9uU_I7F8cR8PaHzTfYgSr-5BXUrU4pmawvsVw
{
  host: 'localhost:3000',
  connection: 'keep-alive',
  'sec-ch-ua-platform': '"Windows"',
  authorization: 'Bearer eyJhbGciOiJIUzI1NiIsInR5cCI6IkpXVCJ9.eyJpZCI6IjZhNGZjZDBhMjgxYzBiOTVjMmFkODEyOCIsInJvbGUiOiJ1c2VyIiwiaWF0IjoxNzgzNjgzNzc1LCJleHAiOjE3ODM2ODQ2NzV9.IUkcPh9uU_I7F8cR8PaHzTfYgSr-5BXUrU4pmawvsVw',
  'user-agent': 'Mozilla/5.0 (Windows NT 10.0; Win64; x64) AppleWebKit/537.36 (KHTML, like Gecko) Chrome/149.0.0.0 Safari/537.36',
  'sec-ch-ua': '"Google Chrome";v="149", "Chromium";v="149", "Not)A;Brand";v="24"',
  'sec-ch-ua-mobile': '?0',
  accept: '*/*',
  origin: 'http://localhost:5173',
  'sec-fetch-site': 'same-site',
  'sec-fetch-mode': 'cors',
  'sec-fetch-dest': 'empty',
  referer: 'http://localhost:5173/',
  'accept-encoding': 'gzip, deflate, br, zstd',
  'accept-language': 'en-US,en;q=0.9'
}
Bearer eyJhbGciOiJIUzI1NiIsInR5cCI6IkpXVCJ9.eyJpZCI6IjZhNGZjZDBhMjgxYzBiOTVjMmFkODEyOCIsInJvbGUiOiJ1c2VyIiwiaWF0IjoxNzgzNjgzNzc1LCJleHAiOjE3ODM2ODQ2NzV9.IUkcPh9uU_I7F8cR8PaHzTfYgSr-5BXUrU4pmawvsVw
{
  host: 'localhost:3000',
  connection: 'keep-alive',
  'sec-ch-ua-platform': '"Windows"',
  authorization: 'Bearer eyJhbGciOiJIUzI1NiIsInR5cCI6IkpXVCJ9.eyJpZCI6IjZhNGZjZDBhMjgxYzBiOTVjMmFkODEyOCIsInJvbGUiOiJ1c2VyIiwiaWF0IjoxNzgzNjgzNzc1LCJleHAiOjE3ODM2ODQ2NzV9.IUkcPh9uU_I7F8cR8PaHzTfYgSr-5BXUrU4pmawvsVw',
  'user-agent': 'Mozilla/5.0 (Windows NT 10.0; Win64; x64) AppleWebKit/537.36 (KHTML, like Gecko) Chrome/149.0.0.0 Safari/537.36',
  'sec-ch-ua': '"Google Chrome";v="149", "Chromium";v="149", "Not)A;Brand";v="24"',
  'sec-ch-ua-mobile': '?0',
  accept: '*/*',
  origin: 'http://localhost:5173',
  'sec-fetch-site': 'same-site',
  'sec-fetch-mode': 'cors',
  'sec-fetch-dest': 'empty',
  referer: 'http://localhost:5173/',
  'accept-encoding': 'gzip, deflate, br, zstd',
  'accept-language': 'en-US,en;q=0.9',
  'if-none-match': 'W/"6b-k7zZEnu7xeiGOvUBvO2NLPXXA3c"'
}
Bearer eyJhbGciOiJIUzI1NiIsInR5cCI6IkpXVCJ9.eyJpZCI6IjZhNGZjZDBhMjgxYzBiOTVjMmFkODEyOCIsInJvbGUiOiJ1c2VyIiwiaWF0IjoxNzgzNjgzNzc1LCJleHAiOjE3ODM2ODQ2NzV9.IUkcPh9uU_I7F8cR8PaHzTfYgSr-5BXUrU4pmawvsVw
{
  host: 'localhost:3000',
  connection: 'keep-alive',
  'sec-ch-ua-platform': '"Windows"',
  authorization: 'Bearer eyJhbGciOiJIUzI1NiIsInR5cCI6IkpXVCJ9.eyJpZCI6IjZhNGZjZDBhMjgxYzBiOTVjMmFkODEyOCIsInJvbGUiOiJ1c2VyIiwiaWF0IjoxNzgzNjgzNzc1LCJleHAiOjE3ODM2ODQ2NzV9.IUkcPh9uU_I7F8cR8PaHzTfYgSr-5BXUrU4pmawvsVw',
  'user-agent': 'Mozilla/5.0 (Windows NT 10.0; Win64; x64) AppleWebKit/537.36 (KHTML, like Gecko) Chrome/149.0.0.0 Safari/537.36',
  'sec-ch-ua': '"Google Chrome";v="149", "Chromium";v="149", "Not)A;Brand";v="24"',
  'sec-ch-ua-mobile': '?0',
  accept: '*/*',
  origin: 'http://localhost:5173',
  'sec-fetch-site': 'same-site',
  'sec-fetch-mode': 'cors',
  'sec-fetch-dest': 'empty',
  referer: 'http://localhost:5173/',
  'accept-encoding': 'gzip, deflate, br, zstd',
  'accept-language': 'en-US,en;q=0.9'
}
Bearer eyJhbGciOiJIUzI1NiIsInR5cCI6IkpXVCJ9.eyJpZCI6IjZhNGZjZDBhMjgxYzBiOTVjMmFkODEyOCIsInJvbGUiOiJ1c2VyIiwiaWF0IjoxNzgzNjgzNzc1LCJleHAiOjE3ODM2ODQ2NzV9.IUkcPh9uU_I7F8cR8PaHzTfYgSr-5BXUrU4pmawvsVw
{
  host: 'localhost:3000',
  connection: 'keep-alive',
  'sec-ch-ua-platform': '"Windows"',
  authorization: 'Bearer eyJhbGciOiJIUzI1NiIsInR5cCI6IkpXVCJ9.eyJpZCI6IjZhNGZjZDBhMjgxYzBiOTVjMmFkODEyOCIsInJvbGUiOiJ1c2VyIiwiaWF0IjoxNzgzNjgzNzc1LCJleHAiOjE3ODM2ODQ2NzV9.IUkcPh9uU_I7F8cR8PaHzTfYgSr-5BXUrU4pmawvsVw',
  'user-agent': 'Mozilla/5.0 (Windows NT 10.0; Win64; x64) AppleWebKit/537.36 (KHTML, like Gecko) Chrome/149.0.0.0 Safari/537.36',
  'sec-ch-ua': '"Google Chrome";v="149", "Chromium";v="149", "Not)A;Brand";v="24"',
  'sec-ch-ua-mobile': '?0',
  accept: '*/*',
  origin: 'http://localhost:5173',
  'sec-fetch-site': 'same-site',
  'sec-fetch-mode': 'cors',
  'sec-fetch-dest': 'empty',
  referer: 'http://localhost:5173/',
  'accept-encoding': 'gzip, deflate, br, zstd',
  'accept-language': 'en-US,en;q=0.9',
  'if-none-match': 'W/"6b-k7zZEnu7xeiGOvUBvO2NLPXXA3c"'
}
Bearer eyJhbGciOiJIUzI1NiIsInR5cCI6IkpXVCJ9.eyJpZCI6IjZhNGZjZDBhMjgxYzBiOTVjMmFkODEyOCIsInJvbGUiOiJ1c2VyIiwiaWF0IjoxNzgzNjgzNzc1LCJleHAiOjE3ODM2ODQ2NzV9.IUkcPh9uU_I7F8cR8PaHzTfYgSr-5BXUrU4pmawvsVw
{
  host: 'localhost:3000',
  connection: 'keep-alive',
  'sec-ch-ua-platform': '"Windows"',
  authorization: 'Bearer eyJhbGciOiJIUzI1NiIsInR5cCI6IkpXVCJ9.eyJpZCI6IjZhNGZjZDBhMjgxYzBiOTVjMmFkODEyOCIsInJvbGUiOiJ1c2VyIiwiaWF0IjoxNzgzNjgzNzc1LCJleHAiOjE3ODM2ODQ2NzV9.IUkcPh9uU_I7F8cR8PaHzTfYgSr-5BXUrU4pmawvsVw',
  'user-agent': 'Mozilla/5.0 (Windows NT 10.0; Win64; x64) AppleWebKit/537.36 (KHTML, like Gecko) Chrome/149.0.0.0 Safari/537.36',
  'sec-ch-ua': '"Google Chrome";v="149", "Chromium";v="149", "Not)A;Brand";v="24"',
  'sec-ch-ua-mobile': '?0',
  accept: '*/*',
  origin: 'http://localhost:5173',
  'sec-fetch-site': 'same-site',
  'sec-fetch-mode': 'cors',
  'sec-fetch-dest': 'empty',
  referer: 'http://localhost:5173/',
  'accept-encoding': 'gzip, deflate, br, zstd',
  'accept-language': 'en-US,en;q=0.9',
  'if-none-match': 'W/"6b-k7zZEnu7xeiGOvUBvO2NLPXXA3c"'
}
Bearer eyJhbGciOiJIUzI1NiIsInR5cCI6IkpXVCJ9.eyJpZCI6IjZhNGZjZDBhMjgxYzBiOTVjMmFkODEyOCIsInJvbGUiOiJ1c2VyIiwiaWF0IjoxNzgzNjgzNzc1LCJleHAiOjE3ODM2ODQ2NzV9.IUkcPh9uU_I7F8cR8PaHzTfYgSr-5BXUrU4pmawvsVw
{
  host: 'localhost:3000',
  connection: 'keep-alive',
  'sec-ch-ua-platform': '"Windows"',
  authorization: 'Bearer eyJhbGciOiJIUzI1NiIsInR5cCI6IkpXVCJ9.eyJpZCI6IjZhNGZjZDBhMjgxYzBiOTVjMmFkODEyOCIsInJvbGUiOiJ1c2VyIiwiaWF0IjoxNzgzNjgzNzc1LCJleHAiOjE3ODM2ODQ2NzV9.IUkcPh9uU_I7F8cR8PaHzTfYgSr-5BXUrU4pmawvsVw',
  'user-agent': 'Mozilla/5.0 (Windows NT 10.0; Win64; x64) AppleWebKit/537.36 (KHTML, like Gecko) Chrome/149.0.0.0 Safari/537.36',
  'sec-ch-ua': '"Google Chrome";v="149", "Chromium";v="149", "Not)A;Brand";v="24"',
  'sec-ch-ua-mobile': '?0',
  accept: '*/*',
  origin: 'http://localhost:5173',
  'sec-fetch-site': 'same-site',
  'sec-fetch-mode': 'cors',
  'sec-fetch-dest': 'empty',
  referer: 'http://localhost:5173/',
  'accept-encoding': 'gzip, deflate, br, zstd',
  'accept-language': 'en-US,en;q=0.9',
  'if-none-match': 'W/"6b-k7zZEnu7xeiGOvUBvO2NLPXXA3c"'
}
Bearer eyJhbGciOiJIUzI1NiIsInR5cCI6IkpXVCJ9.eyJpZCI6IjZhNGZjZDBhMjgxYzBiOTVjMmFkODEyOCIsInJvbGUiOiJ1c2VyIiwiaWF0IjoxNzgzNjgzNzc1LCJleHAiOjE3ODM2ODQ2NzV9.IUkcPh9uU_I7F8cR8PaHzTfYgSr-5BXUrU4pmawvsVw
[32m[nodemon] restarting due to changes...[39m
[32m[nodemon] starting `node src/index.js`[39m
◇ injected env (16) from .env // tip: ⌘ enable debugging { debug: true }
◇ injected env (0) from .env // tip: ⌘ custom filepath { path: '/custom/path/.env' }
✅ Supabase client created
◇ injected env (0) from .env // tip: ⌘ multiple files { path: ['.env.local', '.env'] }
◇ injected env (0) from .env // tip: ⌘ custom filepath { path: '/custom/path/.env' }
◇ injected env (0) from .env // tip: ⌁ auth for agents [www.vestauth.com]
◇ injected env (0) from .env // tip: ⌘ multiple files { path: ['.env.local', '.env'] }
◇ injected env (0) from .env // tip: ⌘ override existing { override: true }
✅ MongoDB Connected
Server is running on port 3000
[32m[nodemon] restarting due to changes...[39m
[32m[nodemon] starting `node src/index.js`[39m
◇ injected env (16) from .env // tip: ⌘ enable debugging { debug: true }
◇ injected env (0) from .env // tip: ⌘ custom filepath { path: '/custom/path/.env' }
✅ Supabase client created
◇ injected env (0) from .env // tip: ⌘ multiple files { path: ['.env.local', '.env'] }
◇ injected env (0) from .env // tip: ⌘ enable debugging { debug: true }
◇ injected env (0) from .env // tip: ⌘ multiple files { path: ['.env.local', '.env'] }
◇ injected env (0) from .env // tip: ◈ encrypted .env [www.dotenvx.com]
◇ injected env (0) from .env // tip: ◈ encrypted .env [www.dotenvx.com]
✅ MongoDB Connected
Server is running on port 3000
{
  host: 'localhost:3000',
  connection: 'keep-alive',
  'content-type': 'application/json',
  authorization: 'Bearer eyJhbGciOiJIUzI1NiIsInR5cCI6IkpXVCJ9.eyJpZCI6IjZhNTBkYjZmYWYyZjQ3OTg0M2E1Yjk0ZSIsInJvbGUiOiJ1c2VyIiwiaWF0IjoxNzgzNjgzOTUxLCJleHAiOjE3ODM2ODQ1NTF9.Kq99eewxsXa-6Y6-PcrR5ETBQGMPLy5ZYXkNckPQbVE',
  accept: '*/*',
  'accept-language': '*',
  'sec-fetch-mode': 'cors',
  'user-agent': 'node',
  'accept-encoding': 'gzip, deflate',
  'content-length': '66'
}
Bearer eyJhbGciOiJIUzI1NiIsInR5cCI6IkpXVCJ9.eyJpZCI6IjZhNTBkYjZmYWYyZjQ3OTg0M2E1Yjk0ZSIsInJvbGUiOiJ1c2VyIiwiaWF0IjoxNzgzNjgzOTUxLCJleHAiOjE3ODM2ODQ1NTF9.Kq99eewxsXa-6Y6-PcrR5ETBQGMPLy5ZYXkNckPQbVE
{
  host: 'localhost:3000',
  connection: 'keep-alive',
  'content-type': 'application/json',
  authorization: 'Bearer eyJhbGciOiJIUzI1NiIsInR5cCI6IkpXVCJ9.eyJpZCI6IjZhNTBkYjZmYWYyZjQ3OTg0M2E1Yjk0ZiIsInJvbGUiOiJ1c2VyIiwiaWF0IjoxNzgzNjgzOTUxLCJleHAiOjE3ODM2ODQ1NTF9.14ZtWtkg4qNtHf6mg7wCzBHlYcm7alK2el77mFqGXF4',
  accept: '*/*',
  'accept-language': '*',
  'sec-fetch-mode': 'cors',
  'user-agent': 'node',
  'accept-encoding': 'gzip, deflate',
  'content-length': '61'
}
Bearer eyJhbGciOiJIUzI1NiIsInR5cCI6IkpXVCJ9.eyJpZCI6IjZhNTBkYjZmYWYyZjQ3OTg0M2E1Yjk0ZiIsInJvbGUiOiJ1c2VyIiwiaWF0IjoxNzgzNjgzOTUxLCJleHAiOjE3ODM2ODQ1NTF9.14ZtWtkg4qNtHf6mg7wCzBHlYcm7alK2el77mFqGXF4
{
  host: 'localhost:3000',
  connection: 'keep-alive',
  authorization: 'Bearer eyJhbGciOiJIUzI1NiIsInR5cCI6IkpXVCJ9.eyJpZCI6IjZhNTBkYjZmYWYyZjQ3OTg0M2E1Yjk0ZiIsInJvbGUiOiJ1c2VyIiwiaWF0IjoxNzgzNjgzOTUxLCJleHAiOjE3ODM2ODQ1NTF9.14ZtWtkg4qNtHf6mg7wCzBHlYcm7alK2el77mFqGXF4',
  accept: '*/*',
  'accept-language': '*',
  'sec-fetch-mode': 'cors',
  'user-agent': 'node',
  'accept-encoding': 'gzip, deflate'
}
Bearer eyJhbGciOiJIUzI1NiIsInR5cCI6IkpXVCJ9.eyJpZCI6IjZhNTBkYjZmYWYyZjQ3OTg0M2E1Yjk0ZiIsInJvbGUiOiJ1c2VyIiwiaWF0IjoxNzgzNjgzOTUxLCJleHAiOjE3ODM2ODQ1NTF9.14ZtWtkg4qNtHf6mg7wCzBHlYcm7alK2el77mFqGXF4
{
  host: 'localhost:3000',
  connection: 'keep-alive',
  'sec-ch-ua-platform': '"Windows"',
  authorization: 'Bearer eyJhbGciOiJIUzI1NiIsInR5cCI6IkpXVCJ9.eyJpZCI6IjZhNGZjZDBhMjgxYzBiOTVjMmFkODEyOCIsInJvbGUiOiJ1c2VyIiwiaWF0IjoxNzgzNjgzNzc1LCJleHAiOjE3ODM2ODQ2NzV9.IUkcPh9uU_I7F8cR8PaHzTfYgSr-5BXUrU4pmawvsVw',
  'user-agent': 'Mozilla/5.0 (Windows NT 10.0; Win64; x64) AppleWebKit/537.36 (KHTML, like Gecko) Chrome/149.0.0.0 Safari/537.36',
  'sec-ch-ua': '"Google Chrome";v="149", "Chromium";v="149", "Not)A;Brand";v="24"',
  'sec-ch-ua-mobile': '?0',
  accept: '*/*',
  origin: 'http://localhost:5173',
  'sec-fetch-site': 'same-site',
  'sec-fetch-mode': 'cors',
  'sec-fetch-dest': 'empty',
  referer: 'http://localhost:5173/',
  'accept-encoding': 'gzip, deflate, br, zstd',
  'accept-language': 'en-US,en;q=0.9',
  'if-none-match': 'W/"6b-k7zZEnu7xeiGOvUBvO2NLPXXA3c"'
}
Bearer eyJhbGciOiJIUzI1NiIsInR5cCI6IkpXVCJ9.eyJpZCI6IjZhNGZjZDBhMjgxYzBiOTVjMmFkODEyOCIsInJvbGUiOiJ1c2VyIiwiaWF0IjoxNzgzNjgzNzc1LCJleHAiOjE3ODM2ODQ2NzV9.IUkcPh9uU_I7F8cR8PaHzTfYgSr-5BXUrU4pmawvsVw
{
  host: 'localhost:3000',
  connection: 'keep-alive',
  'sec-ch-ua-platform': '"Windows"',
  authorization: 'Bearer eyJhbGciOiJIUzI1NiIsInR5cCI6IkpXVCJ9.eyJpZCI6IjZhNGZjZDBhMjgxYzBiOTVjMmFkODEyOCIsInJvbGUiOiJ1c2VyIiwiaWF0IjoxNzgzNjgzNzc1LCJleHAiOjE3ODM2ODQ2NzV9.IUkcPh9uU_I7F8cR8PaHzTfYgSr-5BXUrU4pmawvsVw',
  'user-agent': 'Mozilla/5.0 (Windows NT 10.0; Win64; x64) AppleWebKit/537.36 (KHTML, like Gecko) Chrome/149.0.0.0 Safari/537.36',
  'sec-ch-ua': '"Google Chrome";v="149", "Chromium";v="149", "Not)A;Brand";v="24"',
  'sec-ch-ua-mobile': '?0',
  accept: '*/*',
  origin: 'http://localhost:5173',
  'sec-fetch-site': 'same-site',
  'sec-fetch-mode': 'cors',
  'sec-fetch-dest': 'empty',
  referer: 'http://localhost:5173/',
  'accept-encoding': 'gzip, deflate, br, zstd',
  'accept-language': 'en-US,en;q=0.9',
  'if-none-match': 'W/"4a7-7r0ygFh9YR+0LQjEarfgywyP+Oo"'
}
Bearer eyJhbGciOiJIUzI1NiIsInR5cCI6IkpXVCJ9.eyJpZCI6IjZhNGZjZDBhMjgxYzBiOTVjMmFkODEyOCIsInJvbGUiOiJ1c2VyIiwiaWF0IjoxNzgzNjgzNzc1LCJleHAiOjE3ODM2ODQ2NzV9.IUkcPh9uU_I7F8cR8PaHzTfYgSr-5BXUrU4pmawvsVw
{
  host: 'localhost:3000',
  connection: 'keep-alive',
  'sec-ch-ua-platform': '"Windows"',
  authorization: 'Bearer eyJhbGciOiJIUzI1NiIsInR5cCI6IkpXVCJ9.eyJpZCI6IjZhNGZjZDBhMjgxYzBiOTVjMmFkODEyOCIsInJvbGUiOiJ1c2VyIiwiaWF0IjoxNzgzNjgzNzc1LCJleHAiOjE3ODM2ODQ2NzV9.IUkcPh9uU_I7F8cR8PaHzTfYgSr-5BXUrU4pmawvsVw',
  'user-agent': 'Mozilla/5.0 (Windows NT 10.0; Win64; x64) AppleWebKit/537.36 (KHTML, like Gecko) Chrome/149.0.0.0 Safari/537.36',
  'sec-ch-ua': '"Google Chrome";v="149", "Chromium";v="149", "Not)A;Brand";v="24"',
  'sec-ch-ua-mobile': '?0',
  accept: '*/*',
  origin: 'http://localhost:5173',
  'sec-fetch-site': 'same-site',
  'sec-fetch-mode': 'cors',
  'sec-fetch-dest': 'empty',
  referer: 'http://localhost:5173/',
  'accept-encoding': 'gzip, deflate, br, zstd',
  'accept-language': 'en-US,en;q=0.9',
  'if-none-match': 'W/"d7-ZS6oO/RjRgOnPw6MDrxM/+RUGqw"'
}
Bearer eyJhbGciOiJIUzI1NiIsInR5cCI6IkpXVCJ9.eyJpZCI6IjZhNGZjZDBhMjgxYzBiOTVjMmFkODEyOCIsInJvbGUiOiJ1c2VyIiwiaWF0IjoxNzgzNjgzNzc1LCJleHAiOjE3ODM2ODQ2NzV9.IUkcPh9uU_I7F8cR8PaHzTfYgSr-5BXUrU4pmawvsVw
{
  host: 'localhost:3000',
  connection: 'keep-alive',
  'sec-ch-ua-platform': '"Windows"',
  authorization: 'Bearer eyJhbGciOiJIUzI1NiIsInR5cCI6IkpXVCJ9.eyJpZCI6IjZhNGZjZDBhMjgxYzBiOTVjMmFkODEyOCIsInJvbGUiOiJ1c2VyIiwiaWF0IjoxNzgzNjgzNzc1LCJleHAiOjE3ODM2ODQ2NzV9.IUkcPh9uU_I7F8cR8PaHzTfYgSr-5BXUrU4pmawvsVw',
  'user-agent': 'Mozilla/5.0 (Windows NT 10.0; Win64; x64) AppleWebKit/537.36 (KHTML, like Gecko) Chrome/149.0.0.0 Safari/537.36',
  'sec-ch-ua': '"Google Chrome";v="149", "Chromium";v="149", "Not)A;Brand";v="24"',
  'sec-ch-ua-mobile': '?0',
  accept: '*/*',
  origin: 'http://localhost:5173',
  'sec-fetch-site': 'same-site',
  'sec-fetch-mode': 'cors',
  'sec-fetch-dest': 'empty',
  referer: 'http://localhost:5173/',
  'accept-encoding': 'gzip, deflate, br, zstd',
  'accept-language': 'en-US,en;q=0.9',
  'if-none-match': 'W/"6b-k7zZEnu7xeiGOvUBvO2NLPXXA3c"'
}
Bearer eyJhbGciOiJIUzI1NiIsInR5cCI6IkpXVCJ9.eyJpZCI6IjZhNGZjZDBhMjgxYzBiOTVjMmFkODEyOCIsInJvbGUiOiJ1c2VyIiwiaWF0IjoxNzgzNjgzNzc1LCJleHAiOjE3ODM2ODQ2NzV9.IUkcPh9uU_I7F8cR8PaHzTfYgSr-5BXUrU4pmawvsVw
{
  host: 'localhost:3000',
  connection: 'keep-alive',
  'sec-ch-ua-platform': '"Windows"',
  authorization: 'Bearer eyJhbGciOiJIUzI1NiIsInR5cCI6IkpXVCJ9.eyJpZCI6IjZhNGZjZDBhMjgxYzBiOTVjMmFkODEyOCIsInJvbGUiOiJ1c2VyIiwiaWF0IjoxNzgzNjgzNzc1LCJleHAiOjE3ODM2ODQ2NzV9.IUkcPh9uU_I7F8cR8PaHzTfYgSr-5BXUrU4pmawvsVw',
  'user-agent': 'Mozilla/5.0 (Windows NT 10.0; Win64; x64) AppleWebKit/537.36 (KHTML, like Gecko) Chrome/149.0.0.0 Safari/537.36',
  'sec-ch-ua': '"Google Chrome";v="149", "Chromium";v="149", "Not)A;Brand";v="24"',
  'sec-ch-ua-mobile': '?0',
  accept: '*/*',
  origin: 'http://localhost:5173',
  'sec-fetch-site': 'same-site',
  'sec-fetch-mode': 'cors',
  'sec-fetch-dest': 'empty',
  referer: 'http://localhost:5173/',
  'accept-encoding': 'gzip, deflate, br, zstd',
  'accept-language': 'en-US,en;q=0.9',
  'if-none-match': 'W/"d7-ZS6oO/RjRgOnPw6MDrxM/+RUGqw"'
}
Bearer eyJhbGciOiJIUzI1NiIsInR5cCI6IkpXVCJ9.eyJpZCI6IjZhNGZjZDBhMjgxYzBiOTVjMmFkODEyOCIsInJvbGUiOiJ1c2VyIiwiaWF0IjoxNzgzNjgzNzc1LCJleHAiOjE3ODM2ODQ2NzV9.IUkcPh9uU_I7F8cR8PaHzTfYgSr-5BXUrU4pmawvsVw
{
  host: 'localhost:3000',
  connection: 'keep-alive',
  'sec-ch-ua-platform': '"Windows"',
  authorization: 'Bearer eyJhbGciOiJIUzI1NiIsInR5cCI6IkpXVCJ9.eyJpZCI6IjZhNGZjZDBhMjgxYzBiOTVjMmFkODEyOCIsInJvbGUiOiJ1c2VyIiwiaWF0IjoxNzgzNjgzNzc1LCJleHAiOjE3ODM2ODQ2NzV9.IUkcPh9uU_I7F8cR8PaHzTfYgSr-5BXUrU4pmawvsVw',
  'user-agent': 'Mozilla/5.0 (Windows NT 10.0; Win64; x64) AppleWebKit/537.36 (KHTML, like Gecko) Chrome/149.0.0.0 Safari/537.36',
  'sec-ch-ua': '"Google Chrome";v="149", "Chromium";v="149", "Not)A;Brand";v="24"',
  'sec-ch-ua-mobile': '?0',
  accept: '*/*',
  origin: 'http://localhost:5173',
  'sec-fetch-site': 'same-site',
  'sec-fetch-mode': 'cors',
  'sec-fetch-dest': 'empty',
  referer: 'http://localhost:5173/',
  'accept-encoding': 'gzip, deflate, br, zstd',
  'accept-language': 'en-US,en;q=0.9',
  'if-none-match': 'W/"4a7-7r0ygFh9YR+0LQjEarfgywyP+Oo"'
}
Bearer eyJhbGciOiJIUzI1NiIsInR5cCI6IkpXVCJ9.eyJpZCI6IjZhNGZjZDBhMjgxYzBiOTVjMmFkODEyOCIsInJvbGUiOiJ1c2VyIiwiaWF0IjoxNzgzNjgzNzc1LCJleHAiOjE3ODM2ODQ2NzV9.IUkcPh9uU_I7F8cR8PaHzTfYgSr-5BXUrU4pmawvsVw
{
  host: 'localhost:3000',
  connection: 'keep-alive',
  'content-length': '40',
  'sec-ch-ua-platform': '"Windows"',
  authorization: 'Bearer eyJhbGciOiJIUzI1NiIsInR5cCI6IkpXVCJ9.eyJpZCI6IjZhNGZjZDBhMjgxYzBiOTVjMmFkODEyOCIsInJvbGUiOiJ1c2VyIiwiaWF0IjoxNzgzNjgzNzc1LCJleHAiOjE3ODM2ODQ2NzV9.IUkcPh9uU_I7F8cR8PaHzTfYgSr-5BXUrU4pmawvsVw',
  'user-agent': 'Mozilla/5.0 (Windows NT 10.0; Win64; x64) AppleWebKit/537.36 (KHTML, like Gecko) Chrome/149.0.0.0 Safari/537.36',
  'sec-ch-ua': '"Google Chrome";v="149", "Chromium";v="149", "Not)A;Brand";v="24"',
  'content-type': 'application/json',
  'sec-ch-ua-mobile': '?0',
  accept: '*/*',
  origin: 'http://localhost:5173',
  'sec-fetch-site': 'same-site',
  'sec-fetch-mode': 'cors',
  'sec-fetch-dest': 'empty',
  referer: 'http://localhost:5173/',
  'accept-encoding': 'gzip, deflate, br, zstd',
  'accept-language': 'en-US,en;q=0.9'
}
Bearer eyJhbGciOiJIUzI1NiIsInR5cCI6IkpXVCJ9.eyJpZCI6IjZhNGZjZDBhMjgxYzBiOTVjMmFkODEyOCIsInJvbGUiOiJ1c2VyIiwiaWF0IjoxNzgzNjgzNzc1LCJleHAiOjE3ODM2ODQ2NzV9.IUkcPh9uU_I7F8cR8PaHzTfYgSr-5BXUrU4pmawvsVw
{
  host: 'localhost:3000',
  connection: 'keep-alive',
  'sec-ch-ua-platform': '"Windows"',
  authorization: 'Bearer eyJhbGciOiJIUzI1NiIsInR5cCI6IkpXVCJ9.eyJpZCI6IjZhNGZkNTQ2NDQwMjVkMWU5YzlkODIzMSIsInJvbGUiOiJhZG1pbiIsImlhdCI6MTc4MzY4NDQ4NywiZXhwIjoxNzgzNjg1Mzg3fQ.qPb3UDfb2lCWu6gIZOYJ6TzxNBBgRGr-2hWuFVJfbYE',
  'user-agent': 'Mozilla/5.0 (Windows NT 10.0; Win64; x64) AppleWebKit/537.36 (KHTML, like Gecko) Chrome/149.0.0.0 Safari/537.36',
  'sec-ch-ua': '"Google Chrome";v="149", "Chromium";v="149", "Not)A;Brand";v="24"',
  'sec-ch-ua-mobile': '?0',
  accept: '*/*',
  origin: 'http://localhost:5173',
  'sec-fetch-site': 'same-site',
  'sec-fetch-mode': 'cors',
  'sec-fetch-dest': 'empty',
  referer: 'http://localhost:5173/',
  'accept-encoding': 'gzip, deflate, br, zstd',
  'accept-language': 'en-US,en;q=0.9',
  'if-none-match': 'W/"d7-ZS6oO/RjRgOnPw6MDrxM/+RUGqw"'
}
Bearer eyJhbGciOiJIUzI1NiIsInR5cCI6IkpXVCJ9.eyJpZCI6IjZhNGZkNTQ2NDQwMjVkMWU5YzlkODIzMSIsInJvbGUiOiJhZG1pbiIsImlhdCI6MTc4MzY4NDQ4NywiZXhwIjoxNzgzNjg1Mzg3fQ.qPb3UDfb2lCWu6gIZOYJ6TzxNBBgRGr-2hWuFVJfbYE
{
  host: 'localhost:3000',
  connection: 'keep-alive',
  'sec-ch-ua-platform': '"Windows"',
  authorization: 'Bearer eyJhbGciOiJIUzI1NiIsInR5cCI6IkpXVCJ9.eyJpZCI6IjZhNGZkNTQ2NDQwMjVkMWU5YzlkODIzMSIsInJvbGUiOiJhZG1pbiIsImlhdCI6MTc4MzY4NDQ4NywiZXhwIjoxNzgzNjg1Mzg3fQ.qPb3UDfb2lCWu6gIZOYJ6TzxNBBgRGr-2hWuFVJfbYE',
  'user-agent': 'Mozilla/5.0 (Windows NT 10.0; Win64; x64) AppleWebKit/537.36 (KHTML, like Gecko) Chrome/149.0.0.0 Safari/537.36',
  'sec-ch-ua': '"Google Chrome";v="149", "Chromium";v="149", "Not)A;Brand";v="24"',
  'sec-ch-ua-mobile': '?0',
  accept: '*/*',
  origin: 'http://localhost:5173',
  'sec-fetch-site': 'same-site',
  'sec-fetch-mode': 'cors',
  'sec-fetch-dest': 'empty',
  referer: 'http://localhost:5173/',
  'accept-encoding': 'gzip, deflate, br, zstd',
  'accept-language': 'en-US,en;q=0.9',
  'if-none-match': 'W/"4a7-7r0ygFh9YR+0LQjEarfgywyP+Oo"'
}
Bearer eyJhbGciOiJIUzI1NiIsInR5cCI6IkpXVCJ9.eyJpZCI6IjZhNGZkNTQ2NDQwMjVkMWU5YzlkODIzMSIsInJvbGUiOiJhZG1pbiIsImlhdCI6MTc4MzY4NDQ4NywiZXhwIjoxNzgzNjg1Mzg3fQ.qPb3UDfb2lCWu6gIZOYJ6TzxNBBgRGr-2hWuFVJfbYE
admin
{
  host: 'localhost:3000',
  connection: 'keep-alive',
  'sec-ch-ua-platform': '"Windows"',
  authorization: 'Bearer eyJhbGciOiJIUzI1NiIsInR5cCI6IkpXVCJ9.eyJpZCI6IjZhNGZkNTQ2NDQwMjVkMWU5YzlkODIzMSIsInJvbGUiOiJhZG1pbiIsImlhdCI6MTc4MzY4NDQ4NywiZXhwIjoxNzgzNjg1Mzg3fQ.qPb3UDfb2lCWu6gIZOYJ6TzxNBBgRGr-2hWuFVJfbYE',
  'user-agent': 'Mozilla/5.0 (Windows NT 10.0; Win64; x64) AppleWebKit/537.36 (KHTML, like Gecko) Chrome/149.0.0.0 Safari/537.36',
  'sec-ch-ua': '"Google Chrome";v="149", "Chromium";v="149", "Not)A;Brand";v="24"',
  'sec-ch-ua-mobile': '?0',
  accept: '*/*',
  origin: 'http://localhost:5173',
  'sec-fetch-site': 'same-site',
  'sec-fetch-mode': 'cors',
  'sec-fetch-dest': 'empty',
  referer: 'http://localhost:5173/',
  'accept-encoding': 'gzip, deflate, br, zstd',
  'accept-language': 'en-US,en;q=0.9',
  'if-none-match': 'W/"1a65-DQNsbnmmq1M76NoAPdJ23eBIWjI"'
}
Bearer eyJhbGciOiJIUzI1NiIsInR5cCI6IkpXVCJ9.eyJpZCI6IjZhNGZkNTQ2NDQwMjVkMWU5YzlkODIzMSIsInJvbGUiOiJhZG1pbiIsImlhdCI6MTc4MzY4NDQ4NywiZXhwIjoxNzgzNjg1Mzg3fQ.qPb3UDfb2lCWu6gIZOYJ6TzxNBBgRGr-2hWuFVJfbYE
admin
{
  host: 'localhost:3000',
  connection: 'keep-alive',
  'sec-ch-ua-platform': '"Windows"',
  authorization: 'Bearer eyJhbGciOiJIUzI1NiIsInR5cCI6IkpXVCJ9.eyJpZCI6IjZhNGZkNTQ2NDQwMjVkMWU5YzlkODIzMSIsInJvbGUiOiJhZG1pbiIsImlhdCI6MTc4MzY4NDQ4NywiZXhwIjoxNzgzNjg1Mzg3fQ.qPb3UDfb2lCWu6gIZOYJ6TzxNBBgRGr-2hWuFVJfbYE',
  'user-agent': 'Mozilla/5.0 (Windows NT 10.0; Win64; x64) AppleWebKit/537.36 (KHTML, like Gecko) Chrome/149.0.0.0 Safari/537.36',
  'sec-ch-ua': '"Google Chrome";v="149", "Chromium";v="149", "Not)A;Brand";v="24"',
  'sec-ch-ua-mobile': '?0',
  accept: '*/*',
  origin: 'http://localhost:5173',
  'sec-fetch-site': 'same-site',
  'sec-fetch-mode': 'cors',
  'sec-fetch-dest': 'empty',
  referer: 'http://localhost:5173/',
  'accept-encoding': 'gzip, deflate, br, zstd',
  'accept-language': 'en-US,en;q=0.9',
  'if-none-match': 'W/"1a65-DQNsbnmmq1M76NoAPdJ23eBIWjI"'
}
Bearer eyJhbGciOiJIUzI1NiIsInR5cCI6IkpXVCJ9.eyJpZCI6IjZhNGZkNTQ2NDQwMjVkMWU5YzlkODIzMSIsInJvbGUiOiJhZG1pbiIsImlhdCI6MTc4MzY4NDQ4NywiZXhwIjoxNzgzNjg1Mzg3fQ.qPb3UDfb2lCWu6gIZOYJ6TzxNBBgRGr-2hWuFVJfbYE
[32m[nodemon] restarting due to changes...[39m
[32m[nodemon] restarting due to changes...[39m
[32m[nodemon] starting `node src/index.js`[39m
◇ injected env (16) from .env // tip: ⌘ multiple files { path: ['.env.local', '.env'] }
◇ injected env (0) from .env // tip: ⌘ multiple files { path: ['.env.local', '.env'] }
✅ Supabase client created
◇ injected env (0) from .env // tip: ◈ encrypted .env [www.dotenvx.com]
◇ injected env (0) from .env // tip: ⌘ custom filepath { path: '/custom/path/.env' }
◇ injected env (0) from .env // tip: ⌘ multiple files { path: ['.env.local', '.env'] }
◇ injected env (0) from .env // tip: ⌘ override existing { override: true }
◇ injected env (0) from .env // tip: ◈ encrypted .env [www.dotenvx.com]
✅ MongoDB Connected
Server is running on port 3000
[32m[nodemon] restarting due to changes...[39m
[32m[nodemon] starting `node src/index.js`[39m
◇ injected env (16) from .env // tip: ⌘ multiple files { path: ['.env.local', '.env'] }
◇ injected env (0) from .env // tip: ⌘ custom filepath { path: '/custom/path/.env' }
✅ Supabase client created
◇ injected env (0) from .env // tip: ◈ secrets for agents [www.dotenvx.com]
◇ injected env (0) from .env // tip: ⌘ multiple files { path: ['.env.local', '.env'] }
◇ injected env (0) from .env // tip: ⌘ suppress logs { quiet: true }
◇ injected env (0) from .env // tip: ⌘ custom filepath { path: '/custom/path/.env' }
◇ injected env (0) from .env // tip: ⌁ auth for agents [www.vestauth.com]
✅ MongoDB Connected
Server is running on port 3000
{
  host: 'localhost:3000',
  connection: 'keep-alive',
  'sec-ch-ua-platform': '"Windows"',
  authorization: 'Bearer eyJhbGciOiJIUzI1NiIsInR5cCI6IkpXVCJ9.eyJpZCI6IjZhNGZjZDBhMjgxYzBiOTVjMmFkODEyOCIsInJvbGUiOiJ1c2VyIiwiaWF0IjoxNzgzNjg1MTY3LCJleHAiOjE3ODM2ODYwNjd9.BlmwjfDN6JXR16Kju2wx75H1aNqIPL-z_5hGVFV3K2U',
  'user-agent': 'Mozilla/5.0 (Windows NT 10.0; Win64; x64) AppleWebKit/537.36 (KHTML, like Gecko) Chrome/149.0.0.0 Safari/537.36',
  'sec-ch-ua': '"Google Chrome";v="149", "Chromium";v="149", "Not)A;Brand";v="24"',
  'sec-ch-ua-mobile': '?0',
  accept: '*/*',
  origin: 'http://localhost:5173',
  'sec-fetch-site': 'same-site',
  'sec-fetch-mode': 'cors',
  'sec-fetch-dest': 'empty',
  referer: 'http://localhost:5173/',
  'accept-encoding': 'gzip, deflate, br, zstd',
  'accept-language': 'en-US,en;q=0.9',
  'if-none-match': 'W/"25c-pwm5yygFr0x6NmOFe254i2DgIJk"'
}
Bearer eyJhbGciOiJIUzI1NiIsInR5cCI6IkpXVCJ9.eyJpZCI6IjZhNGZjZDBhMjgxYzBiOTVjMmFkODEyOCIsInJvbGUiOiJ1c2VyIiwiaWF0IjoxNzgzNjg1MTY3LCJleHAiOjE3ODM2ODYwNjd9.BlmwjfDN6JXR16Kju2wx75H1aNqIPL-z_5hGVFV3K2U
{
  host: 'localhost:3000',
  connection: 'keep-alive',
  'sec-ch-ua-platform': '"Windows"',
  authorization: 'Bearer eyJhbGciOiJIUzI1NiIsInR5cCI6IkpXVCJ9.eyJpZCI6IjZhNGZjZDBhMjgxYzBiOTVjMmFkODEyOCIsInJvbGUiOiJ1c2VyIiwiaWF0IjoxNzgzNjg1MTY3LCJleHAiOjE3ODM2ODYwNjd9.BlmwjfDN6JXR16Kju2wx75H1aNqIPL-z_5hGVFV3K2U',
  'user-agent': 'Mozilla/5.0 (Windows NT 10.0; Win64; x64) AppleWebKit/537.36 (KHTML, like Gecko) Chrome/149.0.0.0 Safari/537.36',
  'sec-ch-ua': '"Google Chrome";v="149", "Chromium";v="149", "Not)A;Brand";v="24"',
  'sec-ch-ua-mobile': '?0',
  accept: '*/*',
  origin: 'http://localhost:5173',
  'sec-fetch-site': 'same-site',
  'sec-fetch-mode': 'cors',
  'sec-fetch-dest': 'empty',
  referer: 'http://localhost:5173/',
  'accept-encoding': 'gzip, deflate, br, zstd',
  'accept-language': 'en-US,en;q=0.9',
  'if-none-match': 'W/"d7-ZS6oO/RjRgOnPw6MDrxM/+RUGqw"'
}
Bearer eyJhbGciOiJIUzI1NiIsInR5cCI6IkpXVCJ9.eyJpZCI6IjZhNGZjZDBhMjgxYzBiOTVjMmFkODEyOCIsInJvbGUiOiJ1c2VyIiwiaWF0IjoxNzgzNjg1MTY3LCJleHAiOjE3ODM2ODYwNjd9.BlmwjfDN6JXR16Kju2wx75H1aNqIPL-z_5hGVFV3K2U
{
  host: 'localhost:3000',
  connection: 'keep-alive',
  'sec-ch-ua-platform': '"Windows"',
  authorization: 'Bearer eyJhbGciOiJIUzI1NiIsInR5cCI6IkpXVCJ9.eyJpZCI6IjZhNGZjZDBhMjgxYzBiOTVjMmFkODEyOCIsInJvbGUiOiJ1c2VyIiwiaWF0IjoxNzgzNjg1MTY3LCJleHAiOjE3ODM2ODYwNjd9.BlmwjfDN6JXR16Kju2wx75H1aNqIPL-z_5hGVFV3K2U',
  'user-agent': 'Mozilla/5.0 (Windows NT 10.0; Win64; x64) AppleWebKit/537.36 (KHTML, like Gecko) Chrome/149.0.0.0 Safari/537.36',
  'sec-ch-ua': '"Google Chrome";v="149", "Chromium";v="149", "Not)A;Brand";v="24"',
  'sec-ch-ua-mobile': '?0',
  accept: '*/*',
  origin: 'http://localhost:5173',
  'sec-fetch-site': 'same-site',
  'sec-fetch-mode': 'cors',
  'sec-fetch-dest': 'empty',
  referer: 'http://localhost:5173/',
  'accept-encoding': 'gzip, deflate, br, zstd',
  'accept-language': 'en-US,en;q=0.9',
  'if-none-match': 'W/"4a7-7r0ygFh9YR+0LQjEarfgywyP+Oo"'
}
Bearer eyJhbGciOiJIUzI1NiIsInR5cCI6IkpXVCJ9.eyJpZCI6IjZhNGZjZDBhMjgxYzBiOTVjMmFkODEyOCIsInJvbGUiOiJ1c2VyIiwiaWF0IjoxNzgzNjg1MTY3LCJleHAiOjE3ODM2ODYwNjd9.BlmwjfDN6JXR16Kju2wx75H1aNqIPL-z_5hGVFV3K2U
{
  host: 'localhost:3000',
  connection: 'keep-alive',
  'sec-ch-ua-platform': '"Windows"',
  authorization: 'Bearer eyJhbGciOiJIUzI1NiIsInR5cCI6IkpXVCJ9.eyJpZCI6IjZhNGZjZDBhMjgxYzBiOTVjMmFkODEyOCIsInJvbGUiOiJ1c2VyIiwiaWF0IjoxNzgzNjg1MTY3LCJleHAiOjE3ODM2ODYwNjd9.BlmwjfDN6JXR16Kju2wx75H1aNqIPL-z_5hGVFV3K2U',
  'user-agent': 'Mozilla/5.0 (Windows NT 10.0; Win64; x64) AppleWebKit/537.36 (KHTML, like Gecko) Chrome/149.0.0.0 Safari/537.36',
  'sec-ch-ua': '"Google Chrome";v="149", "Chromium";v="149", "Not)A;Brand";v="24"',
  'sec-ch-ua-mobile': '?0',
  accept: '*/*',
  origin: 'http://localhost:5173',
  'sec-fetch-site': 'same-site',
  'sec-fetch-mode': 'cors',
  'sec-fetch-dest': 'empty',
  referer: 'http://localhost:5173/',
  'accept-encoding': 'gzip, deflate, br, zstd',
  'accept-language': 'en-US,en;q=0.9',
  'if-none-match': 'W/"6b-k7zZEnu7xeiGOvUBvO2NLPXXA3c"'
}
Bearer eyJhbGciOiJIUzI1NiIsInR5cCI6IkpXVCJ9.eyJpZCI6IjZhNGZjZDBhMjgxYzBiOTVjMmFkODEyOCIsInJvbGUiOiJ1c2VyIiwiaWF0IjoxNzgzNjg1MTY3LCJleHAiOjE3ODM2ODYwNjd9.BlmwjfDN6JXR16Kju2wx75H1aNqIPL-z_5hGVFV3K2U
{
  host: 'localhost:3000',
  connection: 'keep-alive',
  'sec-ch-ua-platform': '"Windows"',
  authorization: 'Bearer eyJhbGciOiJIUzI1NiIsInR5cCI6IkpXVCJ9.eyJpZCI6IjZhNGZjZDBhMjgxYzBiOTVjMmFkODEyOCIsInJvbGUiOiJ1c2VyIiwiaWF0IjoxNzgzNjg1MTY3LCJleHAiOjE3ODM2ODYwNjd9.BlmwjfDN6JXR16Kju2wx75H1aNqIPL-z_5hGVFV3K2U',
  'user-agent': 'Mozilla/5.0 (Windows NT 10.0; Win64; x64) AppleWebKit/537.36 (KHTML, like Gecko) Chrome/149.0.0.0 Safari/537.36',
  'sec-ch-ua': '"Google Chrome";v="149", "Chromium";v="149", "Not)A;Brand";v="24"',
  'sec-ch-ua-mobile': '?0',
  accept: '*/*',
  origin: 'http://localhost:5173',
  'sec-fetch-site': 'same-site',
  'sec-fetch-mode': 'cors',
  'sec-fetch-dest': 'empty',
  referer: 'http://localhost:5173/',
  'accept-encoding': 'gzip, deflate, br, zstd',
  'accept-language': 'en-US,en;q=0.9',
  'if-none-match': 'W/"d7-ZS6oO/RjRgOnPw6MDrxM/+RUGqw"'
}
Bearer eyJhbGciOiJIUzI1NiIsInR5cCI6IkpXVCJ9.eyJpZCI6IjZhNGZjZDBhMjgxYzBiOTVjMmFkODEyOCIsInJvbGUiOiJ1c2VyIiwiaWF0IjoxNzgzNjg1MTY3LCJleHAiOjE3ODM2ODYwNjd9.BlmwjfDN6JXR16Kju2wx75H1aNqIPL-z_5hGVFV3K2U
{
  host: 'localhost:3000',
  connection: 'keep-alive',
  'sec-ch-ua-platform': '"Windows"',
  authorization: 'Bearer eyJhbGciOiJIUzI1NiIsInR5cCI6IkpXVCJ9.eyJpZCI6IjZhNGZjZDBhMjgxYzBiOTVjMmFkODEyOCIsInJvbGUiOiJ1c2VyIiwiaWF0IjoxNzgzNjg1MTY3LCJleHAiOjE3ODM2ODYwNjd9.BlmwjfDN6JXR16Kju2wx75H1aNqIPL-z_5hGVFV3K2U',
  'user-agent': 'Mozilla/5.0 (Windows NT 10.0; Win64; x64) AppleWebKit/537.36 (KHTML, like Gecko) Chrome/149.0.0.0 Safari/537.36',
  'sec-ch-ua': '"Google Chrome";v="149", "Chromium";v="149", "Not)A;Brand";v="24"',
  'sec-ch-ua-mobile': '?0',
  accept: '*/*',
  origin: 'http://localhost:5173',
  'sec-fetch-site': 'same-site',
  'sec-fetch-mode': 'cors',
  'sec-fetch-dest': 'empty',
  referer: 'http://localhost:5173/',
  'accept-encoding': 'gzip, deflate, br, zstd',
  'accept-language': 'en-US,en;q=0.9',
  'if-none-match': 'W/"4a7-7r0ygFh9YR+0LQjEarfgywyP+Oo"'
}
Bearer eyJhbGciOiJIUzI1NiIsInR5cCI6IkpXVCJ9.eyJpZCI6IjZhNGZjZDBhMjgxYzBiOTVjMmFkODEyOCIsInJvbGUiOiJ1c2VyIiwiaWF0IjoxNzgzNjg1MTY3LCJleHAiOjE3ODM2ODYwNjd9.BlmwjfDN6JXR16Kju2wx75H1aNqIPL-z_5hGVFV3K2U
{
  host: 'localhost:3000',
  connection: 'keep-alive',
  authorization: 'Bearer eyJhbGciOiJIUzI1NiIsInR5cCI6IkpXVCJ9.eyJpZCI6IjZhNTBlMTIyMDc4ZTU3MDk0ODRiMzdjZSIsInJvbGUiOiJ1c2VyIiwiaWF0IjoxNzgzNjg1NDEwLCJleHAiOjE3ODM2ODYwMTB9.Dw4YMHINNpkv0qhywzsIfgMQ1j7AC0Wlr5Fj0WAF-LQ',
  accept: '*/*',
  'accept-language': '*',
  'sec-fetch-mode': 'cors',
  'user-agent': 'node',
  'accept-encoding': 'gzip, deflate'
}
Bearer eyJhbGciOiJIUzI1NiIsInR5cCI6IkpXVCJ9.eyJpZCI6IjZhNTBlMTIyMDc4ZTU3MDk0ODRiMzdjZSIsInJvbGUiOiJ1c2VyIiwiaWF0IjoxNzgzNjg1NDEwLCJleHAiOjE3ODM2ODYwMTB9.Dw4YMHINNpkv0qhywzsIfgMQ1j7AC0Wlr5Fj0WAF-LQ
{
  host: 'localhost:3000',
  connection: 'keep-alive',
  'sec-ch-ua-platform': '"Windows"',
  authorization: 'Bearer eyJhbGciOiJIUzI1NiIsInR5cCI6IkpXVCJ9.eyJpZCI6IjZhNGZkNTQ2NDQwMjVkMWU5YzlkODIzMSIsInJvbGUiOiJhZG1pbiIsImlhdCI6MTc4MzY4NTQ4MSwiZXhwIjoxNzgzNjg2MzgxfQ.lk4TrUPJ_Y8QrqOOTlmActHQl-QI5gb1eHKfLqxnRHA',
  'user-agent': 'Mozilla/5.0 (Windows NT 10.0; Win64; x64) AppleWebKit/537.36 (KHTML, like Gecko) Chrome/149.0.0.0 Safari/537.36',
  'sec-ch-ua': '"Google Chrome";v="149", "Chromium";v="149", "Not)A;Brand";v="24"',
  'sec-ch-ua-mobile': '?0',
  accept: '*/*',
  origin: 'http://localhost:5173',
  'sec-fetch-site': 'same-site',
  'sec-fetch-mode': 'cors',
  'sec-fetch-dest': 'empty',
  referer: 'http://localhost:5173/',
  'accept-encoding': 'gzip, deflate, br, zstd',
  'accept-language': 'en-US,en;q=0.9',
  'if-none-match': 'W/"d7-ZS6oO/RjRgOnPw6MDrxM/+RUGqw"'
}
Bearer eyJhbGciOiJIUzI1NiIsInR5cCI6IkpXVCJ9.eyJpZCI6IjZhNGZkNTQ2NDQwMjVkMWU5YzlkODIzMSIsInJvbGUiOiJhZG1pbiIsImlhdCI6MTc4MzY4NTQ4MSwiZXhwIjoxNzgzNjg2MzgxfQ.lk4TrUPJ_Y8QrqOOTlmActHQl-QI5gb1eHKfLqxnRHA
{
  host: 'localhost:3000',
  connection: 'keep-alive',
  'sec-ch-ua-platform': '"Windows"',
  authorization: 'Bearer eyJhbGciOiJIUzI1NiIsInR5cCI6IkpXVCJ9.eyJpZCI6IjZhNGZkNTQ2NDQwMjVkMWU5YzlkODIzMSIsInJvbGUiOiJhZG1pbiIsImlhdCI6MTc4MzY4NTQ4MSwiZXhwIjoxNzgzNjg2MzgxfQ.lk4TrUPJ_Y8QrqOOTlmActHQl-QI5gb1eHKfLqxnRHA',
  'user-agent': 'Mozilla/5.0 (Windows NT 10.0; Win64; x64) AppleWebKit/537.36 (KHTML, like Gecko) Chrome/149.0.0.0 Safari/537.36',
  'sec-ch-ua': '"Google Chrome";v="149", "Chromium";v="149", "Not)A;Brand";v="24"',
  'sec-ch-ua-mobile': '?0',
  accept: '*/*',
  origin: 'http://localhost:5173',
  'sec-fetch-site': 'same-site',
  'sec-fetch-mode': 'cors',
  'sec-fetch-dest': 'empty',
  referer: 'http://localhost:5173/',
  'accept-encoding': 'gzip, deflate, br, zstd',
  'accept-language': 'en-US,en;q=0.9',
  'if-none-match': 'W/"4a7-7r0ygFh9YR+0LQjEarfgywyP+Oo"'
}
Bearer eyJhbGciOiJIUzI1NiIsInR5cCI6IkpXVCJ9.eyJpZCI6IjZhNGZkNTQ2NDQwMjVkMWU5YzlkODIzMSIsInJvbGUiOiJhZG1pbiIsImlhdCI6MTc4MzY4NTQ4MSwiZXhwIjoxNzgzNjg2MzgxfQ.lk4TrUPJ_Y8QrqOOTlmActHQl-QI5gb1eHKfLqxnRHA
{
  host: 'localhost:3000',
  connection: 'keep-alive',
  'sec-ch-ua-platform': '"Windows"',
  authorization: 'Bearer eyJhbGciOiJIUzI1NiIsInR5cCI6IkpXVCJ9.eyJpZCI6IjZhNGZkNTQ2NDQwMjVkMWU5YzlkODIzMSIsInJvbGUiOiJhZG1pbiIsImlhdCI6MTc4MzY4NTQ4MSwiZXhwIjoxNzgzNjg2MzgxfQ.lk4TrUPJ_Y8QrqOOTlmActHQl-QI5gb1eHKfLqxnRHA',
  'user-agent': 'Mozilla/5.0 (Windows NT 10.0; Win64; x64) AppleWebKit/537.36 (KHTML, like Gecko) Chrome/149.0.0.0 Safari/537.36',
  'sec-ch-ua': '"Google Chrome";v="149", "Chromium";v="149", "Not)A;Brand";v="24"',
  'sec-ch-ua-mobile': '?0',
  accept: '*/*',
  origin: 'http://localhost:5173',
  'sec-fetch-site': 'same-site',
  'sec-fetch-mode': 'cors',
  'sec-fetch-dest': 'empty',
  referer: 'http://localhost:5173/',
  'accept-encoding': 'gzip, deflate, br, zstd',
  'accept-language': 'en-US,en;q=0.9',
  'if-none-match': 'W/"1a65-DQNsbnmmq1M76NoAPdJ23eBIWjI"'
}
Bearer eyJhbGciOiJIUzI1NiIsInR5cCI6IkpXVCJ9.eyJpZCI6IjZhNGZkNTQ2NDQwMjVkMWU5YzlkODIzMSIsInJvbGUiOiJhZG1pbiIsImlhdCI6MTc4MzY4NTQ4MSwiZXhwIjoxNzgzNjg2MzgxfQ.lk4TrUPJ_Y8QrqOOTlmActHQl-QI5gb1eHKfLqxnRHA
admin
{
  host: 'localhost:3000',
  connection: 'keep-alive',
  'sec-ch-ua-platform': '"Windows"',
  authorization: 'Bearer eyJhbGciOiJIUzI1NiIsInR5cCI6IkpXVCJ9.eyJpZCI6IjZhNGZkNTQ2NDQwMjVkMWU5YzlkODIzMSIsInJvbGUiOiJhZG1pbiIsImlhdCI6MTc4MzY4NTQ4MSwiZXhwIjoxNzgzNjg2MzgxfQ.lk4TrUPJ_Y8QrqOOTlmActHQl-QI5gb1eHKfLqxnRHA',
  'user-agent': 'Mozilla/5.0 (Windows NT 10.0; Win64; x64) AppleWebKit/537.36 (KHTML, like Gecko) Chrome/149.0.0.0 Safari/537.36',
  'sec-ch-ua': '"Google Chrome";v="149", "Chromium";v="149", "Not)A;Brand";v="24"',
  'sec-ch-ua-mobile': '?0',
  accept: '*/*',
  origin: 'http://localhost:5173',
  'sec-fetch-site': 'same-site',
  'sec-fetch-mode': 'cors',
  'sec-fetch-dest': 'empty',
  referer: 'http://localhost:5173/',
  'accept-encoding': 'gzip, deflate, br, zstd',
  'accept-language': 'en-US,en;q=0.9',
  'if-none-match': 'W/"1a65-DQNsbnmmq1M76NoAPdJ23eBIWjI"'
}
Bearer eyJhbGciOiJIUzI1NiIsInR5cCI6IkpXVCJ9.eyJpZCI6IjZhNGZkNTQ2NDQwMjVkMWU5YzlkODIzMSIsInJvbGUiOiJhZG1pbiIsImlhdCI6MTc4MzY4NTQ4MSwiZXhwIjoxNzgzNjg2MzgxfQ.lk4TrUPJ_Y8QrqOOTlmActHQl-QI5gb1eHKfLqxnRHA
admin
admin
admin
{
  host: 'localhost:3000',
  connection: 'keep-alive',
  'sec-ch-ua-platform': '"Windows"',
  authorization: 'Bearer eyJhbGciOiJIUzI1NiIsInR5cCI6IkpXVCJ9.eyJpZCI6IjZhNGZkNTQ2NDQwMjVkMWU5YzlkODIzMSIsInJvbGUiOiJhZG1pbiIsImlhdCI6MTc4MzY4NTQ4MSwiZXhwIjoxNzgzNjg2MzgxfQ.lk4TrUPJ_Y8QrqOOTlmActHQl-QI5gb1eHKfLqxnRHA',
  'user-agent': 'Mozilla/5.0 (Windows NT 10.0; Win64; x64) AppleWebKit/537.36 (KHTML, like Gecko) Chrome/149.0.0.0 Safari/537.36',
  'sec-ch-ua': '"Google Chrome";v="149", "Chromium";v="149", "Not)A;Brand";v="24"',
  'sec-ch-ua-mobile': '?0',
  accept: '*/*',
  origin: 'http://localhost:5173',
  'sec-fetch-site': 'same-site',
  'sec-fetch-mode': 'cors',
  'sec-fetch-dest': 'empty',
  referer: 'http://localhost:5173/',
  'accept-encoding': 'gzip, deflate, br, zstd',
  'accept-language': 'en-US,en;q=0.9',
  'if-none-match': 'W/"1a65-DQNsbnmmq1M76NoAPdJ23eBIWjI"'
}
Bearer eyJhbGciOiJIUzI1NiIsInR5cCI6IkpXVCJ9.eyJpZCI6IjZhNGZkNTQ2NDQwMjVkMWU5YzlkODIzMSIsInJvbGUiOiJhZG1pbiIsImlhdCI6MTc4MzY4NTQ4MSwiZXhwIjoxNzgzNjg2MzgxfQ.lk4TrUPJ_Y8QrqOOTlmActHQl-QI5gb1eHKfLqxnRHA
admin
{
  host: 'localhost:3000',
  connection: 'keep-alive',
  'sec-ch-ua-platform': '"Windows"',
  authorization: 'Bearer eyJhbGciOiJIUzI1NiIsInR5cCI6IkpXVCJ9.eyJpZCI6IjZhNGZkNTQ2NDQwMjVkMWU5YzlkODIzMSIsInJvbGUiOiJhZG1pbiIsImlhdCI6MTc4MzY4NTQ4MSwiZXhwIjoxNzgzNjg2MzgxfQ.lk4TrUPJ_Y8QrqOOTlmActHQl-QI5gb1eHKfLqxnRHA',
  'user-agent': 'Mozilla/5.0 (Windows NT 10.0; Win64; x64) AppleWebKit/537.36 (KHTML, like Gecko) Chrome/149.0.0.0 Safari/537.36',
  'sec-ch-ua': '"Google Chrome";v="149", "Chromium";v="149", "Not)A;Brand";v="24"',
  'sec-ch-ua-mobile': '?0',
  accept: '*/*',
  origin: 'http://localhost:5173',
  'sec-fetch-site': 'same-site',
  'sec-fetch-mode': 'cors',
  'sec-fetch-dest': 'empty',
  referer: 'http://localhost:5173/',
  'accept-encoding': 'gzip, deflate, br, zstd',
  'accept-language': 'en-US,en;q=0.9',
  'if-none-match': 'W/"1a65-DQNsbnmmq1M76NoAPdJ23eBIWjI"'
}
Bearer eyJhbGciOiJIUzI1NiIsInR5cCI6IkpXVCJ9.eyJpZCI6IjZhNGZkNTQ2NDQwMjVkMWU5YzlkODIzMSIsInJvbGUiOiJhZG1pbiIsImlhdCI6MTc4MzY4NTQ4MSwiZXhwIjoxNzgzNjg2MzgxfQ.lk4TrUPJ_Y8QrqOOTlmActHQl-QI5gb1eHKfLqxnRHA
admin
{
  host: 'localhost:3000',
  connection: 'keep-alive',
  'sec-ch-ua-platform': '"Windows"',
  authorization: 'Bearer eyJhbGciOiJIUzI1NiIsInR5cCI6IkpXVCJ9.eyJpZCI6IjZhNGZkNTQ2NDQwMjVkMWU5YzlkODIzMSIsInJvbGUiOiJhZG1pbiIsImlhdCI6MTc4MzY4NTQ4MSwiZXhwIjoxNzgzNjg2MzgxfQ.lk4TrUPJ_Y8QrqOOTlmActHQl-QI5gb1eHKfLqxnRHA',
  'user-agent': 'Mozilla/5.0 (Windows NT 10.0; Win64; x64) AppleWebKit/537.36 (KHTML, like Gecko) Chrome/149.0.0.0 Safari/537.36',
  'sec-ch-ua': '"Google Chrome";v="149", "Chromium";v="149", "Not)A;Brand";v="24"',
  'sec-ch-ua-mobile': '?0',
  accept: '*/*',
  origin: 'http://localhost:5173',
  'sec-fetch-site': 'same-site',
  'sec-fetch-mode': 'cors',
  'sec-fetch-dest': 'empty',
  referer: 'http://localhost:5173/',
  'accept-encoding': 'gzip, deflate, br, zstd',
  'accept-language': 'en-US,en;q=0.9',
  'if-none-match': 'W/"1a65-DQNsbnmmq1M76NoAPdJ23eBIWjI"'
}
Bearer eyJhbGciOiJIUzI1NiIsInR5cCI6IkpXVCJ9.eyJpZCI6IjZhNGZkNTQ2NDQwMjVkMWU5YzlkODIzMSIsInJvbGUiOiJhZG1pbiIsImlhdCI6MTc4MzY4NTQ4MSwiZXhwIjoxNzgzNjg2MzgxfQ.lk4TrUPJ_Y8QrqOOTlmActHQl-QI5gb1eHKfLqxnRHA
{
  host: 'localhost:3000',
  connection: 'keep-alive',
  'sec-ch-ua-platform': '"Windows"',
  authorization: 'Bearer eyJhbGciOiJIUzI1NiIsInR5cCI6IkpXVCJ9.eyJpZCI6IjZhNGZkNTQ2NDQwMjVkMWU5YzlkODIzMSIsInJvbGUiOiJhZG1pbiIsImlhdCI6MTc4MzY4NTQ4MSwiZXhwIjoxNzgzNjg2MzgxfQ.lk4TrUPJ_Y8QrqOOTlmActHQl-QI5gb1eHKfLqxnRHA',
  'user-agent': 'Mozilla/5.0 (Windows NT 10.0; Win64; x64) AppleWebKit/537.36 (KHTML, like Gecko) Chrome/149.0.0.0 Safari/537.36',
  'sec-ch-ua': '"Google Chrome";v="149", "Chromium";v="149", "Not)A;Brand";v="24"',
  'sec-ch-ua-mobile': '?0',
  accept: '*/*',
  origin: 'http://localhost:5173',
  'sec-fetch-site': 'same-site',
  'sec-fetch-mode': 'cors',
  'sec-fetch-dest': 'empty',
  referer: 'http://localhost:5173/',
  'accept-encoding': 'gzip, deflate, br, zstd',
  'accept-language': 'en-US,en;q=0.9',
  'if-none-match': 'W/"1a65-DQNsbnmmq1M76NoAPdJ23eBIWjI"'
}
Bearer eyJhbGciOiJIUzI1NiIsInR5cCI6IkpXVCJ9.eyJpZCI6IjZhNGZkNTQ2NDQwMjVkMWU5YzlkODIzMSIsInJvbGUiOiJhZG1pbiIsImlhdCI6MTc4MzY4NTQ4MSwiZXhwIjoxNzgzNjg2MzgxfQ.lk4TrUPJ_Y8QrqOOTlmActHQl-QI5gb1eHKfLqxnRHA
{
  host: 'localhost:3000',
  connection: 'keep-alive',
  'content-length': '25',
  'sec-ch-ua-platform': '"Windows"',
  authorization: 'Bearer eyJhbGciOiJIUzI1NiIsInR5cCI6IkpXVCJ9.eyJpZCI6IjZhNGZkNTQ2NDQwMjVkMWU5YzlkODIzMSIsInJvbGUiOiJhZG1pbiIsImlhdCI6MTc4MzY4NTQ4MSwiZXhwIjoxNzgzNjg2MzgxfQ.lk4TrUPJ_Y8QrqOOTlmActHQl-QI5gb1eHKfLqxnRHA',
  'user-agent': 'Mozilla/5.0 (Windows NT 10.0; Win64; x64) AppleWebKit/537.36 (KHTML, like Gecko) Chrome/149.0.0.0 Safari/537.36',
  'sec-ch-ua': '"Google Chrome";v="149", "Chromium";v="149", "Not)A;Brand";v="24"',
  'content-type': 'application/json',
  'sec-ch-ua-mobile': '?0',
  accept: '*/*',
  origin: 'http://localhost:5173',
  'sec-fetch-site': 'same-site',
  'sec-fetch-mode': 'cors',
  'sec-fetch-dest': 'empty',
  referer: 'http://localhost:5173/',
  'accept-encoding': 'gzip, deflate, br, zstd',
  'accept-language': 'en-US,en;q=0.9'
}
Bearer eyJhbGciOiJIUzI1NiIsInR5cCI6IkpXVCJ9.eyJpZCI6IjZhNGZkNTQ2NDQwMjVkMWU5YzlkODIzMSIsInJvbGUiOiJhZG1pbiIsImlhdCI6MTc4MzY4NTQ4MSwiZXhwIjoxNzgzNjg2MzgxfQ.lk4TrUPJ_Y8QrqOOTlmActHQl-QI5gb1eHKfLqxnRHA
admin
admin
admin
admin
admin
admin
{
  host: 'localhost:3000',
  connection: 'keep-alive',
  'sec-ch-ua-platform': '"Windows"',
  authorization: 'Bearer eyJhbGciOiJIUzI1NiIsInR5cCI6IkpXVCJ9.eyJpZCI6IjZhNGZkNTQ2NDQwMjVkMWU5YzlkODIzMSIsInJvbGUiOiJhZG1pbiIsImlhdCI6MTc4MzY4NTQ4MSwiZXhwIjoxNzgzNjg2MzgxfQ.lk4TrUPJ_Y8QrqOOTlmActHQl-QI5gb1eHKfLqxnRHA',
  'user-agent': 'Mozilla/5.0 (Windows NT 10.0; Win64; x64) AppleWebKit/537.36 (KHTML, like Gecko) Chrome/149.0.0.0 Safari/537.36',
  'sec-ch-ua': '"Google Chrome";v="149", "Chromium";v="149", "Not)A;Brand";v="24"',
  'sec-ch-ua-mobile': '?0',
  accept: '*/*',
  origin: 'http://localhost:5173',
  'sec-fetch-site': 'same-site',
  'sec-fetch-mode': 'cors',
  'sec-fetch-dest': 'empty',
  referer: 'http://localhost:5173/',
  'accept-encoding': 'gzip, deflate, br, zstd',
  'accept-language': 'en-US,en;q=0.9',
  'if-none-match': 'W/"582-167cZZkz5CTvtvhrqRbJBAZRFk0"'
}
Bearer eyJhbGciOiJIUzI1NiIsInR5cCI6IkpXVCJ9.eyJpZCI6IjZhNGZkNTQ2NDQwMjVkMWU5YzlkODIzMSIsInJvbGUiOiJhZG1pbiIsImlhdCI6MTc4MzY4NTQ4MSwiZXhwIjoxNzgzNjg2MzgxfQ.lk4TrUPJ_Y8QrqOOTlmActHQl-QI5gb1eHKfLqxnRHA
{
  host: 'localhost:3000',
  connection: 'keep-alive',
  'sec-ch-ua-platform': '"Windows"',
  authorization: 'Bearer eyJhbGciOiJIUzI1NiIsInR5cCI6IkpXVCJ9.eyJpZCI6IjZhNGZkNTQ2NDQwMjVkMWU5YzlkODIzMSIsInJvbGUiOiJhZG1pbiIsImlhdCI6MTc4MzY4NTQ4MSwiZXhwIjoxNzgzNjg2MzgxfQ.lk4TrUPJ_Y8QrqOOTlmActHQl-QI5gb1eHKfLqxnRHA',
  'user-agent': 'Mozilla/5.0 (Windows NT 10.0; Win64; x64) AppleWebKit/537.36 (KHTML, like Gecko) Chrome/149.0.0.0 Safari/537.36',
  'sec-ch-ua': '"Google Chrome";v="149", "Chromium";v="149", "Not)A;Brand";v="24"',
  'sec-ch-ua-mobile': '?0',
  accept: '*/*',
  origin: 'http://localhost:5173',
  'sec-fetch-site': 'same-site',
  'sec-fetch-mode': 'cors',
  'sec-fetch-dest': 'empty',
  referer: 'http://localhost:5173/',
  'accept-encoding': 'gzip, deflate, br, zstd',
  'accept-language': 'en-US,en;q=0.9',
  'if-none-match': 'W/"582-167cZZkz5CTvtvhrqRbJBAZRFk0"'
}
Bearer eyJhbGciOiJIUzI1NiIsInR5cCI6IkpXVCJ9.eyJpZCI6IjZhNGZkNTQ2NDQwMjVkMWU5YzlkODIzMSIsInJvbGUiOiJhZG1pbiIsImlhdCI6MTc4MzY4NTQ4MSwiZXhwIjoxNzgzNjg2MzgxfQ.lk4TrUPJ_Y8QrqOOTlmActHQl-QI5gb1eHKfLqxnRHA
{
  host: 'localhost:3000',
  connection: 'keep-alive',
  'sec-ch-ua-platform': '"Windows"',
  authorization: 'Bearer eyJhbGciOiJIUzI1NiIsInR5cCI6IkpXVCJ9.eyJpZCI6IjZhNGZkNTQ2NDQwMjVkMWU5YzlkODIzMSIsInJvbGUiOiJhZG1pbiIsImlhdCI6MTc4MzY4NjU1OCwiZXhwIjoxNzgzNjg3NDU4fQ.itGmui0KTggn1czmgNsfyiKzZXa3iJSX0u2pKBYwNkw',
  'user-agent': 'Mozilla/5.0 (Windows NT 10.0; Win64; x64) AppleWebKit/537.36 (KHTML, like Gecko) Chrome/149.0.0.0 Safari/537.36',
  'sec-ch-ua': '"Google Chrome";v="149", "Chromium";v="149", "Not)A;Brand";v="24"',
  'sec-ch-ua-mobile': '?0',
  accept: '*/*',
  origin: 'http://localhost:5173',
  'sec-fetch-site': 'same-site',
  'sec-fetch-mode': 'cors',
  'sec-fetch-dest': 'empty',
  referer: 'http://localhost:5173/',
  'accept-encoding': 'gzip, deflate, br, zstd',
  'accept-language': 'en-US,en;q=0.9',
  'if-none-match': 'W/"582-167cZZkz5CTvtvhrqRbJBAZRFk0"'
}
Bearer eyJhbGciOiJIUzI1NiIsInR5cCI6IkpXVCJ9.eyJpZCI6IjZhNGZkNTQ2NDQwMjVkMWU5YzlkODIzMSIsInJvbGUiOiJhZG1pbiIsImlhdCI6MTc4MzY4NjU1OCwiZXhwIjoxNzgzNjg3NDU4fQ.itGmui0KTggn1czmgNsfyiKzZXa3iJSX0u2pKBYwNkw
{
  host: 'localhost:3000',
  connection: 'keep-alive',
  'sec-ch-ua-platform': '"Windows"',
  authorization: 'Bearer eyJhbGciOiJIUzI1NiIsInR5cCI6IkpXVCJ9.eyJpZCI6IjZhNGZkNTQ2NDQwMjVkMWU5YzlkODIzMSIsInJvbGUiOiJhZG1pbiIsImlhdCI6MTc4MzY4NjU1OCwiZXhwIjoxNzgzNjg3NDU4fQ.itGmui0KTggn1czmgNsfyiKzZXa3iJSX0u2pKBYwNkw',
  'user-agent': 'Mozilla/5.0 (Windows NT 10.0; Win64; x64) AppleWebKit/537.36 (KHTML, like Gecko) Chrome/149.0.0.0 Safari/537.36',
  'sec-ch-ua': '"Google Chrome";v="149", "Chromium";v="149", "Not)A;Brand";v="24"',
  'sec-ch-ua-mobile': '?0',
  accept: '*/*',
  origin: 'http://localhost:5173',
  'sec-fetch-site': 'same-site',
  'sec-fetch-mode': 'cors',
  'sec-fetch-dest': 'empty',
  referer: 'http://localhost:5173/',
  'accept-encoding': 'gzip, deflate, br, zstd',
  'accept-language': 'en-US,en;q=0.9',
  'if-none-match': 'W/"582-167cZZkz5CTvtvhrqRbJBAZRFk0"'
}
Bearer eyJhbGciOiJIUzI1NiIsInR5cCI6IkpXVCJ9.eyJpZCI6IjZhNGZkNTQ2NDQwMjVkMWU5YzlkODIzMSIsInJvbGUiOiJhZG1pbiIsImlhdCI6MTc4MzY4NjU1OCwiZXhwIjoxNzgzNjg3NDU4fQ.itGmui0KTggn1czmgNsfyiKzZXa3iJSX0u2pKBYwNkw
{
  host: 'localhost:3000',
  connection: 'keep-alive',
  'content-length': '148',
  'sec-ch-ua-platform': '"Windows"',
  authorization: 'Bearer eyJhbGciOiJIUzI1NiIsInR5cCI6IkpXVCJ9.eyJpZCI6IjZhNGZkNTQ2NDQwMjVkMWU5YzlkODIzMSIsInJvbGUiOiJhZG1pbiIsImlhdCI6MTc4MzY4NjU1OCwiZXhwIjoxNzgzNjg3NDU4fQ.itGmui0KTggn1czmgNsfyiKzZXa3iJSX0u2pKBYwNkw',
  'user-agent': 'Mozilla/5.0 (Windows NT 10.0; Win64; x64) AppleWebKit/537.36 (KHTML, like Gecko) Chrome/149.0.0.0 Safari/537.36',
  'sec-ch-ua': '"Google Chrome";v="149", "Chromium";v="149", "Not)A;Brand";v="24"',
  'content-type': 'application/json',
  'sec-ch-ua-mobile': '?0',
  accept: '*/*',
  origin: 'http://localhost:5173',
  'sec-fetch-site': 'same-site',
  'sec-fetch-mode': 'cors',
  'sec-fetch-dest': 'empty',
  referer: 'http://localhost:5173/',
  'accept-encoding': 'gzip, deflate, br, zstd',
  'accept-language': 'en-US,en;q=0.9'
}
Bearer eyJhbGciOiJIUzI1NiIsInR5cCI6IkpXVCJ9.eyJpZCI6IjZhNGZkNTQ2NDQwMjVkMWU5YzlkODIzMSIsInJvbGUiOiJhZG1pbiIsImlhdCI6MTc4MzY4NjU1OCwiZXhwIjoxNzgzNjg3NDU4fQ.itGmui0KTggn1czmgNsfyiKzZXa3iJSX0u2pKBYwNkw
{
  host: 'localhost:3000',
  connection: 'keep-alive',
  'sec-ch-ua-platform': '"Windows"',
  authorization: 'Bearer eyJhbGciOiJIUzI1NiIsInR5cCI6IkpXVCJ9.eyJpZCI6IjZhNGZkNTQ2NDQwMjVkMWU5YzlkODIzMSIsInJvbGUiOiJhZG1pbiIsImlhdCI6MTc4MzY4NjU1OCwiZXhwIjoxNzgzNjg3NDU4fQ.itGmui0KTggn1czmgNsfyiKzZXa3iJSX0u2pKBYwNkw',
  'user-agent': 'Mozilla/5.0 (Windows NT 10.0; Win64; x64) AppleWebKit/537.36 (KHTML, like Gecko) Chrome/149.0.0.0 Safari/537.36',
  'sec-ch-ua': '"Google Chrome";v="149", "Chromium";v="149", "Not)A;Brand";v="24"',
  'sec-ch-ua-mobile': '?0',
  accept: '*/*',
  origin: 'http://localhost:5173',
  'sec-fetch-site': 'same-site',
  'sec-fetch-mode': 'cors',
  'sec-fetch-dest': 'empty',
  referer: 'http://localhost:5173/',
  'accept-encoding': 'gzip, deflate, br, zstd',
  'accept-language': 'en-US,en;q=0.9',
  'if-none-match': 'W/"1fa-sI5qXYGb5p1cDySnTRSDc+sKjlc"'
}
Bearer eyJhbGciOiJIUzI1NiIsInR5cCI6IkpXVCJ9.eyJpZCI6IjZhNGZkNTQ2NDQwMjVkMWU5YzlkODIzMSIsInJvbGUiOiJhZG1pbiIsImlhdCI6MTc4MzY4NjU1OCwiZXhwIjoxNzgzNjg3NDU4fQ.itGmui0KTggn1czmgNsfyiKzZXa3iJSX0u2pKBYwNkw
{
  host: 'localhost:3000',
  connection: 'keep-alive',
  'sec-ch-ua-platform': '"Windows"',
  authorization: 'Bearer eyJhbGciOiJIUzI1NiIsInR5cCI6IkpXVCJ9.eyJpZCI6IjZhNGZkNTQ2NDQwMjVkMWU5YzlkODIzMSIsInJvbGUiOiJhZG1pbiIsImlhdCI6MTc4MzY4NjU1OCwiZXhwIjoxNzgzNjg3NDU4fQ.itGmui0KTggn1czmgNsfyiKzZXa3iJSX0u2pKBYwNkw',
  'user-agent': 'Mozilla/5.0 (Windows NT 10.0; Win64; x64) AppleWebKit/537.36 (KHTML, like Gecko) Chrome/149.0.0.0 Safari/537.36',
  'sec-ch-ua': '"Google Chrome";v="149", "Chromium";v="149", "Not)A;Brand";v="24"',
  'sec-ch-ua-mobile': '?0',
  accept: '*/*',
  origin: 'http://localhost:5173',
  'sec-fetch-site': 'same-site',
  'sec-fetch-mode': 'cors',
  'sec-fetch-dest': 'empty',
  referer: 'http://localhost:5173/',
  'accept-encoding': 'gzip, deflate, br, zstd',
  'accept-language': 'en-US,en;q=0.9'
}
Bearer eyJhbGciOiJIUzI1NiIsInR5cCI6IkpXVCJ9.eyJpZCI6IjZhNGZkNTQ2NDQwMjVkMWU5YzlkODIzMSIsInJvbGUiOiJhZG1pbiIsImlhdCI6MTc4MzY4NjU1OCwiZXhwIjoxNzgzNjg3NDU4fQ.itGmui0KTggn1czmgNsfyiKzZXa3iJSX0u2pKBYwNkw
{
  host: 'localhost:3000',
  connection: 'keep-alive',
  'sec-ch-ua-platform': '"Windows"',
  authorization: 'Bearer eyJhbGciOiJIUzI1NiIsInR5cCI6IkpXVCJ9.eyJpZCI6IjZhNGZkNTQ2NDQwMjVkMWU5YzlkODIzMSIsInJvbGUiOiJhZG1pbiIsImlhdCI6MTc4MzY4NjU1OCwiZXhwIjoxNzgzNjg3NDU4fQ.itGmui0KTggn1czmgNsfyiKzZXa3iJSX0u2pKBYwNkw',
  'user-agent': 'Mozilla/5.0 (Windows NT 10.0; Win64; x64) AppleWebKit/537.36 (KHTML, like Gecko) Chrome/149.0.0.0 Safari/537.36',
  'sec-ch-ua': '"Google Chrome";v="149", "Chromium";v="149", "Not)A;Brand";v="24"',
  'sec-ch-ua-mobile': '?0',
  accept: '*/*',
  origin: 'http://localhost:5173',
  'sec-fetch-site': 'same-site',
  'sec-fetch-mode': 'cors',
  'sec-fetch-dest': 'empty',
  referer: 'http://localhost:5173/',
  'accept-encoding': 'gzip, deflate, br, zstd',
  'accept-language': 'en-US,en;q=0.9',
  'if-none-match': 'W/"3ca-xjpOew0y1uZLTNeuG7JbtJ/a6eE"'
}
Bearer eyJhbGciOiJIUzI1NiIsInR5cCI6IkpXVCJ9.eyJpZCI6IjZhNGZkNTQ2NDQwMjVkMWU5YzlkODIzMSIsInJvbGUiOiJhZG1pbiIsImlhdCI6MTc4MzY4NjU1OCwiZXhwIjoxNzgzNjg3NDU4fQ.itGmui0KTggn1czmgNsfyiKzZXa3iJSX0u2pKBYwNkw
{
  host: 'localhost:3000',
  connection: 'keep-alive',
  'sec-ch-ua-platform': '"Windows"',
  authorization: 'Bearer eyJhbGciOiJIUzI1NiIsInR5cCI6IkpXVCJ9.eyJpZCI6IjZhNGZkNTQ2NDQwMjVkMWU5YzlkODIzMSIsInJvbGUiOiJhZG1pbiIsImlhdCI6MTc4MzY4NjU1OCwiZXhwIjoxNzgzNjg3NDU4fQ.itGmui0KTggn1czmgNsfyiKzZXa3iJSX0u2pKBYwNkw',
  'user-agent': 'Mozilla/5.0 (Windows NT 10.0; Win64; x64) AppleWebKit/537.36 (KHTML, like Gecko) Chrome/149.0.0.0 Safari/537.36',
  'sec-ch-ua': '"Google Chrome";v="149", "Chromium";v="149", "Not)A;Brand";v="24"',
  'sec-ch-ua-mobile': '?0',
  accept: '*/*',
  origin: 'http://localhost:5173',
  'sec-fetch-site': 'same-site',
  'sec-fetch-mode': 'cors',
  'sec-fetch-dest': 'empty',
  referer: 'http://localhost:5173/',
  'accept-encoding': 'gzip, deflate, br, zstd',
  'accept-language': 'en-US,en;q=0.9',
  'if-none-match': 'W/"582-167cZZkz5CTvtvhrqRbJBAZRFk0"'
}
Bearer eyJhbGciOiJIUzI1NiIsInR5cCI6IkpXVCJ9.eyJpZCI6IjZhNGZkNTQ2NDQwMjVkMWU5YzlkODIzMSIsInJvbGUiOiJhZG1pbiIsImlhdCI6MTc4MzY4NjU1OCwiZXhwIjoxNzgzNjg3NDU4fQ.itGmui0KTggn1czmgNsfyiKzZXa3iJSX0u2pKBYwNkw
{
  host: 'localhost:3000',
  connection: 'keep-alive',
  'sec-ch-ua-platform': '"Windows"',
  authorization: 'Bearer eyJhbGciOiJIUzI1NiIsInR5cCI6IkpXVCJ9.eyJpZCI6IjZhNGZkNTQ2NDQwMjVkMWU5YzlkODIzMSIsInJvbGUiOiJhZG1pbiIsImlhdCI6MTc4MzY4NjU1OCwiZXhwIjoxNzgzNjg3NDU4fQ.itGmui0KTggn1czmgNsfyiKzZXa3iJSX0u2pKBYwNkw',
  'user-agent': 'Mozilla/5.0 (Windows NT 10.0; Win64; x64) AppleWebKit/537.36 (KHTML, like Gecko) Chrome/149.0.0.0 Safari/537.36',
  'sec-ch-ua': '"Google Chrome";v="149", "Chromium";v="149", "Not)A;Brand";v="24"',
  'sec-ch-ua-mobile': '?0',
  accept: '*/*',
  origin: 'http://localhost:5173',
  'sec-fetch-site': 'same-site',
  'sec-fetch-mode': 'cors',
  'sec-fetch-dest': 'empty',
  referer: 'http://localhost:5173/',
  'accept-encoding': 'gzip, deflate, br, zstd',
  'accept-language': 'en-US,en;q=0.9',
  'if-none-match': 'W/"582-167cZZkz5CTvtvhrqRbJBAZRFk0"'
}
Bearer eyJhbGciOiJIUzI1NiIsInR5cCI6IkpXVCJ9.eyJpZCI6IjZhNGZkNTQ2NDQwMjVkMWU5YzlkODIzMSIsInJvbGUiOiJhZG1pbiIsImlhdCI6MTc4MzY4NjU1OCwiZXhwIjoxNzgzNjg3NDU4fQ.itGmui0KTggn1czmgNsfyiKzZXa3iJSX0u2pKBYwNkw
{
  host: 'localhost:3000',
  connection: 'keep-alive',
  'sec-ch-ua-platform': '"Windows"',
  authorization: 'Bearer eyJhbGciOiJIUzI1NiIsInR5cCI6IkpXVCJ9.eyJpZCI6IjZhNGZkNTQ2NDQwMjVkMWU5YzlkODIzMSIsInJvbGUiOiJhZG1pbiIsImlhdCI6MTc4MzY4NjU1OCwiZXhwIjoxNzgzNjg3NDU4fQ.itGmui0KTggn1czmgNsfyiKzZXa3iJSX0u2pKBYwNkw',
  'user-agent': 'Mozilla/5.0 (Windows NT 10.0; Win64; x64) AppleWebKit/537.36 (KHTML, like Gecko) Chrome/149.0.0.0 Safari/537.36',
  'sec-ch-ua': '"Google Chrome";v="149", "Chromium";v="149", "Not)A;Brand";v="24"',
  'sec-ch-ua-mobile': '?0',
  accept: '*/*',
  origin: 'http://localhost:5173',
  'sec-fetch-site': 'same-site',
  'sec-fetch-mode': 'cors',
  'sec-fetch-dest': 'empty',
  referer: 'http://localhost:5173/',
  'accept-encoding': 'gzip, deflate, br, zstd',
  'accept-language': 'en-US,en;q=0.9',
  'if-none-match': 'W/"6b-k7zZEnu7xeiGOvUBvO2NLPXXA3c"'
}
Bearer eyJhbGciOiJIUzI1NiIsInR5cCI6IkpXVCJ9.eyJpZCI6IjZhNGZkNTQ2NDQwMjVkMWU5YzlkODIzMSIsInJvbGUiOiJhZG1pbiIsImlhdCI6MTc4MzY4NjU1OCwiZXhwIjoxNzgzNjg3NDU4fQ.itGmui0KTggn1czmgNsfyiKzZXa3iJSX0u2pKBYwNkw
{
  host: 'localhost:3000',
  connection: 'keep-alive',
  'sec-ch-ua-platform': '"Windows"',
  authorization: 'Bearer eyJhbGciOiJIUzI1NiIsInR5cCI6IkpXVCJ9.eyJpZCI6IjZhNGZkNTQ2NDQwMjVkMWU5YzlkODIzMSIsInJvbGUiOiJhZG1pbiIsImlhdCI6MTc4MzY4NjU1OCwiZXhwIjoxNzgzNjg3NDU4fQ.itGmui0KTggn1czmgNsfyiKzZXa3iJSX0u2pKBYwNkw',
  'user-agent': 'Mozilla/5.0 (Windows NT 10.0; Win64; x64) AppleWebKit/537.36 (KHTML, like Gecko) Chrome/149.0.0.0 Safari/537.36',
  'sec-ch-ua': '"Google Chrome";v="149", "Chromium";v="149", "Not)A;Brand";v="24"',
  'sec-ch-ua-mobile': '?0',
  accept: '*/*',
  origin: 'http://localhost:5173',
  'sec-fetch-site': 'same-site',
  'sec-fetch-mode': 'cors',
  'sec-fetch-dest': 'empty',
  referer: 'http://localhost:5173/',
  'accept-encoding': 'gzip, deflate, br, zstd',
  'accept-language': 'en-US,en;q=0.9',
  'if-none-match': 'W/"7c-eOXo3RJuDDEvIybIvVWLkrNw3Ss"'
}
Bearer eyJhbGciOiJIUzI1NiIsInR5cCI6IkpXVCJ9.eyJpZCI6IjZhNGZkNTQ2NDQwMjVkMWU5YzlkODIzMSIsInJvbGUiOiJhZG1pbiIsImlhdCI6MTc4MzY4NjU1OCwiZXhwIjoxNzgzNjg3NDU4fQ.itGmui0KTggn1czmgNsfyiKzZXa3iJSX0u2pKBYwNkw
{
  host: 'localhost:3000',
  connection: 'keep-alive',
  'content-length': '0',
  'sec-ch-ua-platform': '"Windows"',
  authorization: 'Bearer eyJhbGciOiJIUzI1NiIsInR5cCI6IkpXVCJ9.eyJpZCI6IjZhNGZkNTQ2NDQwMjVkMWU5YzlkODIzMSIsInJvbGUiOiJhZG1pbiIsImlhdCI6MTc4MzY4NjU1OCwiZXhwIjoxNzgzNjg3NDU4fQ.itGmui0KTggn1czmgNsfyiKzZXa3iJSX0u2pKBYwNkw',
  'user-agent': 'Mozilla/5.0 (Windows NT 10.0; Win64; x64) AppleWebKit/537.36 (KHTML, like Gecko) Chrome/149.0.0.0 Safari/537.36',
  'sec-ch-ua': '"Google Chrome";v="149", "Chromium";v="149", "Not)A;Brand";v="24"',
  'sec-ch-ua-mobile': '?0',
  accept: '*/*',
  origin: 'http://localhost:5173',
  'sec-fetch-site': 'same-site',
  'sec-fetch-mode': 'cors',
  'sec-fetch-dest': 'empty',
  referer: 'http://localhost:5173/',
  'accept-encoding': 'gzip, deflate, br, zstd',
  'accept-language': 'en-US,en;q=0.9'
}
Bearer eyJhbGciOiJIUzI1NiIsInR5cCI6IkpXVCJ9.eyJpZCI6IjZhNGZkNTQ2NDQwMjVkMWU5YzlkODIzMSIsInJvbGUiOiJhZG1pbiIsImlhdCI6MTc4MzY4NjU1OCwiZXhwIjoxNzgzNjg3NDU4fQ.itGmui0KTggn1czmgNsfyiKzZXa3iJSX0u2pKBYwNkw
{
  host: 'localhost:3000',
  connection: 'keep-alive',
  'sec-ch-ua-platform': '"Windows"',
  authorization: 'Bearer eyJhbGciOiJIUzI1NiIsInR5cCI6IkpXVCJ9.eyJpZCI6IjZhNGZkNTQ2NDQwMjVkMWU5YzlkODIzMSIsInJvbGUiOiJhZG1pbiIsImlhdCI6MTc4MzY4NjU1OCwiZXhwIjoxNzgzNjg3NDU4fQ.itGmui0KTggn1czmgNsfyiKzZXa3iJSX0u2pKBYwNkw',
  'user-agent': 'Mozilla/5.0 (Windows NT 10.0; Win64; x64) AppleWebKit/537.36 (KHTML, like Gecko) Chrome/149.0.0.0 Safari/537.36',
  'sec-ch-ua': '"Google Chrome";v="149", "Chromium";v="149", "Not)A;Brand";v="24"',
  'sec-ch-ua-mobile': '?0',
  accept: '*/*',
  origin: 'http://localhost:5173',
  'sec-fetch-site': 'same-site',
  'sec-fetch-mode': 'cors',
  'sec-fetch-dest': 'empty',
  referer: 'http://localhost:5173/',
  'accept-encoding': 'gzip, deflate, br, zstd',
  'accept-language': 'en-US,en;q=0.9',
  'if-none-match': 'W/"263-HSYDSCe6pez+R6Ueh0a7hkzPcJo"'
}
Bearer eyJhbGciOiJIUzI1NiIsInR5cCI6IkpXVCJ9.eyJpZCI6IjZhNGZkNTQ2NDQwMjVkMWU5YzlkODIzMSIsInJvbGUiOiJhZG1pbiIsImlhdCI6MTc4MzY4NjU1OCwiZXhwIjoxNzgzNjg3NDU4fQ.itGmui0KTggn1czmgNsfyiKzZXa3iJSX0u2pKBYwNkw
{
  host: 'localhost:3000',
  connection: 'keep-alive',
  'sec-ch-ua-platform': '"Windows"',
  authorization: 'Bearer eyJhbGciOiJIUzI1NiIsInR5cCI6IkpXVCJ9.eyJpZCI6IjZhNGZkNTQ2NDQwMjVkMWU5YzlkODIzMSIsInJvbGUiOiJhZG1pbiIsImlhdCI6MTc4MzY4NjU1OCwiZXhwIjoxNzgzNjg3NDU4fQ.itGmui0KTggn1czmgNsfyiKzZXa3iJSX0u2pKBYwNkw',
  'user-agent': 'Mozilla/5.0 (Windows NT 10.0; Win64; x64) AppleWebKit/537.36 (KHTML, like Gecko) Chrome/149.0.0.0 Safari/537.36',
  'sec-ch-ua': '"Google Chrome";v="149", "Chromium";v="149", "Not)A;Brand";v="24"',
  'sec-ch-ua-mobile': '?0',
  accept: '*/*',
  origin: 'http://localhost:5173',
  'sec-fetch-site': 'same-site',
  'sec-fetch-mode': 'cors',
  'sec-fetch-dest': 'empty',
  referer: 'http://localhost:5173/',
  'accept-encoding': 'gzip, deflate, br, zstd',
  'accept-language': 'en-US,en;q=0.9',
  'if-none-match': 'W/"7c-eOXo3RJuDDEvIybIvVWLkrNw3Ss"'
}
Bearer eyJhbGciOiJIUzI1NiIsInR5cCI6IkpXVCJ9.eyJpZCI6IjZhNGZkNTQ2NDQwMjVkMWU5YzlkODIzMSIsInJvbGUiOiJhZG1pbiIsImlhdCI6MTc4MzY4NjU1OCwiZXhwIjoxNzgzNjg3NDU4fQ.itGmui0KTggn1czmgNsfyiKzZXa3iJSX0u2pKBYwNkw
{
  host: 'localhost:3000',
  connection: 'keep-alive',
  'sec-ch-ua-platform': '"Windows"',
  authorization: 'Bearer eyJhbGciOiJIUzI1NiIsInR5cCI6IkpXVCJ9.eyJpZCI6IjZhNGZkNTQ2NDQwMjVkMWU5YzlkODIzMSIsInJvbGUiOiJhZG1pbiIsImlhdCI6MTc4MzY4NjU1OCwiZXhwIjoxNzgzNjg3NDU4fQ.itGmui0KTggn1czmgNsfyiKzZXa3iJSX0u2pKBYwNkw',
  'user-agent': 'Mozilla/5.0 (Windows NT 10.0; Win64; x64) AppleWebKit/537.36 (KHTML, like Gecko) Chrome/149.0.0.0 Safari/537.36',
  'sec-ch-ua': '"Google Chrome";v="149", "Chromium";v="149", "Not)A;Brand";v="24"',
  'sec-ch-ua-mobile': '?0',
  accept: '*/*',
  origin: 'http://localhost:5173',
  'sec-fetch-site': 'same-site',
  'sec-fetch-mode': 'cors',
  'sec-fetch-dest': 'empty',
  referer: 'http://localhost:5173/',
  'accept-encoding': 'gzip, deflate, br, zstd',
  'accept-language': 'en-US,en;q=0.9',
  'if-none-match': 'W/"864-fMSqO9FFtoCXHFg0QRrRq6qnGSg"'
}
Bearer eyJhbGciOiJIUzI1NiIsInR5cCI6IkpXVCJ9.eyJpZCI6IjZhNGZkNTQ2NDQwMjVkMWU5YzlkODIzMSIsInJvbGUiOiJhZG1pbiIsImlhdCI6MTc4MzY4NjU1OCwiZXhwIjoxNzgzNjg3NDU4fQ.itGmui0KTggn1czmgNsfyiKzZXa3iJSX0u2pKBYwNkw
{
  host: 'localhost:3000',
  connection: 'keep-alive',
  'sec-ch-ua-platform': '"Windows"',
  authorization: 'Bearer eyJhbGciOiJIUzI1NiIsInR5cCI6IkpXVCJ9.eyJpZCI6IjZhNGZkNTQ2NDQwMjVkMWU5YzlkODIzMSIsInJvbGUiOiJhZG1pbiIsImlhdCI6MTc4MzY4NjU1OCwiZXhwIjoxNzgzNjg3NDU4fQ.itGmui0KTggn1czmgNsfyiKzZXa3iJSX0u2pKBYwNkw',
  'user-agent': 'Mozilla/5.0 (Windows NT 10.0; Win64; x64) AppleWebKit/537.36 (KHTML, like Gecko) Chrome/149.0.0.0 Safari/537.36',
  'sec-ch-ua': '"Google Chrome";v="149", "Chromium";v="149", "Not)A;Brand";v="24"',
  'sec-ch-ua-mobile': '?0',
  accept: '*/*',
  origin: 'http://localhost:5173',
  'sec-fetch-site': 'same-site',
  'sec-fetch-mode': 'cors',
  'sec-fetch-dest': 'empty',
  referer: 'http://localhost:5173/',
  'accept-encoding': 'gzip, deflate, br, zstd',
  'accept-language': 'en-US,en;q=0.9',
  'if-none-match': 'W/"a48-queENoVnJIbZi19z7LS1dbhEepg"'
}
Bearer eyJhbGciOiJIUzI1NiIsInR5cCI6IkpXVCJ9.eyJpZCI6IjZhNGZkNTQ2NDQwMjVkMWU5YzlkODIzMSIsInJvbGUiOiJhZG1pbiIsImlhdCI6MTc4MzY4NjU1OCwiZXhwIjoxNzgzNjg3NDU4fQ.itGmui0KTggn1czmgNsfyiKzZXa3iJSX0u2pKBYwNkw
{
  host: 'localhost:3000',
  connection: 'keep-alive',
  'sec-ch-ua-platform': '"Windows"',
  authorization: 'Bearer eyJhbGciOiJIUzI1NiIsInR5cCI6IkpXVCJ9.eyJpZCI6IjZhNGZkNTQ2NDQwMjVkMWU5YzlkODIzMSIsInJvbGUiOiJhZG1pbiIsImlhdCI6MTc4MzY4NjU1OCwiZXhwIjoxNzgzNjg3NDU4fQ.itGmui0KTggn1czmgNsfyiKzZXa3iJSX0u2pKBYwNkw',
  'user-agent': 'Mozilla/5.0 (Windows NT 10.0; Win64; x64) AppleWebKit/537.36 (KHTML, like Gecko) Chrome/149.0.0.0 Safari/537.36',
  'sec-ch-ua': '"Google Chrome";v="149", "Chromium";v="149", "Not)A;Brand";v="24"',
  'sec-ch-ua-mobile': '?0',
  accept: '*/*',
  origin: 'http://localhost:5173',
  'sec-fetch-site': 'same-site',
  'sec-fetch-mode': 'cors',
  'sec-fetch-dest': 'empty',
  referer: 'http://localhost:5173/',
  'accept-encoding': 'gzip, deflate, br, zstd',
  'accept-language': 'en-US,en;q=0.9'
}
Bearer eyJhbGciOiJIUzI1NiIsInR5cCI6IkpXVCJ9.eyJpZCI6IjZhNGZkNTQ2NDQwMjVkMWU5YzlkODIzMSIsInJvbGUiOiJhZG1pbiIsImlhdCI6MTc4MzY4NjU1OCwiZXhwIjoxNzgzNjg3NDU4fQ.itGmui0KTggn1czmgNsfyiKzZXa3iJSX0u2pKBYwNkw
{
  host: 'localhost:3000',
  connection: 'keep-alive',
  'sec-ch-ua-platform': '"Windows"',
  authorization: 'Bearer eyJhbGciOiJIUzI1NiIsInR5cCI6IkpXVCJ9.eyJpZCI6IjZhNGZkNTQ2NDQwMjVkMWU5YzlkODIzMSIsInJvbGUiOiJhZG1pbiIsImlhdCI6MTc4MzY4NjU1OCwiZXhwIjoxNzgzNjg3NDU4fQ.itGmui0KTggn1czmgNsfyiKzZXa3iJSX0u2pKBYwNkw',
  'user-agent': 'Mozilla/5.0 (Windows NT 10.0; Win64; x64) AppleWebKit/537.36 (KHTML, like Gecko) Chrome/149.0.0.0 Safari/537.36',
  'sec-ch-ua': '"Google Chrome";v="149", "Chromium";v="149", "Not)A;Brand";v="24"',
  'sec-ch-ua-mobile': '?0',
  accept: '*/*',
  origin: 'http://localhost:5173',
  'sec-fetch-site': 'same-site',
  'sec-fetch-mode': 'cors',
  'sec-fetch-dest': 'empty',
  referer: 'http://localhost:5173/',
  'accept-encoding': 'gzip, deflate, br, zstd',
  'accept-language': 'en-US,en;q=0.9'
}
Bearer eyJhbGciOiJIUzI1NiIsInR5cCI6IkpXVCJ9.eyJpZCI6IjZhNGZkNTQ2NDQwMjVkMWU5YzlkODIzMSIsInJvbGUiOiJhZG1pbiIsImlhdCI6MTc4MzY4NjU1OCwiZXhwIjoxNzgzNjg3NDU4fQ.itGmui0KTggn1czmgNsfyiKzZXa3iJSX0u2pKBYwNkw
{
  host: 'localhost:3000',
  connection: 'keep-alive',
  'sec-ch-ua-platform': '"Windows"',
  authorization: 'Bearer eyJhbGciOiJIUzI1NiIsInR5cCI6IkpXVCJ9.eyJpZCI6IjZhNGZkNTQ2NDQwMjVkMWU5YzlkODIzMSIsInJvbGUiOiJhZG1pbiIsImlhdCI6MTc4MzY4NjU1OCwiZXhwIjoxNzgzNjg3NDU4fQ.itGmui0KTggn1czmgNsfyiKzZXa3iJSX0u2pKBYwNkw',
  'user-agent': 'Mozilla/5.0 (Windows NT 10.0; Win64; x64) AppleWebKit/537.36 (KHTML, like Gecko) Chrome/149.0.0.0 Safari/537.36',
  'sec-ch-ua': '"Google Chrome";v="149", "Chromium";v="149", "Not)A;Brand";v="24"',
  'sec-ch-ua-mobile': '?0',
  accept: '*/*',
  origin: 'http://localhost:5173',
  'sec-fetch-site': 'same-site',
  'sec-fetch-mode': 'cors',
  'sec-fetch-dest': 'empty',
  referer: 'http://localhost:5173/',
  'accept-encoding': 'gzip, deflate, br, zstd',
  'accept-language': 'en-US,en;q=0.9'
}
Bearer eyJhbGciOiJIUzI1NiIsInR5cCI6IkpXVCJ9.eyJpZCI6IjZhNGZkNTQ2NDQwMjVkMWU5YzlkODIzMSIsInJvbGUiOiJhZG1pbiIsImlhdCI6MTc4MzY4NjU1OCwiZXhwIjoxNzgzNjg3NDU4fQ.itGmui0KTggn1czmgNsfyiKzZXa3iJSX0u2pKBYwNkw
{
  host: 'localhost:3000',
  connection: 'keep-alive',
  'sec-ch-ua-platform': '"Windows"',
  authorization: 'Bearer eyJhbGciOiJIUzI1NiIsInR5cCI6IkpXVCJ9.eyJpZCI6IjZhNGZkNTQ2NDQwMjVkMWU5YzlkODIzMSIsInJvbGUiOiJhZG1pbiIsImlhdCI6MTc4MzY4NjU1OCwiZXhwIjoxNzgzNjg3NDU4fQ.itGmui0KTggn1czmgNsfyiKzZXa3iJSX0u2pKBYwNkw',
  'user-agent': 'Mozilla/5.0 (Windows NT 10.0; Win64; x64) AppleWebKit/537.36 (KHTML, like Gecko) Chrome/149.0.0.0 Safari/537.36',
  'sec-ch-ua': '"Google Chrome";v="149", "Chromium";v="149", "Not)A;Brand";v="24"',
  'sec-ch-ua-mobile': '?0',
  accept: '*/*',
  origin: 'http://localhost:5173',
  'sec-fetch-site': 'same-site',
  'sec-fetch-mode': 'cors',
  'sec-fetch-dest': 'empty',
  referer: 'http://localhost:5173/',
  'accept-encoding': 'gzip, deflate, br, zstd',
  'accept-language': 'en-US,en;q=0.9'
}
Bearer eyJhbGciOiJIUzI1NiIsInR5cCI6IkpXVCJ9.eyJpZCI6IjZhNGZkNTQ2NDQwMjVkMWU5YzlkODIzMSIsInJvbGUiOiJhZG1pbiIsImlhdCI6MTc4MzY4NjU1OCwiZXhwIjoxNzgzNjg3NDU4fQ.itGmui0KTggn1czmgNsfyiKzZXa3iJSX0u2pKBYwNkw
{
  host: 'localhost:3000',
  connection: 'keep-alive',
  'sec-ch-ua-platform': '"Windows"',
  authorization: 'Bearer eyJhbGciOiJIUzI1NiIsInR5cCI6IkpXVCJ9.eyJpZCI6IjZhNGZkNTQ2NDQwMjVkMWU5YzlkODIzMSIsInJvbGUiOiJhZG1pbiIsImlhdCI6MTc4MzY4NjU1OCwiZXhwIjoxNzgzNjg3NDU4fQ.itGmui0KTggn1czmgNsfyiKzZXa3iJSX0u2pKBYwNkw',
  'user-agent': 'Mozilla/5.0 (Windows NT 10.0; Win64; x64) AppleWebKit/537.36 (KHTML, like Gecko) Chrome/149.0.0.0 Safari/537.36',
  'sec-ch-ua': '"Google Chrome";v="149", "Chromium";v="149", "Not)A;Brand";v="24"',
  'sec-ch-ua-mobile': '?0',
  accept: '*/*',
  origin: 'http://localhost:5173',
  'sec-fetch-site': 'same-site',
  'sec-fetch-mode': 'cors',
  'sec-fetch-dest': 'empty',
  referer: 'http://localhost:5173/',
  'accept-encoding': 'gzip, deflate, br, zstd',
  'accept-language': 'en-US,en;q=0.9',
  'if-none-match': 'W/"7c-eOXo3RJuDDEvIybIvVWLkrNw3Ss"'
}
Bearer eyJhbGciOiJIUzI1NiIsInR5cCI6IkpXVCJ9.eyJpZCI6IjZhNGZkNTQ2NDQwMjVkMWU5YzlkODIzMSIsInJvbGUiOiJhZG1pbiIsImlhdCI6MTc4MzY4NjU1OCwiZXhwIjoxNzgzNjg3NDU4fQ.itGmui0KTggn1czmgNsfyiKzZXa3iJSX0u2pKBYwNkw
{
  host: 'localhost:3000',
  connection: 'keep-alive',
  'sec-ch-ua-platform': '"Windows"',
  authorization: 'Bearer eyJhbGciOiJIUzI1NiIsInR5cCI6IkpXVCJ9.eyJpZCI6IjZhNGZkNTQ2NDQwMjVkMWU5YzlkODIzMSIsInJvbGUiOiJhZG1pbiIsImlhdCI6MTc4MzY4NjU1OCwiZXhwIjoxNzgzNjg3NDU4fQ.itGmui0KTggn1czmgNsfyiKzZXa3iJSX0u2pKBYwNkw',
  'user-agent': 'Mozilla/5.0 (Windows NT 10.0; Win64; x64) AppleWebKit/537.36 (KHTML, like Gecko) Chrome/149.0.0.0 Safari/537.36',
  'sec-ch-ua': '"Google Chrome";v="149", "Chromium";v="149", "Not)A;Brand";v="24"',
  'sec-ch-ua-mobile': '?0',
  accept: '*/*',
  origin: 'http://localhost:5173',
  'sec-fetch-site': 'same-site',
  'sec-fetch-mode': 'cors',
  'sec-fetch-dest': 'empty',
  referer: 'http://localhost:5173/',
  'accept-encoding': 'gzip, deflate, br, zstd',
  'accept-language': 'en-US,en;q=0.9',
  'if-none-match': 'W/"7c-eOXo3RJuDDEvIybIvVWLkrNw3Ss"'
}
Bearer eyJhbGciOiJIUzI1NiIsInR5cCI6IkpXVCJ9.eyJpZCI6IjZhNGZkNTQ2NDQwMjVkMWU5YzlkODIzMSIsInJvbGUiOiJhZG1pbiIsImlhdCI6MTc4MzY4NjU1OCwiZXhwIjoxNzgzNjg3NDU4fQ.itGmui0KTggn1czmgNsfyiKzZXa3iJSX0u2pKBYwNkw
{
  host: 'localhost:3000',
  connection: 'keep-alive',
  'sec-ch-ua-platform': '"Windows"',
  authorization: 'Bearer eyJhbGciOiJIUzI1NiIsInR5cCI6IkpXVCJ9.eyJpZCI6IjZhNGZkNTQ2NDQwMjVkMWU5YzlkODIzMSIsInJvbGUiOiJhZG1pbiIsImlhdCI6MTc4MzY4NjU1OCwiZXhwIjoxNzgzNjg3NDU4fQ.itGmui0KTggn1czmgNsfyiKzZXa3iJSX0u2pKBYwNkw',
  'user-agent': 'Mozilla/5.0 (Windows NT 10.0; Win64; x64) AppleWebKit/537.36 (KHTML, like Gecko) Chrome/149.0.0.0 Safari/537.36',
  'sec-ch-ua': '"Google Chrome";v="149", "Chromium";v="149", "Not)A;Brand";v="24"',
  'sec-ch-ua-mobile': '?0',
  accept: '*/*',
  origin: 'http://localhost:5173',
  'sec-fetch-site': 'same-site',
  'sec-fetch-mode': 'cors',
  'sec-fetch-dest': 'empty',
  referer: 'http://localhost:5173/',
  'accept-encoding': 'gzip, deflate, br, zstd',
  'accept-language': 'en-US,en;q=0.9'
}
Bearer eyJhbGciOiJIUzI1NiIsInR5cCI6IkpXVCJ9.eyJpZCI6IjZhNGZkNTQ2NDQwMjVkMWU5YzlkODIzMSIsInJvbGUiOiJhZG1pbiIsImlhdCI6MTc4MzY4NjU1OCwiZXhwIjoxNzgzNjg3NDU4fQ.itGmui0KTggn1czmgNsfyiKzZXa3iJSX0u2pKBYwNkw
{
  host: 'localhost:3000',
  connection: 'keep-alive',
  'sec-ch-ua-platform': '"Windows"',
  authorization: 'Bearer eyJhbGciOiJIUzI1NiIsInR5cCI6IkpXVCJ9.eyJpZCI6IjZhNGZkNTQ2NDQwMjVkMWU5YzlkODIzMSIsInJvbGUiOiJhZG1pbiIsImlhdCI6MTc4MzY4NjU1OCwiZXhwIjoxNzgzNjg3NDU4fQ.itGmui0KTggn1czmgNsfyiKzZXa3iJSX0u2pKBYwNkw',
  'user-agent': 'Mozilla/5.0 (Windows NT 10.0; Win64; x64) AppleWebKit/537.36 (KHTML, like Gecko) Chrome/149.0.0.0 Safari/537.36',
  'sec-ch-ua': '"Google Chrome";v="149", "Chromium";v="149", "Not)A;Brand";v="24"',
  'sec-ch-ua-mobile': '?0',
  accept: '*/*',
  origin: 'http://localhost:5173',
  'sec-fetch-site': 'same-site',
  'sec-fetch-mode': 'cors',
  'sec-fetch-dest': 'empty',
  referer: 'http://localhost:5173/',
  'accept-encoding': 'gzip, deflate, br, zstd',
  'accept-language': 'en-US,en;q=0.9',
  'if-none-match': 'W/"7c-eOXo3RJuDDEvIybIvVWLkrNw3Ss"'
}
Bearer eyJhbGciOiJIUzI1NiIsInR5cCI6IkpXVCJ9.eyJpZCI6IjZhNGZkNTQ2NDQwMjVkMWU5YzlkODIzMSIsInJvbGUiOiJhZG1pbiIsImlhdCI6MTc4MzY4NjU1OCwiZXhwIjoxNzgzNjg3NDU4fQ.itGmui0KTggn1czmgNsfyiKzZXa3iJSX0u2pKBYwNkw
{
  host: 'localhost:3000',
  connection: 'keep-alive',
  'sec-ch-ua-platform': '"Windows"',
  authorization: 'Bearer eyJhbGciOiJIUzI1NiIsInR5cCI6IkpXVCJ9.eyJpZCI6IjZhNGZkNTQ2NDQwMjVkMWU5YzlkODIzMSIsInJvbGUiOiJhZG1pbiIsImlhdCI6MTc4MzY4NjU1OCwiZXhwIjoxNzgzNjg3NDU4fQ.itGmui0KTggn1czmgNsfyiKzZXa3iJSX0u2pKBYwNkw',
  'user-agent': 'Mozilla/5.0 (Windows NT 10.0; Win64; x64) AppleWebKit/537.36 (KHTML, like Gecko) Chrome/149.0.0.0 Safari/537.36',
  'sec-ch-ua': '"Google Chrome";v="149", "Chromium";v="149", "Not)A;Brand";v="24"',
  'sec-ch-ua-mobile': '?0',
  accept: '*/*',
  origin: 'http://localhost:5173',
  'sec-fetch-site': 'same-site',
  'sec-fetch-mode': 'cors',
  'sec-fetch-dest': 'empty',
  referer: 'http://localhost:5173/',
  'accept-encoding': 'gzip, deflate, br, zstd',
  'accept-language': 'en-US,en;q=0.9'
}
Bearer eyJhbGciOiJIUzI1NiIsInR5cCI6IkpXVCJ9.eyJpZCI6IjZhNGZkNTQ2NDQwMjVkMWU5YzlkODIzMSIsInJvbGUiOiJhZG1pbiIsImlhdCI6MTc4MzY4NjU1OCwiZXhwIjoxNzgzNjg3NDU4fQ.itGmui0KTggn1czmgNsfyiKzZXa3iJSX0u2pKBYwNkw
{
  host: 'localhost:3000',
  connection: 'keep-alive',
  'sec-ch-ua-platform': '"Windows"',
  authorization: 'Bearer eyJhbGciOiJIUzI1NiIsInR5cCI6IkpXVCJ9.eyJpZCI6IjZhNGZkNTQ2NDQwMjVkMWU5YzlkODIzMSIsInJvbGUiOiJhZG1pbiIsImlhdCI6MTc4MzY4NjU1OCwiZXhwIjoxNzgzNjg3NDU4fQ.itGmui0KTggn1czmgNsfyiKzZXa3iJSX0u2pKBYwNkw',
  'user-agent': 'Mozilla/5.0 (Windows NT 10.0; Win64; x64) AppleWebKit/537.36 (KHTML, like Gecko) Chrome/149.0.0.0 Safari/537.36',
  'sec-ch-ua': '"Google Chrome";v="149", "Chromium";v="149", "Not)A;Brand";v="24"',
  'sec-ch-ua-mobile': '?0',
  accept: '*/*',
  origin: 'http://localhost:5173',
  'sec-fetch-site': 'same-site',
  'sec-fetch-mode': 'cors',
  'sec-fetch-dest': 'empty',
  referer: 'http://localhost:5173/',
  'accept-encoding': 'gzip, deflate, br, zstd',
  'accept-language': 'en-US,en;q=0.9',
  'if-none-match': 'W/"7c-eOXo3RJuDDEvIybIvVWLkrNw3Ss"'
}
Bearer eyJhbGciOiJIUzI1NiIsInR5cCI6IkpXVCJ9.eyJpZCI6IjZhNGZkNTQ2NDQwMjVkMWU5YzlkODIzMSIsInJvbGUiOiJhZG1pbiIsImlhdCI6MTc4MzY4NjU1OCwiZXhwIjoxNzgzNjg3NDU4fQ.itGmui0KTggn1czmgNsfyiKzZXa3iJSX0u2pKBYwNkw
{
  host: 'localhost:3000',
  connection: 'keep-alive',
  'sec-ch-ua-platform': '"Windows"',
  authorization: 'Bearer eyJhbGciOiJIUzI1NiIsInR5cCI6IkpXVCJ9.eyJpZCI6IjZhNGZkNTQ2NDQwMjVkMWU5YzlkODIzMSIsInJvbGUiOiJhZG1pbiIsImlhdCI6MTc4MzY4NjU1OCwiZXhwIjoxNzgzNjg3NDU4fQ.itGmui0KTggn1czmgNsfyiKzZXa3iJSX0u2pKBYwNkw',
  'user-agent': 'Mozilla/5.0 (Windows NT 10.0; Win64; x64) AppleWebKit/537.36 (KHTML, like Gecko) Chrome/149.0.0.0 Safari/537.36',
  'sec-ch-ua': '"Google Chrome";v="149", "Chromium";v="149", "Not)A;Brand";v="24"',
  'sec-ch-ua-mobile': '?0',
  accept: '*/*',
  origin: 'http://localhost:5173',
  'sec-fetch-site': 'same-site',
  'sec-fetch-mode': 'cors',
  'sec-fetch-dest': 'empty',
  referer: 'http://localhost:5173/',
  'accept-encoding': 'gzip, deflate, br, zstd',
  'accept-language': 'en-US,en;q=0.9',
  'if-none-match': 'W/"a48-queENoVnJIbZi19z7LS1dbhEepg"'
}
Bearer eyJhbGciOiJIUzI1NiIsInR5cCI6IkpXVCJ9.eyJpZCI6IjZhNGZkNTQ2NDQwMjVkMWU5YzlkODIzMSIsInJvbGUiOiJhZG1pbiIsImlhdCI6MTc4MzY4NjU1OCwiZXhwIjoxNzgzNjg3NDU4fQ.itGmui0KTggn1czmgNsfyiKzZXa3iJSX0u2pKBYwNkw
{
  host: 'localhost:3000',
  connection: 'keep-alive',
  'sec-ch-ua-platform': '"Windows"',
  authorization: 'Bearer eyJhbGciOiJIUzI1NiIsInR5cCI6IkpXVCJ9.eyJpZCI6IjZhNGZkNTQ2NDQwMjVkMWU5YzlkODIzMSIsInJvbGUiOiJhZG1pbiIsImlhdCI6MTc4MzY4NjU1OCwiZXhwIjoxNzgzNjg3NDU4fQ.itGmui0KTggn1czmgNsfyiKzZXa3iJSX0u2pKBYwNkw',
  'user-agent': 'Mozilla/5.0 (Windows NT 10.0; Win64; x64) AppleWebKit/537.36 (KHTML, like Gecko) Chrome/149.0.0.0 Safari/537.36',
  'sec-ch-ua': '"Google Chrome";v="149", "Chromium";v="149", "Not)A;Brand";v="24"',
  'sec-ch-ua-mobile': '?0',
  accept: '*/*',
  origin: 'http://localhost:5173',
  'sec-fetch-site': 'same-site',
  'sec-fetch-mode': 'cors',
  'sec-fetch-dest': 'empty',
  referer: 'http://localhost:5173/',
  'accept-encoding': 'gzip, deflate, br, zstd',
  'accept-language': 'en-US,en;q=0.9',
  'if-none-match': 'W/"270-jgBEoKC6DjSJZEAWEgQyP8zlqC8"'
}
Bearer eyJhbGciOiJIUzI1NiIsInR5cCI6IkpXVCJ9.eyJpZCI6IjZhNGZkNTQ2NDQwMjVkMWU5YzlkODIzMSIsInJvbGUiOiJhZG1pbiIsImlhdCI6MTc4MzY4NjU1OCwiZXhwIjoxNzgzNjg3NDU4fQ.itGmui0KTggn1czmgNsfyiKzZXa3iJSX0u2pKBYwNkw
{
  host: 'localhost:3000',
  connection: 'keep-alive',
  'sec-ch-ua-platform': '"Windows"',
  authorization: 'Bearer eyJhbGciOiJIUzI1NiIsInR5cCI6IkpXVCJ9.eyJpZCI6IjZhNGZkNTQ2NDQwMjVkMWU5YzlkODIzMSIsInJvbGUiOiJhZG1pbiIsImlhdCI6MTc4MzY4NjU1OCwiZXhwIjoxNzgzNjg3NDU4fQ.itGmui0KTggn1czmgNsfyiKzZXa3iJSX0u2pKBYwNkw',
  'user-agent': 'Mozilla/5.0 (Windows NT 10.0; Win64; x64) AppleWebKit/537.36 (KHTML, like Gecko) Chrome/149.0.0.0 Safari/537.36',
  'sec-ch-ua': '"Google Chrome";v="149", "Chromium";v="149", "Not)A;Brand";v="24"',
  'sec-ch-ua-mobile': '?0',
  accept: '*/*',
  origin: 'http://localhost:5173',
  'sec-fetch-site': 'same-site',
  'sec-fetch-mode': 'cors',
  'sec-fetch-dest': 'empty',
  referer: 'http://localhost:5173/',
  'accept-encoding': 'gzip, deflate, br, zstd',
  'accept-language': 'en-US,en;q=0.9',
  'if-none-match': 'W/"1a65-DQNsbnmmq1M76NoAPdJ23eBIWjI"'
}
Bearer eyJhbGciOiJIUzI1NiIsInR5cCI6IkpXVCJ9.eyJpZCI6IjZhNGZkNTQ2NDQwMjVkMWU5YzlkODIzMSIsInJvbGUiOiJhZG1pbiIsImlhdCI6MTc4MzY4NjU1OCwiZXhwIjoxNzgzNjg3NDU4fQ.itGmui0KTggn1czmgNsfyiKzZXa3iJSX0u2pKBYwNkw
admin
{
  host: 'localhost:3000',
  connection: 'keep-alive',
  'sec-ch-ua-platform': '"Windows"',
  authorization: 'Bearer eyJhbGciOiJIUzI1NiIsInR5cCI6IkpXVCJ9.eyJpZCI6IjZhNGZkNTQ2NDQwMjVkMWU5YzlkODIzMSIsInJvbGUiOiJhZG1pbiIsImlhdCI6MTc4MzY4NjU1OCwiZXhwIjoxNzgzNjg3NDU4fQ.itGmui0KTggn1czmgNsfyiKzZXa3iJSX0u2pKBYwNkw',
  'user-agent': 'Mozilla/5.0 (Windows NT 10.0; Win64; x64) AppleWebKit/537.36 (KHTML, like Gecko) Chrome/149.0.0.0 Safari/537.36',
  'sec-ch-ua': '"Google Chrome";v="149", "Chromium";v="149", "Not)A;Brand";v="24"',
  'sec-ch-ua-mobile': '?0',
  accept: '*/*',
  origin: 'http://localhost:5173',
  'sec-fetch-site': 'same-site',
  'sec-fetch-mode': 'cors',
  'sec-fetch-dest': 'empty',
  referer: 'http://localhost:5173/',
  'accept-encoding': 'gzip, deflate, br, zstd',
  'accept-language': 'en-US,en;q=0.9',
  'if-none-match': 'W/"1a63-0TkEqJoYhV5K8BA+9A/XpeUE/1U"'
}
Bearer eyJhbGciOiJIUzI1NiIsInR5cCI6IkpXVCJ9.eyJpZCI6IjZhNGZkNTQ2NDQwMjVkMWU5YzlkODIzMSIsInJvbGUiOiJhZG1pbiIsImlhdCI6MTc4MzY4NjU1OCwiZXhwIjoxNzgzNjg3NDU4fQ.itGmui0KTggn1czmgNsfyiKzZXa3iJSX0u2pKBYwNkw
admin
{
  host: 'localhost:3000',
  connection: 'keep-alive',
  'sec-ch-ua-platform': '"Windows"',
  authorization: 'Bearer eyJhbGciOiJIUzI1NiIsInR5cCI6IkpXVCJ9.eyJpZCI6IjZhNGZkNTQ2NDQwMjVkMWU5YzlkODIzMSIsInJvbGUiOiJhZG1pbiIsImlhdCI6MTc4MzY4NjU1OCwiZXhwIjoxNzgzNjg3NDU4fQ.itGmui0KTggn1czmgNsfyiKzZXa3iJSX0u2pKBYwNkw',
  'user-agent': 'Mozilla/5.0 (Windows NT 10.0; Win64; x64) AppleWebKit/537.36 (KHTML, like Gecko) Chrome/149.0.0.0 Safari/537.36',
  'sec-ch-ua': '"Google Chrome";v="149", "Chromium";v="149", "Not)A;Brand";v="24"',
  'sec-ch-ua-mobile': '?0',
  accept: '*/*',
  origin: 'http://localhost:5173',
  'sec-fetch-site': 'same-site',
  'sec-fetch-mode': 'cors',
  'sec-fetch-dest': 'empty',
  referer: 'http://localhost:5173/',
  'accept-encoding': 'gzip, deflate, br, zstd',
  'accept-language': 'en-US,en;q=0.9',
  'if-none-match': 'W/"1a63-0TkEqJoYhV5K8BA+9A/XpeUE/1U"'
}
Bearer eyJhbGciOiJIUzI1NiIsInR5cCI6IkpXVCJ9.eyJpZCI6IjZhNGZkNTQ2NDQwMjVkMWU5YzlkODIzMSIsInJvbGUiOiJhZG1pbiIsImlhdCI6MTc4MzY4NjU1OCwiZXhwIjoxNzgzNjg3NDU4fQ.itGmui0KTggn1czmgNsfyiKzZXa3iJSX0u2pKBYwNkw
{
  host: 'localhost:3000',
  connection: 'keep-alive',
  'sec-ch-ua-platform': '"Windows"',
  authorization: 'Bearer eyJhbGciOiJIUzI1NiIsInR5cCI6IkpXVCJ9.eyJpZCI6IjZhNGZkNTQ2NDQwMjVkMWU5YzlkODIzMSIsInJvbGUiOiJhZG1pbiIsImlhdCI6MTc4MzY4NjU1OCwiZXhwIjoxNzgzNjg3NDU4fQ.itGmui0KTggn1czmgNsfyiKzZXa3iJSX0u2pKBYwNkw',
  'user-agent': 'Mozilla/5.0 (Windows NT 10.0; Win64; x64) AppleWebKit/537.36 (KHTML, like Gecko) Chrome/149.0.0.0 Safari/537.36',
  'sec-ch-ua': '"Google Chrome";v="149", "Chromium";v="149", "Not)A;Brand";v="24"',
  'sec-ch-ua-mobile': '?0',
  accept: '*/*',
  origin: 'http://localhost:5173',
  'sec-fetch-site': 'same-site',
  'sec-fetch-mode': 'cors',
  'sec-fetch-dest': 'empty',
  referer: 'http://localhost:5173/',
  'accept-encoding': 'gzip, deflate, br, zstd',
  'accept-language': 'en-US,en;q=0.9',
  'if-none-match': 'W/"1a63-0TkEqJoYhV5K8BA+9A/XpeUE/1U"'
}
Bearer eyJhbGciOiJIUzI1NiIsInR5cCI6IkpXVCJ9.eyJpZCI6IjZhNGZkNTQ2NDQwMjVkMWU5YzlkODIzMSIsInJvbGUiOiJhZG1pbiIsImlhdCI6MTc4MzY4NjU1OCwiZXhwIjoxNzgzNjg3NDU4fQ.itGmui0KTggn1czmgNsfyiKzZXa3iJSX0u2pKBYwNkw
{
  host: 'localhost:3000',
  connection: 'keep-alive',
  'sec-ch-ua-platform': '"Windows"',
  authorization: 'Bearer eyJhbGciOiJIUzI1NiIsInR5cCI6IkpXVCJ9.eyJpZCI6IjZhNGZkNTQ2NDQwMjVkMWU5YzlkODIzMSIsInJvbGUiOiJhZG1pbiIsImlhdCI6MTc4MzY4NzQ3OCwiZXhwIjoxNzgzNjg4Mzc4fQ.4qx0ddRBVJ7SHSsYoW_mJdS2Q2tdAQyl_VT__rVCFBQ',
  'user-agent': 'Mozilla/5.0 (Windows NT 10.0; Win64; x64) AppleWebKit/537.36 (KHTML, like Gecko) Chrome/149.0.0.0 Safari/537.36',
  'sec-ch-ua': '"Google Chrome";v="149", "Chromium";v="149", "Not)A;Brand";v="24"',
  'sec-ch-ua-mobile': '?0',
  accept: '*/*',
  origin: 'http://localhost:5173',
  'sec-fetch-site': 'same-site',
  'sec-fetch-mode': 'cors',
  'sec-fetch-dest': 'empty',
  referer: 'http://localhost:5173/',
  'accept-encoding': 'gzip, deflate, br, zstd',
  'accept-language': 'en-US,en;q=0.9',
  'if-none-match': 'W/"1a63-0TkEqJoYhV5K8BA+9A/XpeUE/1U"'
}
Bearer eyJhbGciOiJIUzI1NiIsInR5cCI6IkpXVCJ9.eyJpZCI6IjZhNGZkNTQ2NDQwMjVkMWU5YzlkODIzMSIsInJvbGUiOiJhZG1pbiIsImlhdCI6MTc4MzY4NzQ3OCwiZXhwIjoxNzgzNjg4Mzc4fQ.4qx0ddRBVJ7SHSsYoW_mJdS2Q2tdAQyl_VT__rVCFBQ
admin
{
  host: 'localhost:3000',
  connection: 'keep-alive',
  'sec-ch-ua-platform': '"Windows"',
  authorization: 'Bearer eyJhbGciOiJIUzI1NiIsInR5cCI6IkpXVCJ9.eyJpZCI6IjZhNGZkNTQ2NDQwMjVkMWU5YzlkODIzMSIsInJvbGUiOiJhZG1pbiIsImlhdCI6MTc4MzY4NzQ3OCwiZXhwIjoxNzgzNjg4Mzc4fQ.4qx0ddRBVJ7SHSsYoW_mJdS2Q2tdAQyl_VT__rVCFBQ',
  'user-agent': 'Mozilla/5.0 (Windows NT 10.0; Win64; x64) AppleWebKit/537.36 (KHTML, like Gecko) Chrome/149.0.0.0 Safari/537.36',
  'sec-ch-ua': '"Google Chrome";v="149", "Chromium";v="149", "Not)A;Brand";v="24"',
  'sec-ch-ua-mobile': '?0',
  accept: '*/*',
  origin: 'http://localhost:5173',
  'sec-fetch-site': 'same-site',
  'sec-fetch-mode': 'cors',
  'sec-fetch-dest': 'empty',
  referer: 'http://localhost:5173/',
  'accept-encoding': 'gzip, deflate, br, zstd',
  'accept-language': 'en-US,en;q=0.9',
  'if-none-match': 'W/"1a63-0TkEqJoYhV5K8BA+9A/XpeUE/1U"'
}
Bearer eyJhbGciOiJIUzI1NiIsInR5cCI6IkpXVCJ9.eyJpZCI6IjZhNGZkNTQ2NDQwMjVkMWU5YzlkODIzMSIsInJvbGUiOiJhZG1pbiIsImlhdCI6MTc4MzY4NzQ3OCwiZXhwIjoxNzgzNjg4Mzc4fQ.4qx0ddRBVJ7SHSsYoW_mJdS2Q2tdAQyl_VT__rVCFBQ
admin
{
  host: 'localhost:3000',
  connection: 'keep-alive',
  'sec-ch-ua-platform': '"Windows"',
  authorization: 'Bearer eyJhbGciOiJIUzI1NiIsInR5cCI6IkpXVCJ9.eyJpZCI6IjZhNGZkNTQ2NDQwMjVkMWU5YzlkODIzMSIsInJvbGUiOiJhZG1pbiIsImlhdCI6MTc4MzY4NzQ3OCwiZXhwIjoxNzgzNjg4Mzc4fQ.4qx0ddRBVJ7SHSsYoW_mJdS2Q2tdAQyl_VT__rVCFBQ',
  'user-agent': 'Mozilla/5.0 (Windows NT 10.0; Win64; x64) AppleWebKit/537.36 (KHTML, like Gecko) Chrome/149.0.0.0 Safari/537.36',
  'sec-ch-ua': '"Google Chrome";v="149", "Chromium";v="149", "Not)A;Brand";v="24"',
  'sec-ch-ua-mobile': '?0',
  accept: '*/*',
  origin: 'http://localhost:5173',
  'sec-fetch-site': 'same-site',
  'sec-fetch-mode': 'cors',
  'sec-fetch-dest': 'empty',
  referer: 'http://localhost:5173/',
  'accept-encoding': 'gzip, deflate, br, zstd',
  'accept-language': 'en-US,en;q=0.9',
  'if-none-match': 'W/"1a63-0TkEqJoYhV5K8BA+9A/XpeUE/1U"'
}
Bearer eyJhbGciOiJIUzI1NiIsInR5cCI6IkpXVCJ9.eyJpZCI6IjZhNGZkNTQ2NDQwMjVkMWU5YzlkODIzMSIsInJvbGUiOiJhZG1pbiIsImlhdCI6MTc4MzY4NzQ3OCwiZXhwIjoxNzgzNjg4Mzc4fQ.4qx0ddRBVJ7SHSsYoW_mJdS2Q2tdAQyl_VT__rVCFBQ
{
  host: 'localhost:3000',
  connection: 'keep-alive',
  'sec-ch-ua-platform': '"Windows"',
  authorization: 'Bearer eyJhbGciOiJIUzI1NiIsInR5cCI6IkpXVCJ9.eyJpZCI6IjZhNGZkNTQ2NDQwMjVkMWU5YzlkODIzMSIsInJvbGUiOiJhZG1pbiIsImlhdCI6MTc4MzY4NzQ3OCwiZXhwIjoxNzgzNjg4Mzc4fQ.4qx0ddRBVJ7SHSsYoW_mJdS2Q2tdAQyl_VT__rVCFBQ',
  'user-agent': 'Mozilla/5.0 (Windows NT 10.0; Win64; x64) AppleWebKit/537.36 (KHTML, like Gecko) Chrome/149.0.0.0 Safari/537.36',
  'sec-ch-ua': '"Google Chrome";v="149", "Chromium";v="149", "Not)A;Brand";v="24"',
  'sec-ch-ua-mobile': '?0',
  accept: '*/*',
  origin: 'http://localhost:5173',
  'sec-fetch-site': 'same-site',
  'sec-fetch-mode': 'cors',
  'sec-fetch-dest': 'empty',
  referer: 'http://localhost:5173/',
  'accept-encoding': 'gzip, deflate, br, zstd',
  'accept-language': 'en-US,en;q=0.9',
  'if-none-match': 'W/"1a63-0TkEqJoYhV5K8BA+9A/XpeUE/1U"'
}
Bearer eyJhbGciOiJIUzI1NiIsInR5cCI6IkpXVCJ9.eyJpZCI6IjZhNGZkNTQ2NDQwMjVkMWU5YzlkODIzMSIsInJvbGUiOiJhZG1pbiIsImlhdCI6MTc4MzY4NzQ3OCwiZXhwIjoxNzgzNjg4Mzc4fQ.4qx0ddRBVJ7SHSsYoW_mJdS2Q2tdAQyl_VT__rVCFBQ
{
  host: 'localhost:3000',
  connection: 'keep-alive',
  'sec-ch-ua-platform': '"Windows"',
  authorization: 'Bearer eyJhbGciOiJIUzI1NiIsInR5cCI6IkpXVCJ9.eyJpZCI6IjZhNGZkNTQ2NDQwMjVkMWU5YzlkODIzMSIsInJvbGUiOiJhZG1pbiIsImlhdCI6MTc4MzY5MDY5NSwiZXhwIjoxNzgzNjkxNTk1fQ.2SLHW1zvVfPEotEMUeEbRNEBeLCaTnrHqwvweDMGp48',
  'user-agent': 'Mozilla/5.0 (Windows NT 10.0; Win64; x64) AppleWebKit/537.36 (KHTML, like Gecko) Chrome/149.0.0.0 Safari/537.36',
  'sec-ch-ua': '"Google Chrome";v="149", "Chromium";v="149", "Not)A;Brand";v="24"',
  'sec-ch-ua-mobile': '?0',
  accept: '*/*',
  origin: 'http://localhost:5173',
  'sec-fetch-site': 'same-site',
  'sec-fetch-mode': 'cors',
  'sec-fetch-dest': 'empty',
  referer: 'http://localhost:5173/',
  'accept-encoding': 'gzip, deflate, br, zstd',
  'accept-language': 'en-US,en;q=0.9',
  'if-none-match': 'W/"1a63-0TkEqJoYhV5K8BA+9A/XpeUE/1U"'
}
Bearer eyJhbGciOiJIUzI1NiIsInR5cCI6IkpXVCJ9.eyJpZCI6IjZhNGZkNTQ2NDQwMjVkMWU5YzlkODIzMSIsInJvbGUiOiJhZG1pbiIsImlhdCI6MTc4MzY5MDY5NSwiZXhwIjoxNzgzNjkxNTk1fQ.2SLHW1zvVfPEotEMUeEbRNEBeLCaTnrHqwvweDMGp48
admin
{
  host: 'localhost:3000',
  connection: 'keep-alive',
  'sec-ch-ua-platform': '"Windows"',
  authorization: 'Bearer eyJhbGciOiJIUzI1NiIsInR5cCI6IkpXVCJ9.eyJpZCI6IjZhNGZkNTQ2NDQwMjVkMWU5YzlkODIzMSIsInJvbGUiOiJhZG1pbiIsImlhdCI6MTc4MzY5MDY5NSwiZXhwIjoxNzgzNjkxNTk1fQ.2SLHW1zvVfPEotEMUeEbRNEBeLCaTnrHqwvweDMGp48',
  'user-agent': 'Mozilla/5.0 (Windows NT 10.0; Win64; x64) AppleWebKit/537.36 (KHTML, like Gecko) Chrome/149.0.0.0 Safari/537.36',
  'sec-ch-ua': '"Google Chrome";v="149", "Chromium";v="149", "Not)A;Brand";v="24"',
  'sec-ch-ua-mobile': '?0',
  accept: '*/*',
  origin: 'http://localhost:5173',
  'sec-fetch-site': 'same-site',
  'sec-fetch-mode': 'cors',
  'sec-fetch-dest': 'empty',
  referer: 'http://localhost:5173/',
  'accept-encoding': 'gzip, deflate, br, zstd',
  'accept-language': 'en-US,en;q=0.9',
  'if-none-match': 'W/"1a63-0TkEqJoYhV5K8BA+9A/XpeUE/1U"'
}
Bearer eyJhbGciOiJIUzI1NiIsInR5cCI6IkpXVCJ9.eyJpZCI6IjZhNGZkNTQ2NDQwMjVkMWU5YzlkODIzMSIsInJvbGUiOiJhZG1pbiIsImlhdCI6MTc4MzY5MDY5NSwiZXhwIjoxNzgzNjkxNTk1fQ.2SLHW1zvVfPEotEMUeEbRNEBeLCaTnrHqwvweDMGp48
admin
[32m[nodemon] restarting due to changes...[39m
[32m[nodemon] restarting due to changes...[39m
[32m[nodemon] restarting due to changes...[39m
[32m[nodemon] starting `node src/index.js`[39m
◇ injected env (16) from .env // tip: ⌘ enable debugging { debug: true }
◇ injected env (0) from .env // tip: ⌁ auth for agents [www.vestauth.com]
✅ Supabase client created
◇ injected env (0) from .env // tip: ⌘ custom filepath { path: '/custom/path/.env' }
◇ injected env (0) from .env // tip: ⌁ auth for agents [www.vestauth.com]
◇ injected env (0) from .env // tip: ⌘ override existing { override: true }
◇ injected env (0) from .env // tip: ◈ secrets for agents [www.dotenvx.com]
◇ injected env (0) from .env // tip: ⌘ override existing { override: true }
✅ MongoDB Connected
Server is running on port 3000
admin
admin
admin
admin
admin
{
  host: 'localhost:3000',
  connection: 'keep-alive',
  'sec-ch-ua-platform': '"Windows"',
  authorization: 'Bearer eyJhbGciOiJIUzI1NiIsInR5cCI6IkpXVCJ9.eyJpZCI6IjZhNGZkNTQ2NDQwMjVkMWU5YzlkODIzMSIsInJvbGUiOiJhZG1pbiIsImlhdCI6MTc4MzY5MTA2MiwiZXhwIjoxNzgzNjkxOTYyfQ.B8OaQuZSOvgdXdHOfajwze3naCudMuI0isFcjse0kEw',
  'user-agent': 'Mozilla/5.0 (Windows NT 10.0; Win64; x64) AppleWebKit/537.36 (KHTML, like Gecko) Chrome/149.0.0.0 Safari/537.36',
  'sec-ch-ua': '"Google Chrome";v="149", "Chromium";v="149", "Not)A;Brand";v="24"',
  'sec-ch-ua-mobile': '?0',
  accept: '*/*',
  origin: 'http://localhost:5173',
  'sec-fetch-site': 'same-site',
  'sec-fetch-mode': 'cors',
  'sec-fetch-dest': 'empty',
  referer: 'http://localhost:5173/',
  'accept-encoding': 'gzip, deflate, br, zstd',
  'accept-language': 'en-US,en;q=0.9',
  'if-none-match': 'W/"582-167cZZkz5CTvtvhrqRbJBAZRFk0"'
}
Bearer eyJhbGciOiJIUzI1NiIsInR5cCI6IkpXVCJ9.eyJpZCI6IjZhNGZkNTQ2NDQwMjVkMWU5YzlkODIzMSIsInJvbGUiOiJhZG1pbiIsImlhdCI6MTc4MzY5MTA2MiwiZXhwIjoxNzgzNjkxOTYyfQ.B8OaQuZSOvgdXdHOfajwze3naCudMuI0isFcjse0kEw
{
  host: 'localhost:3000',
  connection: 'keep-alive',
  'sec-ch-ua-platform': '"Windows"',
  authorization: 'Bearer eyJhbGciOiJIUzI1NiIsInR5cCI6IkpXVCJ9.eyJpZCI6IjZhNGZkNTQ2NDQwMjVkMWU5YzlkODIzMSIsInJvbGUiOiJhZG1pbiIsImlhdCI6MTc4MzY5MTA2MiwiZXhwIjoxNzgzNjkxOTYyfQ.B8OaQuZSOvgdXdHOfajwze3naCudMuI0isFcjse0kEw',
  'user-agent': 'Mozilla/5.0 (Windows NT 10.0; Win64; x64) AppleWebKit/537.36 (KHTML, like Gecko) Chrome/149.0.0.0 Safari/537.36',
  'sec-ch-ua': '"Google Chrome";v="149", "Chromium";v="149", "Not)A;Brand";v="24"',
  'sec-ch-ua-mobile': '?0',
  accept: '*/*',
  origin: 'http://localhost:5173',
  'sec-fetch-site': 'same-site',
  'sec-fetch-mode': 'cors',
  'sec-fetch-dest': 'empty',
  referer: 'http://localhost:5173/',
  'accept-encoding': 'gzip, deflate, br, zstd',
  'accept-language': 'en-US,en;q=0.9',
  'if-none-match': 'W/"270-jgBEoKC6DjSJZEAWEgQyP8zlqC8"'
}
Bearer eyJhbGciOiJIUzI1NiIsInR5cCI6IkpXVCJ9.eyJpZCI6IjZhNGZkNTQ2NDQwMjVkMWU5YzlkODIzMSIsInJvbGUiOiJhZG1pbiIsImlhdCI6MTc4MzY5MTA2MiwiZXhwIjoxNzgzNjkxOTYyfQ.B8OaQuZSOvgdXdHOfajwze3naCudMuI0isFcjse0kEw
{
  host: 'localhost:3000',
  connection: 'keep-alive',
  'sec-ch-ua-platform': '"Windows"',
  authorization: 'Bearer eyJhbGciOiJIUzI1NiIsInR5cCI6IkpXVCJ9.eyJpZCI6IjZhNGZkNTQ2NDQwMjVkMWU5YzlkODIzMSIsInJvbGUiOiJhZG1pbiIsImlhdCI6MTc4MzY5MTA2MiwiZXhwIjoxNzgzNjkxOTYyfQ.B8OaQuZSOvgdXdHOfajwze3naCudMuI0isFcjse0kEw',
  'user-agent': 'Mozilla/5.0 (Windows NT 10.0; Win64; x64) AppleWebKit/537.36 (KHTML, like Gecko) Chrome/149.0.0.0 Safari/537.36',
  'sec-ch-ua': '"Google Chrome";v="149", "Chromium";v="149", "Not)A;Brand";v="24"',
  'sec-ch-ua-mobile': '?0',
  accept: '*/*',
  origin: 'http://localhost:5173',
  'sec-fetch-site': 'same-site',
  'sec-fetch-mode': 'cors',
  'sec-fetch-dest': 'empty',
  referer: 'http://localhost:5173/',
  'accept-encoding': 'gzip, deflate, br, zstd',
  'accept-language': 'en-US,en;q=0.9',
  'if-none-match': 'W/"1a63-0TkEqJoYhV5K8BA+9A/XpeUE/1U"'
}
Bearer eyJhbGciOiJIUzI1NiIsInR5cCI6IkpXVCJ9.eyJpZCI6IjZhNGZkNTQ2NDQwMjVkMWU5YzlkODIzMSIsInJvbGUiOiJhZG1pbiIsImlhdCI6MTc4MzY5MTA2MiwiZXhwIjoxNzgzNjkxOTYyfQ.B8OaQuZSOvgdXdHOfajwze3naCudMuI0isFcjse0kEw
admin
{
  host: 'localhost:3000',
  connection: 'keep-alive',
  'sec-ch-ua-platform': '"Windows"',
  authorization: 'Bearer eyJhbGciOiJIUzI1NiIsInR5cCI6IkpXVCJ9.eyJpZCI6IjZhNGZkNTQ2NDQwMjVkMWU5YzlkODIzMSIsInJvbGUiOiJhZG1pbiIsImlhdCI6MTc4MzY5MTA2MiwiZXhwIjoxNzgzNjkxOTYyfQ.B8OaQuZSOvgdXdHOfajwze3naCudMuI0isFcjse0kEw',
  'user-agent': 'Mozilla/5.0 (Windows NT 10.0; Win64; x64) AppleWebKit/537.36 (KHTML, like Gecko) Chrome/149.0.0.0 Safari/537.36',
  'sec-ch-ua': '"Google Chrome";v="149", "Chromium";v="149", "Not)A;Brand";v="24"',
  'sec-ch-ua-mobile': '?0',
  accept: '*/*',
  origin: 'http://localhost:5173',
  'sec-fetch-site': 'same-site',
  'sec-fetch-mode': 'cors',
  'sec-fetch-dest': 'empty',
  referer: 'http://localhost:5173/',
  'accept-encoding': 'gzip, deflate, br, zstd',
  'accept-language': 'en-US,en;q=0.9',
  'if-none-match': 'W/"1a63-0TkEqJoYhV5K8BA+9A/XpeUE/1U"'
}
Bearer eyJhbGciOiJIUzI1NiIsInR5cCI6IkpXVCJ9.eyJpZCI6IjZhNGZkNTQ2NDQwMjVkMWU5YzlkODIzMSIsInJvbGUiOiJhZG1pbiIsImlhdCI6MTc4MzY5MTA2MiwiZXhwIjoxNzgzNjkxOTYyfQ.B8OaQuZSOvgdXdHOfajwze3naCudMuI0isFcjse0kEw
admin
admin
admin
admin
{
  host: 'localhost:3000',
  connection: 'keep-alive',
  'sec-ch-ua-platform': '"Windows"',
  authorization: 'Bearer eyJhbGciOiJIUzI1NiIsInR5cCI6IkpXVCJ9.eyJpZCI6IjZhNGZjZDBhMjgxYzBiOTVjMmFkODEyOCIsInJvbGUiOiJ1c2VyIiwiaWF0IjoxNzgzNjkxMDkwLCJleHAiOjE3ODM2OTE5OTB9.GVp0w5FTIYyHaidRT2LK5CxrvBCP6Oj4Rknjj1fPiBM',
  'user-agent': 'Mozilla/5.0 (Windows NT 10.0; Win64; x64) AppleWebKit/537.36 (KHTML, like Gecko) Chrome/149.0.0.0 Safari/537.36',
  'sec-ch-ua': '"Google Chrome";v="149", "Chromium";v="149", "Not)A;Brand";v="24"',
  'sec-ch-ua-mobile': '?0',
  accept: '*/*',
  origin: 'http://localhost:5173',
  'sec-fetch-site': 'same-site',
  'sec-fetch-mode': 'cors',
  'sec-fetch-dest': 'empty',
  referer: 'http://localhost:5173/',
  'accept-encoding': 'gzip, deflate, br, zstd',
  'accept-language': 'en-US,en;q=0.9',
  'if-none-match': 'W/"582-167cZZkz5CTvtvhrqRbJBAZRFk0"'
}
Bearer eyJhbGciOiJIUzI1NiIsInR5cCI6IkpXVCJ9.eyJpZCI6IjZhNGZjZDBhMjgxYzBiOTVjMmFkODEyOCIsInJvbGUiOiJ1c2VyIiwiaWF0IjoxNzgzNjkxMDkwLCJleHAiOjE3ODM2OTE5OTB9.GVp0w5FTIYyHaidRT2LK5CxrvBCP6Oj4Rknjj1fPiBM
{
  host: 'localhost:3000',
  connection: 'keep-alive',
  'sec-ch-ua-platform': '"Windows"',
  authorization: 'Bearer eyJhbGciOiJIUzI1NiIsInR5cCI6IkpXVCJ9.eyJpZCI6IjZhNGZjZDBhMjgxYzBiOTVjMmFkODEyOCIsInJvbGUiOiJ1c2VyIiwiaWF0IjoxNzgzNjkxMDkwLCJleHAiOjE3ODM2OTE5OTB9.GVp0w5FTIYyHaidRT2LK5CxrvBCP6Oj4Rknjj1fPiBM',
  'user-agent': 'Mozilla/5.0 (Windows NT 10.0; Win64; x64) AppleWebKit/537.36 (KHTML, like Gecko) Chrome/149.0.0.0 Safari/537.36',
  'sec-ch-ua': '"Google Chrome";v="149", "Chromium";v="149", "Not)A;Brand";v="24"',
  'sec-ch-ua-mobile': '?0',
  accept: '*/*',
  origin: 'http://localhost:5173',
  'sec-fetch-site': 'same-site',
  'sec-fetch-mode': 'cors',
  'sec-fetch-dest': 'empty',
  referer: 'http://localhost:5173/',
  'accept-encoding': 'gzip, deflate, br, zstd',
  'accept-language': 'en-US,en;q=0.9',
  'if-none-match': 'W/"270-jgBEoKC6DjSJZEAWEgQyP8zlqC8"'
}
Bearer eyJhbGciOiJIUzI1NiIsInR5cCI6IkpXVCJ9.eyJpZCI6IjZhNGZjZDBhMjgxYzBiOTVjMmFkODEyOCIsInJvbGUiOiJ1c2VyIiwiaWF0IjoxNzgzNjkxMDkwLCJleHAiOjE3ODM2OTE5OTB9.GVp0w5FTIYyHaidRT2LK5CxrvBCP6Oj4Rknjj1fPiBM
{
  host: 'localhost:3000',
  connection: 'keep-alive',
  'sec-ch-ua-platform': '"Windows"',
  authorization: 'Bearer eyJhbGciOiJIUzI1NiIsInR5cCI6IkpXVCJ9.eyJpZCI6IjZhNGZkNTQ2NDQwMjVkMWU5YzlkODIzMSIsInJvbGUiOiJhZG1pbiIsImlhdCI6MTc4MzY5MTEwMiwiZXhwIjoxNzgzNjkyMDAyfQ.5fqC08KS7t0MO-re5-s6lJl15AZkQZTaX4rRkFPKljU',
  'user-agent': 'Mozilla/5.0 (Windows NT 10.0; Win64; x64) AppleWebKit/537.36 (KHTML, like Gecko) Chrome/149.0.0.0 Safari/537.36',
  'sec-ch-ua': '"Google Chrome";v="149", "Chromium";v="149", "Not)A;Brand";v="24"',
  'sec-ch-ua-mobile': '?0',
  accept: '*/*',
  origin: 'http://localhost:5173',
  'sec-fetch-site': 'same-site',
  'sec-fetch-mode': 'cors',
  'sec-fetch-dest': 'empty',
  referer: 'http://localhost:5173/',
  'accept-encoding': 'gzip, deflate, br, zstd',
  'accept-language': 'en-US,en;q=0.9',
  'if-none-match': 'W/"d7-ZS6oO/RjRgOnPw6MDrxM/+RUGqw"'
}
Bearer eyJhbGciOiJIUzI1NiIsInR5cCI6IkpXVCJ9.eyJpZCI6IjZhNGZkNTQ2NDQwMjVkMWU5YzlkODIzMSIsInJvbGUiOiJhZG1pbiIsImlhdCI6MTc4MzY5MTEwMiwiZXhwIjoxNzgzNjkyMDAyfQ.5fqC08KS7t0MO-re5-s6lJl15AZkQZTaX4rRkFPKljU
{
  host: 'localhost:3000',
  connection: 'keep-alive',
  'sec-ch-ua-platform': '"Windows"',
  authorization: 'Bearer eyJhbGciOiJIUzI1NiIsInR5cCI6IkpXVCJ9.eyJpZCI6IjZhNGZkNTQ2NDQwMjVkMWU5YzlkODIzMSIsInJvbGUiOiJhZG1pbiIsImlhdCI6MTc4MzY5MTEwMiwiZXhwIjoxNzgzNjkyMDAyfQ.5fqC08KS7t0MO-re5-s6lJl15AZkQZTaX4rRkFPKljU',
  'user-agent': 'Mozilla/5.0 (Windows NT 10.0; Win64; x64) AppleWebKit/537.36 (KHTML, like Gecko) Chrome/149.0.0.0 Safari/537.36',
  'sec-ch-ua': '"Google Chrome";v="149", "Chromium";v="149", "Not)A;Brand";v="24"',
  'sec-ch-ua-mobile': '?0',
  accept: '*/*',
  origin: 'http://localhost:5173',
  'sec-fetch-site': 'same-site',
  'sec-fetch-mode': 'cors',
  'sec-fetch-dest': 'empty',
  referer: 'http://localhost:5173/',
  'accept-encoding': 'gzip, deflate, br, zstd',
  'accept-language': 'en-US,en;q=0.9',
  'if-none-match': 'W/"4a7-7r0ygFh9YR+0LQjEarfgywyP+Oo"'
}
Bearer eyJhbGciOiJIUzI1NiIsInR5cCI6IkpXVCJ9.eyJpZCI6IjZhNGZkNTQ2NDQwMjVkMWU5YzlkODIzMSIsInJvbGUiOiJhZG1pbiIsImlhdCI6MTc4MzY5MTEwMiwiZXhwIjoxNzgzNjkyMDAyfQ.5fqC08KS7t0MO-re5-s6lJl15AZkQZTaX4rRkFPKljU
{
  host: 'localhost:3000',
  connection: 'keep-alive',
  'sec-ch-ua-platform': '"Windows"',
  authorization: 'Bearer eyJhbGciOiJIUzI1NiIsInR5cCI6IkpXVCJ9.eyJpZCI6IjZhNGZkNTQ2NDQwMjVkMWU5YzlkODIzMSIsInJvbGUiOiJhZG1pbiIsImlhdCI6MTc4MzY5MTEwMiwiZXhwIjoxNzgzNjkyMDAyfQ.5fqC08KS7t0MO-re5-s6lJl15AZkQZTaX4rRkFPKljU',
  'user-agent': 'Mozilla/5.0 (Windows NT 10.0; Win64; x64) AppleWebKit/537.36 (KHTML, like Gecko) Chrome/149.0.0.0 Safari/537.36',
  'sec-ch-ua': '"Google Chrome";v="149", "Chromium";v="149", "Not)A;Brand";v="24"',
  'sec-ch-ua-mobile': '?0',
  accept: '*/*',
  origin: 'http://localhost:5173',
  'sec-fetch-site': 'same-site',
  'sec-fetch-mode': 'cors',
  'sec-fetch-dest': 'empty',
  referer: 'http://localhost:5173/',
  'accept-encoding': 'gzip, deflate, br, zstd',
  'accept-language': 'en-US,en;q=0.9',
  'if-none-match': 'W/"1a63-0TkEqJoYhV5K8BA+9A/XpeUE/1U"'
}
Bearer eyJhbGciOiJIUzI1NiIsInR5cCI6IkpXVCJ9.eyJpZCI6IjZhNGZkNTQ2NDQwMjVkMWU5YzlkODIzMSIsInJvbGUiOiJhZG1pbiIsImlhdCI6MTc4MzY5MTEwMiwiZXhwIjoxNzgzNjkyMDAyfQ.5fqC08KS7t0MO-re5-s6lJl15AZkQZTaX4rRkFPKljU
admin
{
  host: 'localhost:3000',
  connection: 'keep-alive',
  'sec-ch-ua-platform': '"Windows"',
  authorization: 'Bearer eyJhbGciOiJIUzI1NiIsInR5cCI6IkpXVCJ9.eyJpZCI6IjZhNGZkNTQ2NDQwMjVkMWU5YzlkODIzMSIsInJvbGUiOiJhZG1pbiIsImlhdCI6MTc4MzY5MTEwMiwiZXhwIjoxNzgzNjkyMDAyfQ.5fqC08KS7t0MO-re5-s6lJl15AZkQZTaX4rRkFPKljU',
  'user-agent': 'Mozilla/5.0 (Windows NT 10.0; Win64; x64) AppleWebKit/537.36 (KHTML, like Gecko) Chrome/149.0.0.0 Safari/537.36',
  'sec-ch-ua': '"Google Chrome";v="149", "Chromium";v="149", "Not)A;Brand";v="24"',
  'sec-ch-ua-mobile': '?0',
  accept: '*/*',
  origin: 'http://localhost:5173',
  'sec-fetch-site': 'same-site',
  'sec-fetch-mode': 'cors',
  'sec-fetch-dest': 'empty',
  referer: 'http://localhost:5173/',
  'accept-encoding': 'gzip, deflate, br, zstd',
  'accept-language': 'en-US,en;q=0.9',
  'if-none-match': 'W/"1a63-0TkEqJoYhV5K8BA+9A/XpeUE/1U"'
}
Bearer eyJhbGciOiJIUzI1NiIsInR5cCI6IkpXVCJ9.eyJpZCI6IjZhNGZkNTQ2NDQwMjVkMWU5YzlkODIzMSIsInJvbGUiOiJhZG1pbiIsImlhdCI6MTc4MzY5MTEwMiwiZXhwIjoxNzgzNjkyMDAyfQ.5fqC08KS7t0MO-re5-s6lJl15AZkQZTaX4rRkFPKljU
admin
[32m[nodemon] restarting due to changes...[39m
[32m[nodemon] restarting due to changes...[39m
[32m[nodemon] restarting due to changes...[39m
[32m[nodemon] restarting due to changes...[39m
[32m[nodemon] restarting due to changes...[39m
[32m[nodemon] starting `node src/index.js`[39m
◇ injected env (16) from .env // tip: ⌘ multiple files { path: ['.env.local', '.env'] }
◇ injected env (0) from .env // tip: ◈ encrypted .env [www.dotenvx.com]
✅ Supabase client created
◇ injected env (0) from .env // tip: ⌘ suppress logs { quiet: true }
◇ injected env (0) from .env // tip: ⌘ override existing { override: true }
◇ injected env (0) from .env // tip: ⌘ enable debugging { debug: true }
◇ injected env (0) from .env // tip: ⌘ override existing { override: true }
◇ injected env (0) from .env // tip: ⌘ enable debugging { debug: true }
✅ MongoDB Connected
Server is running on port 3000
[32m[nodemon] restarting due to changes...[39m
[32m[nodemon] restarting due to changes...[39m
[32m[nodemon] restarting due to changes...[39m
[32m[nodemon] restarting due to changes...[39m
[32m[nodemon] starting `node src/index.js`[39m
◇ injected env (16) from .env // tip: ⌘ custom filepath { path: '/custom/path/.env' }
◇ injected env (0) from .env // tip: ⌘ suppress logs { quiet: true }
✅ Supabase client created
◇ injected env (0) from .env // tip: ◈ encrypted .env [www.dotenvx.com]
◇ injected env (0) from .env // tip: ⌘ enable debugging { debug: true }
◇ injected env (0) from .env // tip: ⌘ enable debugging { debug: true }
◇ injected env (0) from .env // tip: ⌘ multiple files { path: ['.env.local', '.env'] }
◇ injected env (0) from .env // tip: ⌘ suppress logs { quiet: true }
✅ MongoDB Connected
Server is running on port 3000
{
  host: 'localhost:3000',
  connection: 'keep-alive',
  'sec-ch-ua-platform': '"Windows"',
  authorization: 'Bearer eyJhbGciOiJIUzI1NiIsInR5cCI6IkpXVCJ9.eyJpZCI6IjZhNGZkNTQ2NDQwMjVkMWU5YzlkODIzMSIsInJvbGUiOiJhZG1pbiIsImlhdCI6MTc4MzY5MTEwMiwiZXhwIjoxNzgzNjkyMDAyfQ.5fqC08KS7t0MO-re5-s6lJl15AZkQZTaX4rRkFPKljU',
  'user-agent': 'Mozilla/5.0 (Windows NT 10.0; Win64; x64) AppleWebKit/537.36 (KHTML, like Gecko) Chrome/149.0.0.0 Safari/537.36',
  'sec-ch-ua': '"Google Chrome";v="149", "Chromium";v="149", "Not)A;Brand";v="24"',
  'sec-ch-ua-mobile': '?0',
  accept: '*/*',
  origin: 'http://localhost:5173',
  'sec-fetch-site': 'same-site',
  'sec-fetch-mode': 'cors',
  'sec-fetch-dest': 'empty',
  referer: 'http://localhost:5173/',
  'accept-encoding': 'gzip, deflate, br, zstd',
  'accept-language': 'en-US,en;q=0.9',
  'if-none-match': 'W/"582-167cZZkz5CTvtvhrqRbJBAZRFk0"'
}
Bearer eyJhbGciOiJIUzI1NiIsInR5cCI6IkpXVCJ9.eyJpZCI6IjZhNGZkNTQ2NDQwMjVkMWU5YzlkODIzMSIsInJvbGUiOiJhZG1pbiIsImlhdCI6MTc4MzY5MTEwMiwiZXhwIjoxNzgzNjkyMDAyfQ.5fqC08KS7t0MO-re5-s6lJl15AZkQZTaX4rRkFPKljU
{
  host: 'localhost:3000',
  connection: 'keep-alive',
  'sec-ch-ua-platform': '"Windows"',
  authorization: 'Bearer eyJhbGciOiJIUzI1NiIsInR5cCI6IkpXVCJ9.eyJpZCI6IjZhNGZkNTQ2NDQwMjVkMWU5YzlkODIzMSIsInJvbGUiOiJhZG1pbiIsImlhdCI6MTc4MzY5MTEwMiwiZXhwIjoxNzgzNjkyMDAyfQ.5fqC08KS7t0MO-re5-s6lJl15AZkQZTaX4rRkFPKljU',
  'user-agent': 'Mozilla/5.0 (Windows NT 10.0; Win64; x64) AppleWebKit/537.36 (KHTML, like Gecko) Chrome/149.0.0.0 Safari/537.36',
  'sec-ch-ua': '"Google Chrome";v="149", "Chromium";v="149", "Not)A;Brand";v="24"',
  'sec-ch-ua-mobile': '?0',
  accept: '*/*',
  origin: 'http://localhost:5173',
  'sec-fetch-site': 'same-site',
  'sec-fetch-mode': 'cors',
  'sec-fetch-dest': 'empty',
  referer: 'http://localhost:5173/',
  'accept-encoding': 'gzip, deflate, br, zstd',
  'accept-language': 'en-US,en;q=0.9',
  'if-none-match': 'W/"270-jgBEoKC6DjSJZEAWEgQyP8zlqC8"'
}
Bearer eyJhbGciOiJIUzI1NiIsInR5cCI6IkpXVCJ9.eyJpZCI6IjZhNGZkNTQ2NDQwMjVkMWU5YzlkODIzMSIsInJvbGUiOiJhZG1pbiIsImlhdCI6MTc4MzY5MTEwMiwiZXhwIjoxNzgzNjkyMDAyfQ.5fqC08KS7t0MO-re5-s6lJl15AZkQZTaX4rRkFPKljU
{
  host: 'localhost:3000',
  connection: 'keep-alive',
  'sec-ch-ua-platform': '"Windows"',
  authorization: 'Bearer eyJhbGciOiJIUzI1NiIsInR5cCI6IkpXVCJ9.eyJpZCI6IjZhNGZkNTQ2NDQwMjVkMWU5YzlkODIzMSIsInJvbGUiOiJhZG1pbiIsImlhdCI6MTc4MzY5MTEwMiwiZXhwIjoxNzgzNjkyMDAyfQ.5fqC08KS7t0MO-re5-s6lJl15AZkQZTaX4rRkFPKljU',
  'user-agent': 'Mozilla/5.0 (Windows NT 10.0; Win64; x64) AppleWebKit/537.36 (KHTML, like Gecko) Chrome/149.0.0.0 Safari/537.36',
  'sec-ch-ua': '"Google Chrome";v="149", "Chromium";v="149", "Not)A;Brand";v="24"',
  'sec-ch-ua-mobile': '?0',
  accept: '*/*',
  origin: 'http://localhost:5173',
  'sec-fetch-site': 'same-site',
  'sec-fetch-mode': 'cors',
  'sec-fetch-dest': 'empty',
  referer: 'http://localhost:5173/',
  'accept-encoding': 'gzip, deflate, br, zstd',
  'accept-language': 'en-US,en;q=0.9',
  'if-none-match': 'W/"582-167cZZkz5CTvtvhrqRbJBAZRFk0"'
}
Bearer eyJhbGciOiJIUzI1NiIsInR5cCI6IkpXVCJ9.eyJpZCI6IjZhNGZkNTQ2NDQwMjVkMWU5YzlkODIzMSIsInJvbGUiOiJhZG1pbiIsImlhdCI6MTc4MzY5MTEwMiwiZXhwIjoxNzgzNjkyMDAyfQ.5fqC08KS7t0MO-re5-s6lJl15AZkQZTaX4rRkFPKljU
{
  host: 'localhost:3000',
  connection: 'keep-alive',
  'sec-ch-ua-platform': '"Windows"',
  authorization: 'Bearer eyJhbGciOiJIUzI1NiIsInR5cCI6IkpXVCJ9.eyJpZCI6IjZhNGZkNTQ2NDQwMjVkMWU5YzlkODIzMSIsInJvbGUiOiJhZG1pbiIsImlhdCI6MTc4MzY5MTEwMiwiZXhwIjoxNzgzNjkyMDAyfQ.5fqC08KS7t0MO-re5-s6lJl15AZkQZTaX4rRkFPKljU',
  'user-agent': 'Mozilla/5.0 (Windows NT 10.0; Win64; x64) AppleWebKit/537.36 (KHTML, like Gecko) Chrome/149.0.0.0 Safari/537.36',
  'sec-ch-ua': '"Google Chrome";v="149", "Chromium";v="149", "Not)A;Brand";v="24"',
  'sec-ch-ua-mobile': '?0',
  accept: '*/*',
  origin: 'http://localhost:5173',
  'sec-fetch-site': 'same-site',
  'sec-fetch-mode': 'cors',
  'sec-fetch-dest': 'empty',
  referer: 'http://localhost:5173/',
  'accept-encoding': 'gzip, deflate, br, zstd',
  'accept-language': 'en-US,en;q=0.9',
  'if-none-match': 'W/"270-jgBEoKC6DjSJZEAWEgQyP8zlqC8"'
}
Bearer eyJhbGciOiJIUzI1NiIsInR5cCI6IkpXVCJ9.eyJpZCI6IjZhNGZkNTQ2NDQwMjVkMWU5YzlkODIzMSIsInJvbGUiOiJhZG1pbiIsImlhdCI6MTc4MzY5MTEwMiwiZXhwIjoxNzgzNjkyMDAyfQ.5fqC08KS7t0MO-re5-s6lJl15AZkQZTaX4rRkFPKljU
admin
{
  host: 'localhost:3000',
  connection: 'keep-alive',
  'sec-ch-ua-platform': '"Windows"',
  authorization: 'Bearer eyJhbGciOiJIUzI1NiIsInR5cCI6IkpXVCJ9.eyJpZCI6IjZhNGZkNTQ2NDQwMjVkMWU5YzlkODIzMSIsInJvbGUiOiJhZG1pbiIsImlhdCI6MTc4MzY5MjEzNCwiZXhwIjoxNzgzNjkzMDM0fQ.TxaRuzawqHkzCtVkHZ_rrT4kvI4G4IZx9Zeyg-nqmgU',
  'user-agent': 'Mozilla/5.0 (Windows NT 10.0; Win64; x64) AppleWebKit/537.36 (KHTML, like Gecko) Chrome/149.0.0.0 Safari/537.36',
  'sec-ch-ua': '"Google Chrome";v="149", "Chromium";v="149", "Not)A;Brand";v="24"',
  'sec-ch-ua-mobile': '?0',
  accept: '*/*',
  origin: 'http://localhost:5173',
  'sec-fetch-site': 'same-site',
  'sec-fetch-mode': 'cors',
  'sec-fetch-dest': 'empty',
  referer: 'http://localhost:5173/',
  'accept-encoding': 'gzip, deflate, br, zstd',
  'accept-language': 'en-US,en;q=0.9',
  'if-none-match': 'W/"582-167cZZkz5CTvtvhrqRbJBAZRFk0"'
}
Bearer eyJhbGciOiJIUzI1NiIsInR5cCI6IkpXVCJ9.eyJpZCI6IjZhNGZkNTQ2NDQwMjVkMWU5YzlkODIzMSIsInJvbGUiOiJhZG1pbiIsImlhdCI6MTc4MzY5MjEzNCwiZXhwIjoxNzgzNjkzMDM0fQ.TxaRuzawqHkzCtVkHZ_rrT4kvI4G4IZx9Zeyg-nqmgU
{
  host: 'localhost:3000',
  connection: 'keep-alive',
  'sec-ch-ua-platform': '"Windows"',
  authorization: 'Bearer eyJhbGciOiJIUzI1NiIsInR5cCI6IkpXVCJ9.eyJpZCI6IjZhNGZkNTQ2NDQwMjVkMWU5YzlkODIzMSIsInJvbGUiOiJhZG1pbiIsImlhdCI6MTc4MzY5MjEzNCwiZXhwIjoxNzgzNjkzMDM0fQ.TxaRuzawqHkzCtVkHZ_rrT4kvI4G4IZx9Zeyg-nqmgU',
  'user-agent': 'Mozilla/5.0 (Windows NT 10.0; Win64; x64) AppleWebKit/537.36 (KHTML, like Gecko) Chrome/149.0.0.0 Safari/537.36',
  'sec-ch-ua': '"Google Chrome";v="149", "Chromium";v="149", "Not)A;Brand";v="24"',
  'sec-ch-ua-mobile': '?0',
  accept: '*/*',
  origin: 'http://localhost:5173',
  'sec-fetch-site': 'same-site',
  'sec-fetch-mode': 'cors',
  'sec-fetch-dest': 'empty',
  referer: 'http://localhost:5173/',
  'accept-encoding': 'gzip, deflate, br, zstd',
  'accept-language': 'en-US,en;q=0.9',
  'if-none-match': 'W/"270-jgBEoKC6DjSJZEAWEgQyP8zlqC8"'
}
Bearer eyJhbGciOiJIUzI1NiIsInR5cCI6IkpXVCJ9.eyJpZCI6IjZhNGZkNTQ2NDQwMjVkMWU5YzlkODIzMSIsInJvbGUiOiJhZG1pbiIsImlhdCI6MTc4MzY5MjEzNCwiZXhwIjoxNzgzNjkzMDM0fQ.TxaRuzawqHkzCtVkHZ_rrT4kvI4G4IZx9Zeyg-nqmgU
admin
{
  host: 'localhost:3000',
  connection: 'keep-alive',
  'sec-ch-ua-platform': '"Windows"',
  authorization: 'Bearer eyJhbGciOiJIUzI1NiIsInR5cCI6IkpXVCJ9.eyJpZCI6IjZhNGZkNTQ2NDQwMjVkMWU5YzlkODIzMSIsInJvbGUiOiJhZG1pbiIsImlhdCI6MTc4MzY5MjEzNCwiZXhwIjoxNzgzNjkzMDM0fQ.TxaRuzawqHkzCtVkHZ_rrT4kvI4G4IZx9Zeyg-nqmgU',
  'user-agent': 'Mozilla/5.0 (Windows NT 10.0; Win64; x64) AppleWebKit/537.36 (KHTML, like Gecko) Chrome/149.0.0.0 Safari/537.36',
  'sec-ch-ua': '"Google Chrome";v="149", "Chromium";v="149", "Not)A;Brand";v="24"',
  'sec-ch-ua-mobile': '?0',
  accept: '*/*',
  origin: 'http://localhost:5173',
  'sec-fetch-site': 'same-site',
  'sec-fetch-mode': 'cors',
  'sec-fetch-dest': 'empty',
  referer: 'http://localhost:5173/',
  'accept-encoding': 'gzip, deflate, br, zstd',
  'accept-language': 'en-US,en;q=0.9',
  'if-none-match': 'W/"270-jgBEoKC6DjSJZEAWEgQyP8zlqC8"'
}
Bearer eyJhbGciOiJIUzI1NiIsInR5cCI6IkpXVCJ9.eyJpZCI6IjZhNGZkNTQ2NDQwMjVkMWU5YzlkODIzMSIsInJvbGUiOiJhZG1pbiIsImlhdCI6MTc4MzY5MjEzNCwiZXhwIjoxNzgzNjkzMDM0fQ.TxaRuzawqHkzCtVkHZ_rrT4kvI4G4IZx9Zeyg-nqmgU
{
  host: 'localhost:3000',
  connection: 'keep-alive',
  'sec-ch-ua-platform': '"Windows"',
  authorization: 'Bearer eyJhbGciOiJIUzI1NiIsInR5cCI6IkpXVCJ9.eyJpZCI6IjZhNGZkNTQ2NDQwMjVkMWU5YzlkODIzMSIsInJvbGUiOiJhZG1pbiIsImlhdCI6MTc4MzY5MjEzNCwiZXhwIjoxNzgzNjkzMDM0fQ.TxaRuzawqHkzCtVkHZ_rrT4kvI4G4IZx9Zeyg-nqmgU',
  'user-agent': 'Mozilla/5.0 (Windows NT 10.0; Win64; x64) AppleWebKit/537.36 (KHTML, like Gecko) Chrome/149.0.0.0 Safari/537.36',
  'sec-ch-ua': '"Google Chrome";v="149", "Chromium";v="149", "Not)A;Brand";v="24"',
  'sec-ch-ua-mobile': '?0',
  accept: '*/*',
  origin: 'http://localhost:5173',
  'sec-fetch-site': 'same-site',
  'sec-fetch-mode': 'cors',
  'sec-fetch-dest': 'empty',
  referer: 'http://localhost:5173/',
  'accept-encoding': 'gzip, deflate, br, zstd',
  'accept-language': 'en-US,en;q=0.9',
  'if-none-match': 'W/"582-167cZZkz5CTvtvhrqRbJBAZRFk0"'
}
Bearer eyJhbGciOiJIUzI1NiIsInR5cCI6IkpXVCJ9.eyJpZCI6IjZhNGZkNTQ2NDQwMjVkMWU5YzlkODIzMSIsInJvbGUiOiJhZG1pbiIsImlhdCI6MTc4MzY5MjEzNCwiZXhwIjoxNzgzNjkzMDM0fQ.TxaRuzawqHkzCtVkHZ_rrT4kvI4G4IZx9Zeyg-nqmgU
admin
admin
admin
{
  host: 'localhost:3000',
  connection: 'keep-alive',
  'sec-ch-ua-platform': '"Windows"',
  authorization: 'Bearer eyJhbGciOiJIUzI1NiIsInR5cCI6IkpXVCJ9.eyJpZCI6IjZhNGZkNTQ2NDQwMjVkMWU5YzlkODIzMSIsInJvbGUiOiJhZG1pbiIsImlhdCI6MTc4MzY5MjEzNCwiZXhwIjoxNzgzNjkzMDM0fQ.TxaRuzawqHkzCtVkHZ_rrT4kvI4G4IZx9Zeyg-nqmgU',
  'user-agent': 'Mozilla/5.0 (Windows NT 10.0; Win64; x64) AppleWebKit/537.36 (KHTML, like Gecko) Chrome/149.0.0.0 Safari/537.36',
  'sec-ch-ua': '"Google Chrome";v="149", "Chromium";v="149", "Not)A;Brand";v="24"',
  'sec-ch-ua-mobile': '?0',
  accept: '*/*',
  origin: 'http://localhost:5173',
  'sec-fetch-site': 'same-site',
  'sec-fetch-mode': 'cors',
  'sec-fetch-dest': 'empty',
  referer: 'http://localhost:5173/',
  'accept-encoding': 'gzip, deflate, br, zstd',
  'accept-language': 'en-US,en;q=0.9',
  'if-none-match': 'W/"582-167cZZkz5CTvtvhrqRbJBAZRFk0"'
}
Bearer eyJhbGciOiJIUzI1NiIsInR5cCI6IkpXVCJ9.eyJpZCI6IjZhNGZkNTQ2NDQwMjVkMWU5YzlkODIzMSIsInJvbGUiOiJhZG1pbiIsImlhdCI6MTc4MzY5MjEzNCwiZXhwIjoxNzgzNjkzMDM0fQ.TxaRuzawqHkzCtVkHZ_rrT4kvI4G4IZx9Zeyg-nqmgU
{
  host: 'localhost:3000',
  connection: 'keep-alive',
  'sec-ch-ua-platform': '"Windows"',
  authorization: 'Bearer eyJhbGciOiJIUzI1NiIsInR5cCI6IkpXVCJ9.eyJpZCI6IjZhNGZkNTQ2NDQwMjVkMWU5YzlkODIzMSIsInJvbGUiOiJhZG1pbiIsImlhdCI6MTc4MzY5MjEzNCwiZXhwIjoxNzgzNjkzMDM0fQ.TxaRuzawqHkzCtVkHZ_rrT4kvI4G4IZx9Zeyg-nqmgU',
  'user-agent': 'Mozilla/5.0 (Windows NT 10.0; Win64; x64) AppleWebKit/537.36 (KHTML, like Gecko) Chrome/149.0.0.0 Safari/537.36',
  'sec-ch-ua': '"Google Chrome";v="149", "Chromium";v="149", "Not)A;Brand";v="24"',
  'sec-ch-ua-mobile': '?0',
  accept: '*/*',
  origin: 'http://localhost:5173',
  'sec-fetch-site': 'same-site',
  'sec-fetch-mode': 'cors',
  'sec-fetch-dest': 'empty',
  referer: 'http://localhost:5173/',
  'accept-encoding': 'gzip, deflate, br, zstd',
  'accept-language': 'en-US,en;q=0.9',
  'if-none-match': 'W/"270-jgBEoKC6DjSJZEAWEgQyP8zlqC8"'
}
Bearer eyJhbGciOiJIUzI1NiIsInR5cCI6IkpXVCJ9.eyJpZCI6IjZhNGZkNTQ2NDQwMjVkMWU5YzlkODIzMSIsInJvbGUiOiJhZG1pbiIsImlhdCI6MTc4MzY5MjEzNCwiZXhwIjoxNzgzNjkzMDM0fQ.TxaRuzawqHkzCtVkHZ_rrT4kvI4G4IZx9Zeyg-nqmgU
{
  host: 'localhost:3000',
  connection: 'keep-alive',
  'sec-ch-ua-platform': '"Windows"',
  authorization: 'Bearer eyJhbGciOiJIUzI1NiIsInR5cCI6IkpXVCJ9.eyJpZCI6IjZhNGZkNTQ2NDQwMjVkMWU5YzlkODIzMSIsInJvbGUiOiJhZG1pbiIsImlhdCI6MTc4MzY5MjEzNCwiZXhwIjoxNzgzNjkzMDM0fQ.TxaRuzawqHkzCtVkHZ_rrT4kvI4G4IZx9Zeyg-nqmgU',
  'user-agent': 'Mozilla/5.0 (Windows NT 10.0; Win64; x64) AppleWebKit/537.36 (KHTML, like Gecko) Chrome/149.0.0.0 Safari/537.36',
  'sec-ch-ua': '"Google Chrome";v="149", "Chromium";v="149", "Not)A;Brand";v="24"',
  'sec-ch-ua-mobile': '?0',
  accept: '*/*',
  origin: 'http://localhost:5173',
  'sec-fetch-site': 'same-site',
  'sec-fetch-mode': 'cors',
  'sec-fetch-dest': 'empty',
  referer: 'http://localhost:5173/',
  'accept-encoding': 'gzip, deflate, br, zstd',
  'accept-language': 'en-US,en;q=0.9',
  'if-none-match': 'W/"582-167cZZkz5CTvtvhrqRbJBAZRFk0"'
}
Bearer eyJhbGciOiJIUzI1NiIsInR5cCI6IkpXVCJ9.eyJpZCI6IjZhNGZkNTQ2NDQwMjVkMWU5YzlkODIzMSIsInJvbGUiOiJhZG1pbiIsImlhdCI6MTc4MzY5MjEzNCwiZXhwIjoxNzgzNjkzMDM0fQ.TxaRuzawqHkzCtVkHZ_rrT4kvI4G4IZx9Zeyg-nqmgU
{
  host: 'localhost:3000',
  connection: 'keep-alive',
  'sec-ch-ua-platform': '"Windows"',
  authorization: 'Bearer eyJhbGciOiJIUzI1NiIsInR5cCI6IkpXVCJ9.eyJpZCI6IjZhNGZkNTQ2NDQwMjVkMWU5YzlkODIzMSIsInJvbGUiOiJhZG1pbiIsImlhdCI6MTc4MzY5MjEzNCwiZXhwIjoxNzgzNjkzMDM0fQ.TxaRuzawqHkzCtVkHZ_rrT4kvI4G4IZx9Zeyg-nqmgU',
  'user-agent': 'Mozilla/5.0 (Windows NT 10.0; Win64; x64) AppleWebKit/537.36 (KHTML, like Gecko) Chrome/149.0.0.0 Safari/537.36',
  'sec-ch-ua': '"Google Chrome";v="149", "Chromium";v="149", "Not)A;Brand";v="24"',
  'sec-ch-ua-mobile': '?0',
  accept: '*/*',
  origin: 'http://localhost:5173',
  'sec-fetch-site': 'same-site',
  'sec-fetch-mode': 'cors',
  'sec-fetch-dest': 'empty',
  referer: 'http://localhost:5173/',
  'accept-encoding': 'gzip, deflate, br, zstd',
  'accept-language': 'en-US,en;q=0.9',
  'if-none-match': 'W/"270-jgBEoKC6DjSJZEAWEgQyP8zlqC8"'
}
Bearer eyJhbGciOiJIUzI1NiIsInR5cCI6IkpXVCJ9.eyJpZCI6IjZhNGZkNTQ2NDQwMjVkMWU5YzlkODIzMSIsInJvbGUiOiJhZG1pbiIsImlhdCI6MTc4MzY5MjEzNCwiZXhwIjoxNzgzNjkzMDM0fQ.TxaRuzawqHkzCtVkHZ_rrT4kvI4G4IZx9Zeyg-nqmgU
admin
admin
admin
admin
{
  host: 'localhost:3000',
  connection: 'keep-alive',
  'sec-ch-ua-platform': '"Windows"',
  authorization: 'Bearer eyJhbGciOiJIUzI1NiIsInR5cCI6IkpXVCJ9.eyJpZCI6IjZhNGZkNTQ2NDQwMjVkMWU5YzlkODIzMSIsInJvbGUiOiJhZG1pbiIsImlhdCI6MTc4MzY5MjEzNCwiZXhwIjoxNzgzNjkzMDM0fQ.TxaRuzawqHkzCtVkHZ_rrT4kvI4G4IZx9Zeyg-nqmgU',
  'user-agent': 'Mozilla/5.0 (Windows NT 10.0; Win64; x64) AppleWebKit/537.36 (KHTML, like Gecko) Chrome/149.0.0.0 Safari/537.36',
  'sec-ch-ua': '"Google Chrome";v="149", "Chromium";v="149", "Not)A;Brand";v="24"',
  'sec-ch-ua-mobile': '?0',
  accept: '*/*',
  origin: 'http://localhost:5173',
  'sec-fetch-site': 'same-site',
  'sec-fetch-mode': 'cors',
  'sec-fetch-dest': 'empty',
  referer: 'http://localhost:5173/',
  'accept-encoding': 'gzip, deflate, br, zstd',
  'accept-language': 'en-US,en;q=0.9',
  'if-none-match': 'W/"1a63-0TkEqJoYhV5K8BA+9A/XpeUE/1U"'
}
Bearer eyJhbGciOiJIUzI1NiIsInR5cCI6IkpXVCJ9.eyJpZCI6IjZhNGZkNTQ2NDQwMjVkMWU5YzlkODIzMSIsInJvbGUiOiJhZG1pbiIsImlhdCI6MTc4MzY5MjEzNCwiZXhwIjoxNzgzNjkzMDM0fQ.TxaRuzawqHkzCtVkHZ_rrT4kvI4G4IZx9Zeyg-nqmgU
admin
{
  host: 'localhost:3000',
  connection: 'keep-alive',
  'sec-ch-ua-platform': '"Windows"',
  authorization: 'Bearer eyJhbGciOiJIUzI1NiIsInR5cCI6IkpXVCJ9.eyJpZCI6IjZhNGZkNTQ2NDQwMjVkMWU5YzlkODIzMSIsInJvbGUiOiJhZG1pbiIsImlhdCI6MTc4MzY5MjEzNCwiZXhwIjoxNzgzNjkzMDM0fQ.TxaRuzawqHkzCtVkHZ_rrT4kvI4G4IZx9Zeyg-nqmgU',
  'user-agent': 'Mozilla/5.0 (Windows NT 10.0; Win64; x64) AppleWebKit/537.36 (KHTML, like Gecko) Chrome/149.0.0.0 Safari/537.36',
  'sec-ch-ua': '"Google Chrome";v="149", "Chromium";v="149", "Not)A;Brand";v="24"',
  'sec-ch-ua-mobile': '?0',
  accept: '*/*',
  origin: 'http://localhost:5173',
  'sec-fetch-site': 'same-site',
  'sec-fetch-mode': 'cors',
  'sec-fetch-dest': 'empty',
  referer: 'http://localhost:5173/',
  'accept-encoding': 'gzip, deflate, br, zstd',
  'accept-language': 'en-US,en;q=0.9',
  'if-none-match': 'W/"1a63-0TkEqJoYhV5K8BA+9A/XpeUE/1U"'
}
Bearer eyJhbGciOiJIUzI1NiIsInR5cCI6IkpXVCJ9.eyJpZCI6IjZhNGZkNTQ2NDQwMjVkMWU5YzlkODIzMSIsInJvbGUiOiJhZG1pbiIsImlhdCI6MTc4MzY5MjEzNCwiZXhwIjoxNzgzNjkzMDM0fQ.TxaRuzawqHkzCtVkHZ_rrT4kvI4G4IZx9Zeyg-nqmgU
admin
admin
admin
admin
admin
admin
admin
{
  host: 'localhost:3000',
  connection: 'keep-alive',
  'sec-ch-ua-platform': '"Windows"',
  authorization: 'Bearer eyJhbGciOiJIUzI1NiIsInR5cCI6IkpXVCJ9.eyJpZCI6IjZhNGZkNTQ2NDQwMjVkMWU5YzlkODIzMSIsInJvbGUiOiJhZG1pbiIsImlhdCI6MTc4MzY5MjEzNCwiZXhwIjoxNzgzNjkzMDM0fQ.TxaRuzawqHkzCtVkHZ_rrT4kvI4G4IZx9Zeyg-nqmgU',
  'user-agent': 'Mozilla/5.0 (Windows NT 10.0; Win64; x64) AppleWebKit/537.36 (KHTML, like Gecko) Chrome/149.0.0.0 Safari/537.36',
  'sec-ch-ua': '"Google Chrome";v="149", "Chromium";v="149", "Not)A;Brand";v="24"',
  'sec-ch-ua-mobile': '?0',
  accept: '*/*',
  origin: 'http://localhost:5173',
  'sec-fetch-site': 'same-site',
  'sec-fetch-mode': 'cors',
  'sec-fetch-dest': 'empty',
  referer: 'http://localhost:5173/',
  'accept-encoding': 'gzip, deflate, br, zstd',
  'accept-language': 'en-US,en;q=0.9',
  'if-none-match': 'W/"582-167cZZkz5CTvtvhrqRbJBAZRFk0"'
}
Bearer eyJhbGciOiJIUzI1NiIsInR5cCI6IkpXVCJ9.eyJpZCI6IjZhNGZkNTQ2NDQwMjVkMWU5YzlkODIzMSIsInJvbGUiOiJhZG1pbiIsImlhdCI6MTc4MzY5MjEzNCwiZXhwIjoxNzgzNjkzMDM0fQ.TxaRuzawqHkzCtVkHZ_rrT4kvI4G4IZx9Zeyg-nqmgU
{
  host: 'localhost:3000',
  connection: 'keep-alive',
  'sec-ch-ua-platform': '"Windows"',
  authorization: 'Bearer eyJhbGciOiJIUzI1NiIsInR5cCI6IkpXVCJ9.eyJpZCI6IjZhNGZkNTQ2NDQwMjVkMWU5YzlkODIzMSIsInJvbGUiOiJhZG1pbiIsImlhdCI6MTc4MzY5MjEzNCwiZXhwIjoxNzgzNjkzMDM0fQ.TxaRuzawqHkzCtVkHZ_rrT4kvI4G4IZx9Zeyg-nqmgU',
  'user-agent': 'Mozilla/5.0 (Windows NT 10.0; Win64; x64) AppleWebKit/537.36 (KHTML, like Gecko) Chrome/149.0.0.0 Safari/537.36',
  'sec-ch-ua': '"Google Chrome";v="149", "Chromium";v="149", "Not)A;Brand";v="24"',
  'sec-ch-ua-mobile': '?0',
  accept: '*/*',
  origin: 'http://localhost:5173',
  'sec-fetch-site': 'same-site',
  'sec-fetch-mode': 'cors',
  'sec-fetch-dest': 'empty',
  referer: 'http://localhost:5173/',
  'accept-encoding': 'gzip, deflate, br, zstd',
  'accept-language': 'en-US,en;q=0.9',
  'if-none-match': 'W/"270-jgBEoKC6DjSJZEAWEgQyP8zlqC8"'
}
Bearer eyJhbGciOiJIUzI1NiIsInR5cCI6IkpXVCJ9.eyJpZCI6IjZhNGZkNTQ2NDQwMjVkMWU5YzlkODIzMSIsInJvbGUiOiJhZG1pbiIsImlhdCI6MTc4MzY5MjEzNCwiZXhwIjoxNzgzNjkzMDM0fQ.TxaRuzawqHkzCtVkHZ_rrT4kvI4G4IZx9Zeyg-nqmgU
{
  host: 'localhost:3000',
  connection: 'keep-alive',
  'sec-ch-ua-platform': '"Windows"',
  authorization: 'Bearer eyJhbGciOiJIUzI1NiIsInR5cCI6IkpXVCJ9.eyJpZCI6IjZhNGZkNTQ2NDQwMjVkMWU5YzlkODIzMSIsInJvbGUiOiJhZG1pbiIsImlhdCI6MTc4MzY5MjEzNCwiZXhwIjoxNzgzNjkzMDM0fQ.TxaRuzawqHkzCtVkHZ_rrT4kvI4G4IZx9Zeyg-nqmgU',
  'user-agent': 'Mozilla/5.0 (Windows NT 10.0; Win64; x64) AppleWebKit/537.36 (KHTML, like Gecko) Chrome/149.0.0.0 Safari/537.36',
  'sec-ch-ua': '"Google Chrome";v="149", "Chromium";v="149", "Not)A;Brand";v="24"',
  'sec-ch-ua-mobile': '?0',
  accept: '*/*',
  origin: 'http://localhost:5173',
  'sec-fetch-site': 'same-site',
  'sec-fetch-mode': 'cors',
  'sec-fetch-dest': 'empty',
  referer: 'http://localhost:5173/',
  'accept-encoding': 'gzip, deflate, br, zstd',
  'accept-language': 'en-US,en;q=0.9',
  'if-none-match': 'W/"582-167cZZkz5CTvtvhrqRbJBAZRFk0"'
}
Bearer eyJhbGciOiJIUzI1NiIsInR5cCI6IkpXVCJ9.eyJpZCI6IjZhNGZkNTQ2NDQwMjVkMWU5YzlkODIzMSIsInJvbGUiOiJhZG1pbiIsImlhdCI6MTc4MzY5MjEzNCwiZXhwIjoxNzgzNjkzMDM0fQ.TxaRuzawqHkzCtVkHZ_rrT4kvI4G4IZx9Zeyg-nqmgU
{
  host: 'localhost:3000',
  connection: 'keep-alive',
  'sec-ch-ua-platform': '"Windows"',
  authorization: 'Bearer eyJhbGciOiJIUzI1NiIsInR5cCI6IkpXVCJ9.eyJpZCI6IjZhNGZkNTQ2NDQwMjVkMWU5YzlkODIzMSIsInJvbGUiOiJhZG1pbiIsImlhdCI6MTc4MzY5MjEzNCwiZXhwIjoxNzgzNjkzMDM0fQ.TxaRuzawqHkzCtVkHZ_rrT4kvI4G4IZx9Zeyg-nqmgU',
  'user-agent': 'Mozilla/5.0 (Windows NT 10.0; Win64; x64) AppleWebKit/537.36 (KHTML, like Gecko) Chrome/149.0.0.0 Safari/537.36',
  'sec-ch-ua': '"Google Chrome";v="149", "Chromium";v="149", "Not)A;Brand";v="24"',
  'sec-ch-ua-mobile': '?0',
  accept: '*/*',
  origin: 'http://localhost:5173',
  'sec-fetch-site': 'same-site',
  'sec-fetch-mode': 'cors',
  'sec-fetch-dest': 'empty',
  referer: 'http://localhost:5173/',
  'accept-encoding': 'gzip, deflate, br, zstd',
  'accept-language': 'en-US,en;q=0.9',
  'if-none-match': 'W/"270-jgBEoKC6DjSJZEAWEgQyP8zlqC8"'
}
Bearer eyJhbGciOiJIUzI1NiIsInR5cCI6IkpXVCJ9.eyJpZCI6IjZhNGZkNTQ2NDQwMjVkMWU5YzlkODIzMSIsInJvbGUiOiJhZG1pbiIsImlhdCI6MTc4MzY5MjEzNCwiZXhwIjoxNzgzNjkzMDM0fQ.TxaRuzawqHkzCtVkHZ_rrT4kvI4G4IZx9Zeyg-nqmgU
{
  host: 'localhost:3000',
  connection: 'keep-alive',
  'sec-ch-ua-platform': '"Windows"',
  authorization: 'Bearer eyJhbGciOiJIUzI1NiIsInR5cCI6IkpXVCJ9.eyJpZCI6IjZhNGZkNTQ2NDQwMjVkMWU5YzlkODIzMSIsInJvbGUiOiJhZG1pbiIsImlhdCI6MTc4MzY5MjEzNCwiZXhwIjoxNzgzNjkzMDM0fQ.TxaRuzawqHkzCtVkHZ_rrT4kvI4G4IZx9Zeyg-nqmgU',
  'user-agent': 'Mozilla/5.0 (Windows NT 10.0; Win64; x64) AppleWebKit/537.36 (KHTML, like Gecko) Chrome/149.0.0.0 Safari/537.36',
  'sec-ch-ua': '"Google Chrome";v="149", "Chromium";v="149", "Not)A;Brand";v="24"',
  'sec-ch-ua-mobile': '?0',
  accept: '*/*',
  origin: 'http://localhost:5173',
  'sec-fetch-site': 'same-site',
  'sec-fetch-mode': 'cors',
  'sec-fetch-dest': 'empty',
  referer: 'http://localhost:5173/',
  'accept-encoding': 'gzip, deflate, br, zstd',
  'accept-language': 'en-US,en;q=0.9',
  'if-none-match': 'W/"1a63-0TkEqJoYhV5K8BA+9A/XpeUE/1U"'
}
Bearer eyJhbGciOiJIUzI1NiIsInR5cCI6IkpXVCJ9.eyJpZCI6IjZhNGZkNTQ2NDQwMjVkMWU5YzlkODIzMSIsInJvbGUiOiJhZG1pbiIsImlhdCI6MTc4MzY5MjEzNCwiZXhwIjoxNzgzNjkzMDM0fQ.TxaRuzawqHkzCtVkHZ_rrT4kvI4G4IZx9Zeyg-nqmgU
{
  host: 'localhost:3000',
  connection: 'keep-alive',
  'sec-ch-ua-platform': '"Windows"',
  authorization: 'Bearer eyJhbGciOiJIUzI1NiIsInR5cCI6IkpXVCJ9.eyJpZCI6IjZhNGZkNTQ2NDQwMjVkMWU5YzlkODIzMSIsInJvbGUiOiJhZG1pbiIsImlhdCI6MTc4MzY5MjEzNCwiZXhwIjoxNzgzNjkzMDM0fQ.TxaRuzawqHkzCtVkHZ_rrT4kvI4G4IZx9Zeyg-nqmgU',
  'user-agent': 'Mozilla/5.0 (Windows NT 10.0; Win64; x64) AppleWebKit/537.36 (KHTML, like Gecko) Chrome/149.0.0.0 Safari/537.36',
  'sec-ch-ua': '"Google Chrome";v="149", "Chromium";v="149", "Not)A;Brand";v="24"',
  'sec-ch-ua-mobile': '?0',
  accept: '*/*',
  origin: 'http://localhost:5173',
  'sec-fetch-site': 'same-site',
  'sec-fetch-mode': 'cors',
  'sec-fetch-dest': 'empty',
  referer: 'http://localhost:5173/',
  'accept-encoding': 'gzip, deflate, br, zstd',
  'accept-language': 'en-US,en;q=0.9',
  'if-none-match': 'W/"1a63-0TkEqJoYhV5K8BA+9A/XpeUE/1U"'
}
Bearer eyJhbGciOiJIUzI1NiIsInR5cCI6IkpXVCJ9.eyJpZCI6IjZhNGZkNTQ2NDQwMjVkMWU5YzlkODIzMSIsInJvbGUiOiJhZG1pbiIsImlhdCI6MTc4MzY5MjEzNCwiZXhwIjoxNzgzNjkzMDM0fQ.TxaRuzawqHkzCtVkHZ_rrT4kvI4G4IZx9Zeyg-nqmgU
{
  host: 'localhost:3000',
  connection: 'keep-alive',
  'sec-ch-ua-platform': '"Windows"',
  authorization: 'Bearer eyJhbGciOiJIUzI1NiIsInR5cCI6IkpXVCJ9.eyJpZCI6IjZhNGZkNTQ2NDQwMjVkMWU5YzlkODIzMSIsInJvbGUiOiJhZG1pbiIsImlhdCI6MTc4MzY5MzUxOCwiZXhwIjoxNzgzNjk0NDE4fQ.6k8-ieCQZAUUYH5i9pDjRg-WIQh9yV9qXvD-0Fpcg4I',
  'user-agent': 'Mozilla/5.0 (Windows NT 10.0; Win64; x64) AppleWebKit/537.36 (KHTML, like Gecko) Chrome/149.0.0.0 Safari/537.36',
  'sec-ch-ua': '"Google Chrome";v="149", "Chromium";v="149", "Not)A;Brand";v="24"',
  'sec-ch-ua-mobile': '?0',
  accept: '*/*',
  origin: 'http://localhost:5173',
  'sec-fetch-site': 'same-site',
  'sec-fetch-mode': 'cors',
  'sec-fetch-dest': 'empty',
  referer: 'http://localhost:5173/',
  'accept-encoding': 'gzip, deflate, br, zstd',
  'accept-language': 'en-US,en;q=0.9',
  'if-none-match': 'W/"1a63-0TkEqJoYhV5K8BA+9A/XpeUE/1U"'
}
Bearer eyJhbGciOiJIUzI1NiIsInR5cCI6IkpXVCJ9.eyJpZCI6IjZhNGZkNTQ2NDQwMjVkMWU5YzlkODIzMSIsInJvbGUiOiJhZG1pbiIsImlhdCI6MTc4MzY5MzUxOCwiZXhwIjoxNzgzNjk0NDE4fQ.6k8-ieCQZAUUYH5i9pDjRg-WIQh9yV9qXvD-0Fpcg4I
admin
{
  host: 'localhost:3000',
  connection: 'keep-alive',
  'sec-ch-ua-platform': '"Windows"',
  authorization: 'Bearer eyJhbGciOiJIUzI1NiIsInR5cCI6IkpXVCJ9.eyJpZCI6IjZhNGZkNTQ2NDQwMjVkMWU5YzlkODIzMSIsInJvbGUiOiJhZG1pbiIsImlhdCI6MTc4MzY5MzUxOCwiZXhwIjoxNzgzNjk0NDE4fQ.6k8-ieCQZAUUYH5i9pDjRg-WIQh9yV9qXvD-0Fpcg4I',
  'user-agent': 'Mozilla/5.0 (Windows NT 10.0; Win64; x64) AppleWebKit/537.36 (KHTML, like Gecko) Chrome/149.0.0.0 Safari/537.36',
  'sec-ch-ua': '"Google Chrome";v="149", "Chromium";v="149", "Not)A;Brand";v="24"',
  'sec-ch-ua-mobile': '?0',
  accept: '*/*',
  origin: 'http://localhost:5173',
  'sec-fetch-site': 'same-site',
  'sec-fetch-mode': 'cors',
  'sec-fetch-dest': 'empty',
  referer: 'http://localhost:5173/',
  'accept-encoding': 'gzip, deflate, br, zstd',
  'accept-language': 'en-US,en;q=0.9',
  'if-none-match': 'W/"1a63-0TkEqJoYhV5K8BA+9A/XpeUE/1U"'
}
Bearer eyJhbGciOiJIUzI1NiIsInR5cCI6IkpXVCJ9.eyJpZCI6IjZhNGZkNTQ2NDQwMjVkMWU5YzlkODIzMSIsInJvbGUiOiJhZG1pbiIsImlhdCI6MTc4MzY5MzUxOCwiZXhwIjoxNzgzNjk0NDE4fQ.6k8-ieCQZAUUYH5i9pDjRg-WIQh9yV9qXvD-0Fpcg4I
admin
{
  host: 'localhost:3000',
  connection: 'keep-alive',
  'sec-ch-ua-platform': '"Windows"',
  authorization: 'Bearer eyJhbGciOiJIUzI1NiIsInR5cCI6IkpXVCJ9.eyJpZCI6IjZhNGZkNTQ2NDQwMjVkMWU5YzlkODIzMSIsInJvbGUiOiJhZG1pbiIsImlhdCI6MTc4MzY5MzUxOCwiZXhwIjoxNzgzNjk0NDE4fQ.6k8-ieCQZAUUYH5i9pDjRg-WIQh9yV9qXvD-0Fpcg4I',
  'user-agent': 'Mozilla/5.0 (Windows NT 10.0; Win64; x64) AppleWebKit/537.36 (KHTML, like Gecko) Chrome/149.0.0.0 Safari/537.36',
  'sec-ch-ua': '"Google Chrome";v="149", "Chromium";v="149", "Not)A;Brand";v="24"',
  'sec-ch-ua-mobile': '?0',
  accept: '*/*',
  origin: 'http://localhost:5173',
  'sec-fetch-site': 'same-site',
  'sec-fetch-mode': 'cors',
  'sec-fetch-dest': 'empty',
  referer: 'http://localhost:5173/',
  'accept-encoding': 'gzip, deflate, br, zstd',
  'accept-language': 'en-US,en;q=0.9',
  'if-none-match': 'W/"582-167cZZkz5CTvtvhrqRbJBAZRFk0"'
}
Bearer eyJhbGciOiJIUzI1NiIsInR5cCI6IkpXVCJ9.eyJpZCI6IjZhNGZkNTQ2NDQwMjVkMWU5YzlkODIzMSIsInJvbGUiOiJhZG1pbiIsImlhdCI6MTc4MzY5MzUxOCwiZXhwIjoxNzgzNjk0NDE4fQ.6k8-ieCQZAUUYH5i9pDjRg-WIQh9yV9qXvD-0Fpcg4I
{
  host: 'localhost:3000',
  connection: 'keep-alive',
  'sec-ch-ua-platform': '"Windows"',
  authorization: 'Bearer eyJhbGciOiJIUzI1NiIsInR5cCI6IkpXVCJ9.eyJpZCI6IjZhNGZkNTQ2NDQwMjVkMWU5YzlkODIzMSIsInJvbGUiOiJhZG1pbiIsImlhdCI6MTc4MzY5MzUxOCwiZXhwIjoxNzgzNjk0NDE4fQ.6k8-ieCQZAUUYH5i9pDjRg-WIQh9yV9qXvD-0Fpcg4I',
  'user-agent': 'Mozilla/5.0 (Windows NT 10.0; Win64; x64) AppleWebKit/537.36 (KHTML, like Gecko) Chrome/149.0.0.0 Safari/537.36',
  'sec-ch-ua': '"Google Chrome";v="149", "Chromium";v="149", "Not)A;Brand";v="24"',
  'sec-ch-ua-mobile': '?0',
  accept: '*/*',
  origin: 'http://localhost:5173',
  'sec-fetch-site': 'same-site',
  'sec-fetch-mode': 'cors',
  'sec-fetch-dest': 'empty',
  referer: 'http://localhost:5173/',
  'accept-encoding': 'gzip, deflate, br, zstd',
  'accept-language': 'en-US,en;q=0.9',
  'if-none-match': 'W/"270-jgBEoKC6DjSJZEAWEgQyP8zlqC8"'
}
Bearer eyJhbGciOiJIUzI1NiIsInR5cCI6IkpXVCJ9.eyJpZCI6IjZhNGZkNTQ2NDQwMjVkMWU5YzlkODIzMSIsInJvbGUiOiJhZG1pbiIsImlhdCI6MTc4MzY5MzUxOCwiZXhwIjoxNzgzNjk0NDE4fQ.6k8-ieCQZAUUYH5i9pDjRg-WIQh9yV9qXvD-0Fpcg4I
{
  host: 'localhost:3000',
  connection: 'keep-alive',
  'sec-ch-ua-platform': '"Windows"',
  authorization: 'Bearer eyJhbGciOiJIUzI1NiIsInR5cCI6IkpXVCJ9.eyJpZCI6IjZhNGZkNTQ2NDQwMjVkMWU5YzlkODIzMSIsInJvbGUiOiJhZG1pbiIsImlhdCI6MTc4MzY5MzUxOCwiZXhwIjoxNzgzNjk0NDE4fQ.6k8-ieCQZAUUYH5i9pDjRg-WIQh9yV9qXvD-0Fpcg4I',
  'user-agent': 'Mozilla/5.0 (Windows NT 10.0; Win64; x64) AppleWebKit/537.36 (KHTML, like Gecko) Chrome/149.0.0.0 Safari/537.36',
  'sec-ch-ua': '"Google Chrome";v="149", "Chromium";v="149", "Not)A;Brand";v="24"',
  'sec-ch-ua-mobile': '?0',
  accept: '*/*',
  origin: 'http://localhost:5173',
  'sec-fetch-site': 'same-site',
  'sec-fetch-mode': 'cors',
  'sec-fetch-dest': 'empty',
  referer: 'http://localhost:5173/',
  'accept-encoding': 'gzip, deflate, br, zstd',
  'accept-language': 'en-US,en;q=0.9',
  'if-none-match': 'W/"582-167cZZkz5CTvtvhrqRbJBAZRFk0"'
}
Bearer eyJhbGciOiJIUzI1NiIsInR5cCI6IkpXVCJ9.eyJpZCI6IjZhNGZkNTQ2NDQwMjVkMWU5YzlkODIzMSIsInJvbGUiOiJhZG1pbiIsImlhdCI6MTc4MzY5MzUxOCwiZXhwIjoxNzgzNjk0NDE4fQ.6k8-ieCQZAUUYH5i9pDjRg-WIQh9yV9qXvD-0Fpcg4I
{
  host: 'localhost:3000',
  connection: 'keep-alive',
  'sec-ch-ua-platform': '"Windows"',
  authorization: 'Bearer eyJhbGciOiJIUzI1NiIsInR5cCI6IkpXVCJ9.eyJpZCI6IjZhNGZkNTQ2NDQwMjVkMWU5YzlkODIzMSIsInJvbGUiOiJhZG1pbiIsImlhdCI6MTc4MzY5MzUxOCwiZXhwIjoxNzgzNjk0NDE4fQ.6k8-ieCQZAUUYH5i9pDjRg-WIQh9yV9qXvD-0Fpcg4I',
  'user-agent': 'Mozilla/5.0 (Windows NT 10.0; Win64; x64) AppleWebKit/537.36 (KHTML, like Gecko) Chrome/149.0.0.0 Safari/537.36',
  'sec-ch-ua': '"Google Chrome";v="149", "Chromium";v="149", "Not)A;Brand";v="24"',
  'sec-ch-ua-mobile': '?0',
  accept: '*/*',
  origin: 'http://localhost:5173',
  'sec-fetch-site': 'same-site',
  'sec-fetch-mode': 'cors',
  'sec-fetch-dest': 'empty',
  referer: 'http://localhost:5173/',
  'accept-encoding': 'gzip, deflate, br, zstd',
  'accept-language': 'en-US,en;q=0.9',
  'if-none-match': 'W/"270-jgBEoKC6DjSJZEAWEgQyP8zlqC8"'
}
Bearer eyJhbGciOiJIUzI1NiIsInR5cCI6IkpXVCJ9.eyJpZCI6IjZhNGZkNTQ2NDQwMjVkMWU5YzlkODIzMSIsInJvbGUiOiJhZG1pbiIsImlhdCI6MTc4MzY5MzUxOCwiZXhwIjoxNzgzNjk0NDE4fQ.6k8-ieCQZAUUYH5i9pDjRg-WIQh9yV9qXvD-0Fpcg4I
{
  host: 'localhost:3000',
  connection: 'keep-alive',
  'sec-ch-ua-platform': '"Windows"',
  authorization: 'Bearer eyJhbGciOiJIUzI1NiIsInR5cCI6IkpXVCJ9.eyJpZCI6IjZhNGZkNTQ2NDQwMjVkMWU5YzlkODIzMSIsInJvbGUiOiJhZG1pbiIsImlhdCI6MTc4MzY5NjMzOSwiZXhwIjoxNzgzNjk3MjM5fQ.JpfyztbPaHIyGiFE-ZU82BYumpVVZNrxXg4tL35Musg',
  'user-agent': 'Mozilla/5.0 (Windows NT 10.0; Win64; x64) AppleWebKit/537.36 (KHTML, like Gecko) Chrome/149.0.0.0 Safari/537.36',
  'sec-ch-ua': '"Google Chrome";v="149", "Chromium";v="149", "Not)A;Brand";v="24"',
  'sec-ch-ua-mobile': '?0',
  accept: '*/*',
  origin: 'http://localhost:5173',
  'sec-fetch-site': 'same-site',
  'sec-fetch-mode': 'cors',
  'sec-fetch-dest': 'empty',
  referer: 'http://localhost:5173/',
  'accept-encoding': 'gzip, deflate, br, zstd',
  'accept-language': 'en-US,en;q=0.9',
  'if-none-match': 'W/"582-167cZZkz5CTvtvhrqRbJBAZRFk0"'
}
Bearer eyJhbGciOiJIUzI1NiIsInR5cCI6IkpXVCJ9.eyJpZCI6IjZhNGZkNTQ2NDQwMjVkMWU5YzlkODIzMSIsInJvbGUiOiJhZG1pbiIsImlhdCI6MTc4MzY5NjMzOSwiZXhwIjoxNzgzNjk3MjM5fQ.JpfyztbPaHIyGiFE-ZU82BYumpVVZNrxXg4tL35Musg
{
  host: 'localhost:3000',
  connection: 'keep-alive',
  'sec-ch-ua-platform': '"Windows"',
  authorization: 'Bearer eyJhbGciOiJIUzI1NiIsInR5cCI6IkpXVCJ9.eyJpZCI6IjZhNGZkNTQ2NDQwMjVkMWU5YzlkODIzMSIsInJvbGUiOiJhZG1pbiIsImlhdCI6MTc4MzY5NjMzOSwiZXhwIjoxNzgzNjk3MjM5fQ.JpfyztbPaHIyGiFE-ZU82BYumpVVZNrxXg4tL35Musg',
  'user-agent': 'Mozilla/5.0 (Windows NT 10.0; Win64; x64) AppleWebKit/537.36 (KHTML, like Gecko) Chrome/149.0.0.0 Safari/537.36',
  'sec-ch-ua': '"Google Chrome";v="149", "Chromium";v="149", "Not)A;Brand";v="24"',
  'sec-ch-ua-mobile': '?0',
  accept: '*/*',
  origin: 'http://localhost:5173',
  'sec-fetch-site': 'same-site',
  'sec-fetch-mode': 'cors',
  'sec-fetch-dest': 'empty',
  referer: 'http://localhost:5173/',
  'accept-encoding': 'gzip, deflate, br, zstd',
  'accept-language': 'en-US,en;q=0.9',
  'if-none-match': 'W/"270-jgBEoKC6DjSJZEAWEgQyP8zlqC8"'
}
Bearer eyJhbGciOiJIUzI1NiIsInR5cCI6IkpXVCJ9.eyJpZCI6IjZhNGZkNTQ2NDQwMjVkMWU5YzlkODIzMSIsInJvbGUiOiJhZG1pbiIsImlhdCI6MTc4MzY5NjMzOSwiZXhwIjoxNzgzNjk3MjM5fQ.JpfyztbPaHIyGiFE-ZU82BYumpVVZNrxXg4tL35Musg
{
  host: 'localhost:3000',
  connection: 'keep-alive',
  'sec-ch-ua-platform': '"Windows"',
  authorization: 'Bearer eyJhbGciOiJIUzI1NiIsInR5cCI6IkpXVCJ9.eyJpZCI6IjZhNGZkNTQ2NDQwMjVkMWU5YzlkODIzMSIsInJvbGUiOiJhZG1pbiIsImlhdCI6MTc4MzY5NjMzOSwiZXhwIjoxNzgzNjk3MjM5fQ.JpfyztbPaHIyGiFE-ZU82BYumpVVZNrxXg4tL35Musg',
  'user-agent': 'Mozilla/5.0 (Windows NT 10.0; Win64; x64) AppleWebKit/537.36 (KHTML, like Gecko) Chrome/149.0.0.0 Safari/537.36',
  'sec-ch-ua': '"Google Chrome";v="149", "Chromium";v="149", "Not)A;Brand";v="24"',
  'sec-ch-ua-mobile': '?0',
  accept: '*/*',
  origin: 'http://localhost:5173',
  'sec-fetch-site': 'same-site',
  'sec-fetch-mode': 'cors',
  'sec-fetch-dest': 'empty',
  referer: 'http://localhost:5173/',
  'accept-encoding': 'gzip, deflate, br, zstd',
  'accept-language': 'en-US,en;q=0.9',
  'if-none-match': 'W/"270-jgBEoKC6DjSJZEAWEgQyP8zlqC8"'
}
Bearer eyJhbGciOiJIUzI1NiIsInR5cCI6IkpXVCJ9.eyJpZCI6IjZhNGZkNTQ2NDQwMjVkMWU5YzlkODIzMSIsInJvbGUiOiJhZG1pbiIsImlhdCI6MTc4MzY5NjMzOSwiZXhwIjoxNzgzNjk3MjM5fQ.JpfyztbPaHIyGiFE-ZU82BYumpVVZNrxXg4tL35Musg
{
  host: 'localhost:3000',
  connection: 'keep-alive',
  'sec-ch-ua-platform': '"Windows"',
  authorization: 'Bearer eyJhbGciOiJIUzI1NiIsInR5cCI6IkpXVCJ9.eyJpZCI6IjZhNGZkNTQ2NDQwMjVkMWU5YzlkODIzMSIsInJvbGUiOiJhZG1pbiIsImlhdCI6MTc4MzY5NjMzOSwiZXhwIjoxNzgzNjk3MjM5fQ.JpfyztbPaHIyGiFE-ZU82BYumpVVZNrxXg4tL35Musg',
  'user-agent': 'Mozilla/5.0 (Windows NT 10.0; Win64; x64) AppleWebKit/537.36 (KHTML, like Gecko) Chrome/149.0.0.0 Safari/537.36',
  'sec-ch-ua': '"Google Chrome";v="149", "Chromium";v="149", "Not)A;Brand";v="24"',
  'sec-ch-ua-mobile': '?0',
  accept: '*/*',
  origin: 'http://localhost:5173',
  'sec-fetch-site': 'same-site',
  'sec-fetch-mode': 'cors',
  'sec-fetch-dest': 'empty',
  referer: 'http://localhost:5173/',
  'accept-encoding': 'gzip, deflate, br, zstd',
  'accept-language': 'en-US,en;q=0.9',
  'if-none-match': 'W/"50c-8iWat1IcBheljR/qCkAe6CbqZNE"'
}
Bearer eyJhbGciOiJIUzI1NiIsInR5cCI6IkpXVCJ9.eyJpZCI6IjZhNGZkNTQ2NDQwMjVkMWU5YzlkODIzMSIsInJvbGUiOiJhZG1pbiIsImlhdCI6MTc4MzY5NjMzOSwiZXhwIjoxNzgzNjk3MjM5fQ.JpfyztbPaHIyGiFE-ZU82BYumpVVZNrxXg4tL35Musg
{
  host: 'localhost:3000',
  connection: 'keep-alive',
  'sec-ch-ua-platform': '"Windows"',
  authorization: 'Bearer eyJhbGciOiJIUzI1NiIsInR5cCI6IkpXVCJ9.eyJpZCI6IjZhNGZkNTQ2NDQwMjVkMWU5YzlkODIzMSIsInJvbGUiOiJhZG1pbiIsImlhdCI6MTc4MzY5NjMzOSwiZXhwIjoxNzgzNjk3MjM5fQ.JpfyztbPaHIyGiFE-ZU82BYumpVVZNrxXg4tL35Musg',
  'user-agent': 'Mozilla/5.0 (Windows NT 10.0; Win64; x64) AppleWebKit/537.36 (KHTML, like Gecko) Chrome/149.0.0.0 Safari/537.36',
  'sec-ch-ua': '"Google Chrome";v="149", "Chromium";v="149", "Not)A;Brand";v="24"',
  'sec-ch-ua-mobile': '?0',
  accept: '*/*',
  origin: 'http://localhost:5173',
  'sec-fetch-site': 'same-site',
  'sec-fetch-mode': 'cors',
  'sec-fetch-dest': 'empty',
  referer: 'http://localhost:5173/',
  'accept-encoding': 'gzip, deflate, br, zstd',
  'accept-language': 'en-US,en;q=0.9',
  'if-none-match': 'W/"50c-8iWat1IcBheljR/qCkAe6CbqZNE"'
}
Bearer eyJhbGciOiJIUzI1NiIsInR5cCI6IkpXVCJ9.eyJpZCI6IjZhNGZkNTQ2NDQwMjVkMWU5YzlkODIzMSIsInJvbGUiOiJhZG1pbiIsImlhdCI6MTc4MzY5NjMzOSwiZXhwIjoxNzgzNjk3MjM5fQ.JpfyztbPaHIyGiFE-ZU82BYumpVVZNrxXg4tL35Musg
{
  host: 'localhost:3000',
  connection: 'keep-alive',
  'sec-ch-ua-platform': '"Windows"',
  authorization: 'Bearer eyJhbGciOiJIUzI1NiIsInR5cCI6IkpXVCJ9.eyJpZCI6IjZhNGZkNTQ2NDQwMjVkMWU5YzlkODIzMSIsInJvbGUiOiJhZG1pbiIsImlhdCI6MTc4MzY5NjMzOSwiZXhwIjoxNzgzNjk3MjM5fQ.JpfyztbPaHIyGiFE-ZU82BYumpVVZNrxXg4tL35Musg',
  'user-agent': 'Mozilla/5.0 (Windows NT 10.0; Win64; x64) AppleWebKit/537.36 (KHTML, like Gecko) Chrome/149.0.0.0 Safari/537.36',
  'sec-ch-ua': '"Google Chrome";v="149", "Chromium";v="149", "Not)A;Brand";v="24"',
  'sec-ch-ua-mobile': '?0',
  accept: '*/*',
  origin: 'http://localhost:5173',
  'sec-fetch-site': 'same-site',
  'sec-fetch-mode': 'cors',
  'sec-fetch-dest': 'empty',
  referer: 'http://localhost:5173/',
  'accept-encoding': 'gzip, deflate, br, zstd',
  'accept-language': 'en-US,en;q=0.9',
  'if-none-match': 'W/"270-jgBEoKC6DjSJZEAWEgQyP8zlqC8"'
}
Bearer eyJhbGciOiJIUzI1NiIsInR5cCI6IkpXVCJ9.eyJpZCI6IjZhNGZkNTQ2NDQwMjVkMWU5YzlkODIzMSIsInJvbGUiOiJhZG1pbiIsImlhdCI6MTc4MzY5NjMzOSwiZXhwIjoxNzgzNjk3MjM5fQ.JpfyztbPaHIyGiFE-ZU82BYumpVVZNrxXg4tL35Musg
{
  host: 'localhost:3000',
  connection: 'keep-alive',
  'sec-ch-ua-platform': '"Windows"',
  authorization: 'Bearer eyJhbGciOiJIUzI1NiIsInR5cCI6IkpXVCJ9.eyJpZCI6IjZhNGZkNTQ2NDQwMjVkMWU5YzlkODIzMSIsInJvbGUiOiJhZG1pbiIsImlhdCI6MTc4MzY5NjMzOSwiZXhwIjoxNzgzNjk3MjM5fQ.JpfyztbPaHIyGiFE-ZU82BYumpVVZNrxXg4tL35Musg',
  'user-agent': 'Mozilla/5.0 (Windows NT 10.0; Win64; x64) AppleWebKit/537.36 (KHTML, like Gecko) Chrome/149.0.0.0 Safari/537.36',
  'sec-ch-ua': '"Google Chrome";v="149", "Chromium";v="149", "Not)A;Brand";v="24"',
  'sec-ch-ua-mobile': '?0',
  accept: '*/*',
  origin: 'http://localhost:5173',
  'sec-fetch-site': 'same-site',
  'sec-fetch-mode': 'cors',
  'sec-fetch-dest': 'empty',
  referer: 'http://localhost:5173/',
  'accept-encoding': 'gzip, deflate, br, zstd',
  'accept-language': 'en-US,en;q=0.9',
  'if-none-match': 'W/"50c-8iWat1IcBheljR/qCkAe6CbqZNE"'
}
Bearer eyJhbGciOiJIUzI1NiIsInR5cCI6IkpXVCJ9.eyJpZCI6IjZhNGZkNTQ2NDQwMjVkMWU5YzlkODIzMSIsInJvbGUiOiJhZG1pbiIsImlhdCI6MTc4MzY5NjMzOSwiZXhwIjoxNzgzNjk3MjM5fQ.JpfyztbPaHIyGiFE-ZU82BYumpVVZNrxXg4tL35Musg
{
  host: 'localhost:3000',
  connection: 'keep-alive',
  'sec-ch-ua-platform': '"Windows"',
  authorization: 'Bearer eyJhbGciOiJIUzI1NiIsInR5cCI6IkpXVCJ9.eyJpZCI6IjZhNGZkNTQ2NDQwMjVkMWU5YzlkODIzMSIsInJvbGUiOiJhZG1pbiIsImlhdCI6MTc4MzY5NjMzOSwiZXhwIjoxNzgzNjk3MjM5fQ.JpfyztbPaHIyGiFE-ZU82BYumpVVZNrxXg4tL35Musg',
  'user-agent': 'Mozilla/5.0 (Windows NT 10.0; Win64; x64) AppleWebKit/537.36 (KHTML, like Gecko) Chrome/149.0.0.0 Safari/537.36',
  'sec-ch-ua': '"Google Chrome";v="149", "Chromium";v="149", "Not)A;Brand";v="24"',
  'sec-ch-ua-mobile': '?0',
  accept: '*/*',
  origin: 'http://localhost:5173',
  'sec-fetch-site': 'same-site',
  'sec-fetch-mode': 'cors',
  'sec-fetch-dest': 'empty',
  referer: 'http://localhost:5173/',
  'accept-encoding': 'gzip, deflate, br, zstd',
  'accept-language': 'en-US,en;q=0.9',
  'if-none-match': 'W/"270-jgBEoKC6DjSJZEAWEgQyP8zlqC8"'
}
Bearer eyJhbGciOiJIUzI1NiIsInR5cCI6IkpXVCJ9.eyJpZCI6IjZhNGZkNTQ2NDQwMjVkMWU5YzlkODIzMSIsInJvbGUiOiJhZG1pbiIsImlhdCI6MTc4MzY5NjMzOSwiZXhwIjoxNzgzNjk3MjM5fQ.JpfyztbPaHIyGiFE-ZU82BYumpVVZNrxXg4tL35Musg
{
  host: 'localhost:3000',
  connection: 'keep-alive',
  'sec-ch-ua-platform': '"Windows"',
  authorization: 'Bearer eyJhbGciOiJIUzI1NiIsInR5cCI6IkpXVCJ9.eyJpZCI6IjZhNGZkNTQ2NDQwMjVkMWU5YzlkODIzMSIsInJvbGUiOiJhZG1pbiIsImlhdCI6MTc4MzY5NjMzOSwiZXhwIjoxNzgzNjk3MjM5fQ.JpfyztbPaHIyGiFE-ZU82BYumpVVZNrxXg4tL35Musg',
  'user-agent': 'Mozilla/5.0 (Windows NT 10.0; Win64; x64) AppleWebKit/537.36 (KHTML, like Gecko) Chrome/149.0.0.0 Safari/537.36',
  'sec-ch-ua': '"Google Chrome";v="149", "Chromium";v="149", "Not)A;Brand";v="24"',
  'sec-ch-ua-mobile': '?0',
  accept: '*/*',
  origin: 'http://localhost:5173',
  'sec-fetch-site': 'same-site',
  'sec-fetch-mode': 'cors',
  'sec-fetch-dest': 'empty',
  referer: 'http://localhost:5173/',
  'accept-encoding': 'gzip, deflate, br, zstd',
  'accept-language': 'en-US,en;q=0.9',
  'if-none-match': 'W/"1a63-0TkEqJoYhV5K8BA+9A/XpeUE/1U"'
}
Bearer eyJhbGciOiJIUzI1NiIsInR5cCI6IkpXVCJ9.eyJpZCI6IjZhNGZkNTQ2NDQwMjVkMWU5YzlkODIzMSIsInJvbGUiOiJhZG1pbiIsImlhdCI6MTc4MzY5NjMzOSwiZXhwIjoxNzgzNjk3MjM5fQ.JpfyztbPaHIyGiFE-ZU82BYumpVVZNrxXg4tL35Musg
{
  host: 'localhost:3000',
  connection: 'keep-alive',
  'sec-ch-ua-platform': '"Windows"',
  authorization: 'Bearer eyJhbGciOiJIUzI1NiIsInR5cCI6IkpXVCJ9.eyJpZCI6IjZhNGZkNTQ2NDQwMjVkMWU5YzlkODIzMSIsInJvbGUiOiJhZG1pbiIsImlhdCI6MTc4MzY5NjMzOSwiZXhwIjoxNzgzNjk3MjM5fQ.JpfyztbPaHIyGiFE-ZU82BYumpVVZNrxXg4tL35Musg',
  'user-agent': 'Mozilla/5.0 (Windows NT 10.0; Win64; x64) AppleWebKit/537.36 (KHTML, like Gecko) Chrome/149.0.0.0 Safari/537.36',
  'sec-ch-ua': '"Google Chrome";v="149", "Chromium";v="149", "Not)A;Brand";v="24"',
  'sec-ch-ua-mobile': '?0',
  accept: '*/*',
  origin: 'http://localhost:5173',
  'sec-fetch-site': 'same-site',
  'sec-fetch-mode': 'cors',
  'sec-fetch-dest': 'empty',
  referer: 'http://localhost:5173/',
  'accept-encoding': 'gzip, deflate, br, zstd',
  'accept-language': 'en-US,en;q=0.9',
  'if-none-match': 'W/"1a63-0TkEqJoYhV5K8BA+9A/XpeUE/1U"'
}
Bearer eyJhbGciOiJIUzI1NiIsInR5cCI6IkpXVCJ9.eyJpZCI6IjZhNGZkNTQ2NDQwMjVkMWU5YzlkODIzMSIsInJvbGUiOiJhZG1pbiIsImlhdCI6MTc4MzY5NjMzOSwiZXhwIjoxNzgzNjk3MjM5fQ.JpfyztbPaHIyGiFE-ZU82BYumpVVZNrxXg4tL35Musg
{
  host: 'localhost:3000',
  connection: 'keep-alive',
  'sec-ch-ua-platform': '"Windows"',
  authorization: 'Bearer eyJhbGciOiJIUzI1NiIsInR5cCI6IkpXVCJ9.eyJpZCI6IjZhNGZkNTQ2NDQwMjVkMWU5YzlkODIzMSIsInJvbGUiOiJhZG1pbiIsImlhdCI6MTc4MzY5NjMzOSwiZXhwIjoxNzgzNjk3MjM5fQ.JpfyztbPaHIyGiFE-ZU82BYumpVVZNrxXg4tL35Musg',
  'user-agent': 'Mozilla/5.0 (Windows NT 10.0; Win64; x64) AppleWebKit/537.36 (KHTML, like Gecko) Chrome/149.0.0.0 Safari/537.36',
  'sec-ch-ua': '"Google Chrome";v="149", "Chromium";v="149", "Not)A;Brand";v="24"',
  'sec-ch-ua-mobile': '?0',
  accept: '*/*',
  origin: 'http://localhost:5173',
  'sec-fetch-site': 'same-site',
  'sec-fetch-mode': 'cors',
  'sec-fetch-dest': 'empty',
  referer: 'http://localhost:5173/',
  'accept-encoding': 'gzip, deflate, br, zstd',
  'accept-language': 'en-US,en;q=0.9',
  'if-none-match': 'W/"1a63-0TkEqJoYhV5K8BA+9A/XpeUE/1U"'
}
Bearer eyJhbGciOiJIUzI1NiIsInR5cCI6IkpXVCJ9.eyJpZCI6IjZhNGZkNTQ2NDQwMjVkMWU5YzlkODIzMSIsInJvbGUiOiJhZG1pbiIsImlhdCI6MTc4MzY5NjMzOSwiZXhwIjoxNzgzNjk3MjM5fQ.JpfyztbPaHIyGiFE-ZU82BYumpVVZNrxXg4tL35Musg
{
  host: 'localhost:3000',
  connection: 'keep-alive',
  'sec-ch-ua-platform': '"Windows"',
  authorization: 'Bearer eyJhbGciOiJIUzI1NiIsInR5cCI6IkpXVCJ9.eyJpZCI6IjZhNGZkNTQ2NDQwMjVkMWU5YzlkODIzMSIsInJvbGUiOiJhZG1pbiIsImlhdCI6MTc4MzY5NjMzOSwiZXhwIjoxNzgzNjk3MjM5fQ.JpfyztbPaHIyGiFE-ZU82BYumpVVZNrxXg4tL35Musg',
  'user-agent': 'Mozilla/5.0 (Windows NT 10.0; Win64; x64) AppleWebKit/537.36 (KHTML, like Gecko) Chrome/149.0.0.0 Safari/537.36',
  'sec-ch-ua': '"Google Chrome";v="149", "Chromium";v="149", "Not)A;Brand";v="24"',
  'sec-ch-ua-mobile': '?0',
  accept: '*/*',
  origin: 'http://localhost:5173',
  'sec-fetch-site': 'same-site',
  'sec-fetch-mode': 'cors',
  'sec-fetch-dest': 'empty',
  referer: 'http://localhost:5173/',
  'accept-encoding': 'gzip, deflate, br, zstd',
  'accept-language': 'en-US,en;q=0.9',
  'if-none-match': 'W/"1a63-0TkEqJoYhV5K8BA+9A/XpeUE/1U"'
}
Bearer eyJhbGciOiJIUzI1NiIsInR5cCI6IkpXVCJ9.eyJpZCI6IjZhNGZkNTQ2NDQwMjVkMWU5YzlkODIzMSIsInJvbGUiOiJhZG1pbiIsImlhdCI6MTc4MzY5NjMzOSwiZXhwIjoxNzgzNjk3MjM5fQ.JpfyztbPaHIyGiFE-ZU82BYumpVVZNrxXg4tL35Musg
{
  host: 'localhost:3000',
  connection: 'keep-alive',
  'sec-ch-ua-platform': '"Windows"',
  authorization: 'Bearer eyJhbGciOiJIUzI1NiIsInR5cCI6IkpXVCJ9.eyJpZCI6IjZhNGZkNTQ2NDQwMjVkMWU5YzlkODIzMSIsInJvbGUiOiJhZG1pbiIsImlhdCI6MTc4MzY5NjMzOSwiZXhwIjoxNzgzNjk3MjM5fQ.JpfyztbPaHIyGiFE-ZU82BYumpVVZNrxXg4tL35Musg',
  'user-agent': 'Mozilla/5.0 (Windows NT 10.0; Win64; x64) AppleWebKit/537.36 (KHTML, like Gecko) Chrome/149.0.0.0 Safari/537.36',
  'sec-ch-ua': '"Google Chrome";v="149", "Chromium";v="149", "Not)A;Brand";v="24"',
  'sec-ch-ua-mobile': '?0',
  accept: '*/*',
  origin: 'http://localhost:5173',
  'sec-fetch-site': 'same-site',
  'sec-fetch-mode': 'cors',
  'sec-fetch-dest': 'empty',
  referer: 'http://localhost:5173/',
  'accept-encoding': 'gzip, deflate, br, zstd',
  'accept-language': 'en-US,en;q=0.9',
  'if-none-match': 'W/"1a63-0TkEqJoYhV5K8BA+9A/XpeUE/1U"'
}
Bearer eyJhbGciOiJIUzI1NiIsInR5cCI6IkpXVCJ9.eyJpZCI6IjZhNGZkNTQ2NDQwMjVkMWU5YzlkODIzMSIsInJvbGUiOiJhZG1pbiIsImlhdCI6MTc4MzY5NjMzOSwiZXhwIjoxNzgzNjk3MjM5fQ.JpfyztbPaHIyGiFE-ZU82BYumpVVZNrxXg4tL35Musg
{
  host: 'localhost:3000',
  connection: 'keep-alive',
  'sec-ch-ua-platform': '"Windows"',
  authorization: 'Bearer eyJhbGciOiJIUzI1NiIsInR5cCI6IkpXVCJ9.eyJpZCI6IjZhNGZkNTQ2NDQwMjVkMWU5YzlkODIzMSIsInJvbGUiOiJhZG1pbiIsImlhdCI6MTc4MzY5NjMzOSwiZXhwIjoxNzgzNjk3MjM5fQ.JpfyztbPaHIyGiFE-ZU82BYumpVVZNrxXg4tL35Musg',
  'user-agent': 'Mozilla/5.0 (Windows NT 10.0; Win64; x64) AppleWebKit/537.36 (KHTML, like Gecko) Chrome/149.0.0.0 Safari/537.36',
  'sec-ch-ua': '"Google Chrome";v="149", "Chromium";v="149", "Not)A;Brand";v="24"',
  'sec-ch-ua-mobile': '?0',
  accept: '*/*',
  origin: 'http://localhost:5173',
  'sec-fetch-site': 'same-site',
  'sec-fetch-mode': 'cors',
  'sec-fetch-dest': 'empty',
  referer: 'http://localhost:5173/',
  'accept-encoding': 'gzip, deflate, br, zstd',
  'accept-language': 'en-US,en;q=0.9',
  'if-none-match': 'W/"1a63-0TkEqJoYhV5K8BA+9A/XpeUE/1U"'
}
Bearer eyJhbGciOiJIUzI1NiIsInR5cCI6IkpXVCJ9.eyJpZCI6IjZhNGZkNTQ2NDQwMjVkMWU5YzlkODIzMSIsInJvbGUiOiJhZG1pbiIsImlhdCI6MTc4MzY5NjMzOSwiZXhwIjoxNzgzNjk3MjM5fQ.JpfyztbPaHIyGiFE-ZU82BYumpVVZNrxXg4tL35Musg
admin
admin
admin
admin
admin
admin
admin
admin
admin
admin
{
  host: 'localhost:3000',
  connection: 'keep-alive',
  'sec-ch-ua-platform': '"Windows"',
  authorization: 'Bearer eyJhbGciOiJIUzI1NiIsInR5cCI6IkpXVCJ9.eyJpZCI6IjZhNGZkNTQ2NDQwMjVkMWU5YzlkODIzMSIsInJvbGUiOiJhZG1pbiIsImlhdCI6MTc4MzY5NjMzOSwiZXhwIjoxNzgzNjk3MjM5fQ.JpfyztbPaHIyGiFE-ZU82BYumpVVZNrxXg4tL35Musg',
  'user-agent': 'Mozilla/5.0 (Windows NT 10.0; Win64; x64) AppleWebKit/537.36 (KHTML, like Gecko) Chrome/149.0.0.0 Safari/537.36',
  'sec-ch-ua': '"Google Chrome";v="149", "Chromium";v="149", "Not)A;Brand";v="24"',
  'sec-ch-ua-mobile': '?0',
  accept: '*/*',
  origin: 'http://localhost:5173',
  'sec-fetch-site': 'same-site',
  'sec-fetch-mode': 'cors',
  'sec-fetch-dest': 'empty',
  referer: 'http://localhost:5173/',
  'accept-encoding': 'gzip, deflate, br, zstd',
  'accept-language': 'en-US,en;q=0.9',
  'if-none-match': 'W/"1a63-0TkEqJoYhV5K8BA+9A/XpeUE/1U"'
}
Bearer eyJhbGciOiJIUzI1NiIsInR5cCI6IkpXVCJ9.eyJpZCI6IjZhNGZkNTQ2NDQwMjVkMWU5YzlkODIzMSIsInJvbGUiOiJhZG1pbiIsImlhdCI6MTc4MzY5NjMzOSwiZXhwIjoxNzgzNjk3MjM5fQ.JpfyztbPaHIyGiFE-ZU82BYumpVVZNrxXg4tL35Musg
{
  host: 'localhost:3000',
  connection: 'keep-alive',
  'sec-ch-ua-platform': '"Windows"',
  authorization: 'Bearer eyJhbGciOiJIUzI1NiIsInR5cCI6IkpXVCJ9.eyJpZCI6IjZhNGZkNTQ2NDQwMjVkMWU5YzlkODIzMSIsInJvbGUiOiJhZG1pbiIsImlhdCI6MTc4MzY5NjMzOSwiZXhwIjoxNzgzNjk3MjM5fQ.JpfyztbPaHIyGiFE-ZU82BYumpVVZNrxXg4tL35Musg',
  'user-agent': 'Mozilla/5.0 (Windows NT 10.0; Win64; x64) AppleWebKit/537.36 (KHTML, like Gecko) Chrome/149.0.0.0 Safari/537.36',
  'sec-ch-ua': '"Google Chrome";v="149", "Chromium";v="149", "Not)A;Brand";v="24"',
  'sec-ch-ua-mobile': '?0',
  accept: '*/*',
  origin: 'http://localhost:5173',
  'sec-fetch-site': 'same-site',
  'sec-fetch-mode': 'cors',
  'sec-fetch-dest': 'empty',
  referer: 'http://localhost:5173/',
  'accept-encoding': 'gzip, deflate, br, zstd',
  'accept-language': 'en-US,en;q=0.9',
  'if-none-match': 'W/"1a63-0TkEqJoYhV5K8BA+9A/XpeUE/1U"'
}
Bearer eyJhbGciOiJIUzI1NiIsInR5cCI6IkpXVCJ9.eyJpZCI6IjZhNGZkNTQ2NDQwMjVkMWU5YzlkODIzMSIsInJvbGUiOiJhZG1pbiIsImlhdCI6MTc4MzY5NjMzOSwiZXhwIjoxNzgzNjk3MjM5fQ.JpfyztbPaHIyGiFE-ZU82BYumpVVZNrxXg4tL35Musg
{
  host: 'localhost:3000',
  connection: 'keep-alive',
  'sec-ch-ua-platform': '"Windows"',
  authorization: 'Bearer eyJhbGciOiJIUzI1NiIsInR5cCI6IkpXVCJ9.eyJpZCI6IjZhNGZkNTQ2NDQwMjVkMWU5YzlkODIzMSIsInJvbGUiOiJhZG1pbiIsImlhdCI6MTc4MzY5NjMzOSwiZXhwIjoxNzgzNjk3MjM5fQ.JpfyztbPaHIyGiFE-ZU82BYumpVVZNrxXg4tL35Musg',
  'user-agent': 'Mozilla/5.0 (Windows NT 10.0; Win64; x64) AppleWebKit/537.36 (KHTML, like Gecko) Chrome/149.0.0.0 Safari/537.36',
  'sec-ch-ua': '"Google Chrome";v="149", "Chromium";v="149", "Not)A;Brand";v="24"',
  'sec-ch-ua-mobile': '?0',
  accept: '*/*',
  origin: 'http://localhost:5173',
  'sec-fetch-site': 'same-site',
  'sec-fetch-mode': 'cors',
  'sec-fetch-dest': 'empty',
  referer: 'http://localhost:5173/',
  'accept-encoding': 'gzip, deflate, br, zstd',
  'accept-language': 'en-US,en;q=0.9',
  'if-none-match': 'W/"1a63-0TkEqJoYhV5K8BA+9A/XpeUE/1U"'
}
Bearer eyJhbGciOiJIUzI1NiIsInR5cCI6IkpXVCJ9.eyJpZCI6IjZhNGZkNTQ2NDQwMjVkMWU5YzlkODIzMSIsInJvbGUiOiJhZG1pbiIsImlhdCI6MTc4MzY5NjMzOSwiZXhwIjoxNzgzNjk3MjM5fQ.JpfyztbPaHIyGiFE-ZU82BYumpVVZNrxXg4tL35Musg
admin
{
  host: 'localhost:3000',
  connection: 'keep-alive',
  'sec-ch-ua-platform': '"Windows"',
  authorization: 'Bearer eyJhbGciOiJIUzI1NiIsInR5cCI6IkpXVCJ9.eyJpZCI6IjZhNGZkNTQ2NDQwMjVkMWU5YzlkODIzMSIsInJvbGUiOiJhZG1pbiIsImlhdCI6MTc4MzY5NjMzOSwiZXhwIjoxNzgzNjk3MjM5fQ.JpfyztbPaHIyGiFE-ZU82BYumpVVZNrxXg4tL35Musg',
  'user-agent': 'Mozilla/5.0 (Windows NT 10.0; Win64; x64) AppleWebKit/537.36 (KHTML, like Gecko) Chrome/149.0.0.0 Safari/537.36',
  'sec-ch-ua': '"Google Chrome";v="149", "Chromium";v="149", "Not)A;Brand";v="24"',
  'sec-ch-ua-mobile': '?0',
  accept: '*/*',
  origin: 'http://localhost:5173',
  'sec-fetch-site': 'same-site',
  'sec-fetch-mode': 'cors',
  'sec-fetch-dest': 'empty',
  referer: 'http://localhost:5173/',
  'accept-encoding': 'gzip, deflate, br, zstd',
  'accept-language': 'en-US,en;q=0.9',
  'if-none-match': 'W/"1a63-0TkEqJoYhV5K8BA+9A/XpeUE/1U"'
}
Bearer eyJhbGciOiJIUzI1NiIsInR5cCI6IkpXVCJ9.eyJpZCI6IjZhNGZkNTQ2NDQwMjVkMWU5YzlkODIzMSIsInJvbGUiOiJhZG1pbiIsImlhdCI6MTc4MzY5NjMzOSwiZXhwIjoxNzgzNjk3MjM5fQ.JpfyztbPaHIyGiFE-ZU82BYumpVVZNrxXg4tL35Musg
admin
{
  host: 'localhost:3000',
  connection: 'keep-alive',
  'sec-ch-ua-platform': '"Windows"',
  authorization: 'Bearer eyJhbGciOiJIUzI1NiIsInR5cCI6IkpXVCJ9.eyJpZCI6IjZhNGZkNTQ2NDQwMjVkMWU5YzlkODIzMSIsInJvbGUiOiJhZG1pbiIsImlhdCI6MTc4MzY5NjMzOSwiZXhwIjoxNzgzNjk3MjM5fQ.JpfyztbPaHIyGiFE-ZU82BYumpVVZNrxXg4tL35Musg',
  'user-agent': 'Mozilla/5.0 (Windows NT 10.0; Win64; x64) AppleWebKit/537.36 (KHTML, like Gecko) Chrome/149.0.0.0 Safari/537.36',
  'sec-ch-ua': '"Google Chrome";v="149", "Chromium";v="149", "Not)A;Brand";v="24"',
  'sec-ch-ua-mobile': '?0',
  accept: '*/*',
  origin: 'http://localhost:5173',
  'sec-fetch-site': 'same-site',
  'sec-fetch-mode': 'cors',
  'sec-fetch-dest': 'empty',
  referer: 'http://localhost:5173/',
  'accept-encoding': 'gzip, deflate, br, zstd',
  'accept-language': 'en-US,en;q=0.9',
  'if-none-match': 'W/"1a63-0TkEqJoYhV5K8BA+9A/XpeUE/1U"'
}
Bearer eyJhbGciOiJIUzI1NiIsInR5cCI6IkpXVCJ9.eyJpZCI6IjZhNGZkNTQ2NDQwMjVkMWU5YzlkODIzMSIsInJvbGUiOiJhZG1pbiIsImlhdCI6MTc4MzY5NjMzOSwiZXhwIjoxNzgzNjk3MjM5fQ.JpfyztbPaHIyGiFE-ZU82BYumpVVZNrxXg4tL35Musg
{
  host: 'localhost:3000',
  connection: 'keep-alive',
  'sec-ch-ua-platform': '"Windows"',
  authorization: 'Bearer eyJhbGciOiJIUzI1NiIsInR5cCI6IkpXVCJ9.eyJpZCI6IjZhNGZkNTQ2NDQwMjVkMWU5YzlkODIzMSIsInJvbGUiOiJhZG1pbiIsImlhdCI6MTc4MzY5NjMzOSwiZXhwIjoxNzgzNjk3MjM5fQ.JpfyztbPaHIyGiFE-ZU82BYumpVVZNrxXg4tL35Musg',
  'user-agent': 'Mozilla/5.0 (Windows NT 10.0; Win64; x64) AppleWebKit/537.36 (KHTML, like Gecko) Chrome/149.0.0.0 Safari/537.36',
  'sec-ch-ua': '"Google Chrome";v="149", "Chromium";v="149", "Not)A;Brand";v="24"',
  'sec-ch-ua-mobile': '?0',
  accept: '*/*',
  origin: 'http://localhost:5173',
  'sec-fetch-site': 'same-site',
  'sec-fetch-mode': 'cors',
  'sec-fetch-dest': 'empty',
  referer: 'http://localhost:5173/',
  'accept-encoding': 'gzip, deflate, br, zstd',
  'accept-language': 'en-US,en;q=0.9',
  'if-none-match': 'W/"18e4-vQwzoK0SGmL+enl99SSH/5IitNQ"'
}
Bearer eyJhbGciOiJIUzI1NiIsInR5cCI6IkpXVCJ9.eyJpZCI6IjZhNGZkNTQ2NDQwMjVkMWU5YzlkODIzMSIsInJvbGUiOiJhZG1pbiIsImlhdCI6MTc4MzY5NjMzOSwiZXhwIjoxNzgzNjk3MjM5fQ.JpfyztbPaHIyGiFE-ZU82BYumpVVZNrxXg4tL35Musg
admin
admin
admin
admin
admin
admin
admin
{
  host: 'localhost:3000',
  connection: 'keep-alive',
  'sec-ch-ua-platform': '"Windows"',
  authorization: 'Bearer eyJhbGciOiJIUzI1NiIsInR5cCI6IkpXVCJ9.eyJpZCI6IjZhNGZjZDBhMjgxYzBiOTVjMmFkODEyOCIsInJvbGUiOiJ1c2VyIiwiaWF0IjoxNzgzNjk3MTc0LCJleHAiOjE3ODM2OTgwNzR9.L1yEUCL1BMkYMNtteIJ9q1N1g9uQu8VZQuDEa499vy0',
  'user-agent': 'Mozilla/5.0 (Windows NT 10.0; Win64; x64) AppleWebKit/537.36 (KHTML, like Gecko) Chrome/149.0.0.0 Safari/537.36',
  'sec-ch-ua': '"Google Chrome";v="149", "Chromium";v="149", "Not)A;Brand";v="24"',
  'sec-ch-ua-mobile': '?0',
  accept: '*/*',
  origin: 'http://localhost:5173',
  'sec-fetch-site': 'same-site',
  'sec-fetch-mode': 'cors',
  'sec-fetch-dest': 'empty',
  referer: 'http://localhost:5173/',
  'accept-encoding': 'gzip, deflate, br, zstd',
  'accept-language': 'en-US,en;q=0.9',
  'if-none-match': 'W/"50c-8iWat1IcBheljR/qCkAe6CbqZNE"'
}
Bearer eyJhbGciOiJIUzI1NiIsInR5cCI6IkpXVCJ9.eyJpZCI6IjZhNGZjZDBhMjgxYzBiOTVjMmFkODEyOCIsInJvbGUiOiJ1c2VyIiwiaWF0IjoxNzgzNjk3MTc0LCJleHAiOjE3ODM2OTgwNzR9.L1yEUCL1BMkYMNtteIJ9q1N1g9uQu8VZQuDEa499vy0
{
  host: 'localhost:3000',
  connection: 'keep-alive',
  'sec-ch-ua-platform': '"Windows"',
  authorization: 'Bearer eyJhbGciOiJIUzI1NiIsInR5cCI6IkpXVCJ9.eyJpZCI6IjZhNGZjZDBhMjgxYzBiOTVjMmFkODEyOCIsInJvbGUiOiJ1c2VyIiwiaWF0IjoxNzgzNjk3MTc0LCJleHAiOjE3ODM2OTgwNzR9.L1yEUCL1BMkYMNtteIJ9q1N1g9uQu8VZQuDEa499vy0',
  'user-agent': 'Mozilla/5.0 (Windows NT 10.0; Win64; x64) AppleWebKit/537.36 (KHTML, like Gecko) Chrome/149.0.0.0 Safari/537.36',
  'sec-ch-ua': '"Google Chrome";v="149", "Chromium";v="149", "Not)A;Brand";v="24"',
  'sec-ch-ua-mobile': '?0',
  accept: '*/*',
  origin: 'http://localhost:5173',
  'sec-fetch-site': 'same-site',
  'sec-fetch-mode': 'cors',
  'sec-fetch-dest': 'empty',
  referer: 'http://localhost:5173/',
  'accept-encoding': 'gzip, deflate, br, zstd',
  'accept-language': 'en-US,en;q=0.9',
  'if-none-match': 'W/"270-jgBEoKC6DjSJZEAWEgQyP8zlqC8"'
}
Bearer eyJhbGciOiJIUzI1NiIsInR5cCI6IkpXVCJ9.eyJpZCI6IjZhNGZjZDBhMjgxYzBiOTVjMmFkODEyOCIsInJvbGUiOiJ1c2VyIiwiaWF0IjoxNzgzNjk3MTc0LCJleHAiOjE3ODM2OTgwNzR9.L1yEUCL1BMkYMNtteIJ9q1N1g9uQu8VZQuDEa499vy0
{
  host: 'localhost:3000',
  connection: 'keep-alive',
  'sec-ch-ua-platform': '"Windows"',
  authorization: 'Bearer eyJhbGciOiJIUzI1NiIsInR5cCI6IkpXVCJ9.eyJpZCI6IjZhNGZjZDBhMjgxYzBiOTVjMmFkODEyOCIsInJvbGUiOiJ1c2VyIiwiaWF0IjoxNzgzNjk3MTc0LCJleHAiOjE3ODM2OTgwNzR9.L1yEUCL1BMkYMNtteIJ9q1N1g9uQu8VZQuDEa499vy0',
  'user-agent': 'Mozilla/5.0 (Windows NT 10.0; Win64; x64) AppleWebKit/537.36 (KHTML, like Gecko) Chrome/149.0.0.0 Safari/537.36',
  'sec-ch-ua': '"Google Chrome";v="149", "Chromium";v="149", "Not)A;Brand";v="24"',
  'sec-ch-ua-mobile': '?0',
  accept: '*/*',
  origin: 'http://localhost:5173',
  'sec-fetch-site': 'same-site',
  'sec-fetch-mode': 'cors',
  'sec-fetch-dest': 'empty',
  referer: 'http://localhost:5173/',
  'accept-encoding': 'gzip, deflate, br, zstd',
  'accept-language': 'en-US,en;q=0.9',
  'if-none-match': 'W/"7c-eOXo3RJuDDEvIybIvVWLkrNw3Ss"'
}
Bearer eyJhbGciOiJIUzI1NiIsInR5cCI6IkpXVCJ9.eyJpZCI6IjZhNGZjZDBhMjgxYzBiOTVjMmFkODEyOCIsInJvbGUiOiJ1c2VyIiwiaWF0IjoxNzgzNjk3MTc0LCJleHAiOjE3ODM2OTgwNzR9.L1yEUCL1BMkYMNtteIJ9q1N1g9uQu8VZQuDEa499vy0
{
  host: 'localhost:3000',
  connection: 'keep-alive',
  'sec-ch-ua-platform': '"Windows"',
  authorization: 'Bearer eyJhbGciOiJIUzI1NiIsInR5cCI6IkpXVCJ9.eyJpZCI6IjZhNGZjZDBhMjgxYzBiOTVjMmFkODEyOCIsInJvbGUiOiJ1c2VyIiwiaWF0IjoxNzgzNjk3MTc0LCJleHAiOjE3ODM2OTgwNzR9.L1yEUCL1BMkYMNtteIJ9q1N1g9uQu8VZQuDEa499vy0',
  'user-agent': 'Mozilla/5.0 (Windows NT 10.0; Win64; x64) AppleWebKit/537.36 (KHTML, like Gecko) Chrome/149.0.0.0 Safari/537.36',
  'sec-ch-ua': '"Google Chrome";v="149", "Chromium";v="149", "Not)A;Brand";v="24"',
  'sec-ch-ua-mobile': '?0',
  accept: '*/*',
  origin: 'http://localhost:5173',
  'sec-fetch-site': 'same-site',
  'sec-fetch-mode': 'cors',
  'sec-fetch-dest': 'empty',
  referer: 'http://localhost:5173/',
  'accept-encoding': 'gzip, deflate, br, zstd',
  'accept-language': 'en-US,en;q=0.9',
  'if-none-match': 'W/"266-end2nYsOWFc0PP8tTvtwRDqyKJ8"'
}
Bearer eyJhbGciOiJIUzI1NiIsInR5cCI6IkpXVCJ9.eyJpZCI6IjZhNGZjZDBhMjgxYzBiOTVjMmFkODEyOCIsInJvbGUiOiJ1c2VyIiwiaWF0IjoxNzgzNjk3MTc0LCJleHAiOjE3ODM2OTgwNzR9.L1yEUCL1BMkYMNtteIJ9q1N1g9uQu8VZQuDEa499vy0
{
  host: 'localhost:3000',
  connection: 'keep-alive',
  'content-length': '111',
  'sec-ch-ua-platform': '"Windows"',
  authorization: 'Bearer eyJhbGciOiJIUzI1NiIsInR5cCI6IkpXVCJ9.eyJpZCI6IjZhNGZjZDBhMjgxYzBiOTVjMmFkODEyOCIsInJvbGUiOiJ1c2VyIiwiaWF0IjoxNzgzNjk3MTc0LCJleHAiOjE3ODM2OTgwNzR9.L1yEUCL1BMkYMNtteIJ9q1N1g9uQu8VZQuDEa499vy0',
  'user-agent': 'Mozilla/5.0 (Windows NT 10.0; Win64; x64) AppleWebKit/537.36 (KHTML, like Gecko) Chrome/149.0.0.0 Safari/537.36',
  'sec-ch-ua': '"Google Chrome";v="149", "Chromium";v="149", "Not)A;Brand";v="24"',
  'content-type': 'application/json',
  'sec-ch-ua-mobile': '?0',
  accept: '*/*',
  origin: 'http://localhost:5173',
  'sec-fetch-site': 'same-site',
  'sec-fetch-mode': 'cors',
  'sec-fetch-dest': 'empty',
  referer: 'http://localhost:5173/',
  'accept-encoding': 'gzip, deflate, br, zstd',
  'accept-language': 'en-US,en;q=0.9'
}
Bearer eyJhbGciOiJIUzI1NiIsInR5cCI6IkpXVCJ9.eyJpZCI6IjZhNGZjZDBhMjgxYzBiOTVjMmFkODEyOCIsInJvbGUiOiJ1c2VyIiwiaWF0IjoxNzgzNjk3MTc0LCJleHAiOjE3ODM2OTgwNzR9.L1yEUCL1BMkYMNtteIJ9q1N1g9uQu8VZQuDEa499vy0
{
  host: 'localhost:3000',
  connection: 'keep-alive',
  'sec-ch-ua-platform': '"Windows"',
  authorization: 'Bearer eyJhbGciOiJIUzI1NiIsInR5cCI6IkpXVCJ9.eyJpZCI6IjZhNGZjZDBhMjgxYzBiOTVjMmFkODEyOCIsInJvbGUiOiJ1c2VyIiwiaWF0IjoxNzgzNjk3MTc0LCJleHAiOjE3ODM2OTgwNzR9.L1yEUCL1BMkYMNtteIJ9q1N1g9uQu8VZQuDEa499vy0',
  'user-agent': 'Mozilla/5.0 (Windows NT 10.0; Win64; x64) AppleWebKit/537.36 (KHTML, like Gecko) Chrome/149.0.0.0 Safari/537.36',
  'sec-ch-ua': '"Google Chrome";v="149", "Chromium";v="149", "Not)A;Brand";v="24"',
  'sec-ch-ua-mobile': '?0',
  accept: '*/*',
  origin: 'http://localhost:5173',
  'sec-fetch-site': 'same-site',
  'sec-fetch-mode': 'cors',
  'sec-fetch-dest': 'empty',
  referer: 'http://localhost:5173/',
  'accept-encoding': 'gzip, deflate, br, zstd',
  'accept-language': 'en-US,en;q=0.9',
  'if-none-match': 'W/"7c-eOXo3RJuDDEvIybIvVWLkrNw3Ss"'
}
Bearer eyJhbGciOiJIUzI1NiIsInR5cCI6IkpXVCJ9.eyJpZCI6IjZhNGZjZDBhMjgxYzBiOTVjMmFkODEyOCIsInJvbGUiOiJ1c2VyIiwiaWF0IjoxNzgzNjk3MTc0LCJleHAiOjE3ODM2OTgwNzR9.L1yEUCL1BMkYMNtteIJ9q1N1g9uQu8VZQuDEa499vy0
{
  host: 'localhost:3000',
  connection: 'keep-alive',
  'sec-ch-ua-platform': '"Windows"',
  authorization: 'Bearer eyJhbGciOiJIUzI1NiIsInR5cCI6IkpXVCJ9.eyJpZCI6IjZhNGZjZDBhMjgxYzBiOTVjMmFkODEyOCIsInJvbGUiOiJ1c2VyIiwiaWF0IjoxNzgzNjk3MTc0LCJleHAiOjE3ODM2OTgwNzR9.L1yEUCL1BMkYMNtteIJ9q1N1g9uQu8VZQuDEa499vy0',
  'user-agent': 'Mozilla/5.0 (Windows NT 10.0; Win64; x64) AppleWebKit/537.36 (KHTML, like Gecko) Chrome/149.0.0.0 Safari/537.36',
  'sec-ch-ua': '"Google Chrome";v="149", "Chromium";v="149", "Not)A;Brand";v="24"',
  'sec-ch-ua-mobile': '?0',
  accept: '*/*',
  origin: 'http://localhost:5173',
  'sec-fetch-site': 'same-site',
  'sec-fetch-mode': 'cors',
  'sec-fetch-dest': 'empty',
  referer: 'http://localhost:5173/',
  'accept-encoding': 'gzip, deflate, br, zstd',
  'accept-language': 'en-US,en;q=0.9',
  'if-none-match': 'W/"6b-k7zZEnu7xeiGOvUBvO2NLPXXA3c"'
}
Bearer eyJhbGciOiJIUzI1NiIsInR5cCI6IkpXVCJ9.eyJpZCI6IjZhNGZjZDBhMjgxYzBiOTVjMmFkODEyOCIsInJvbGUiOiJ1c2VyIiwiaWF0IjoxNzgzNjk3MTc0LCJleHAiOjE3ODM2OTgwNzR9.L1yEUCL1BMkYMNtteIJ9q1N1g9uQu8VZQuDEa499vy0
{
  host: 'localhost:3000',
  connection: 'keep-alive',
  'content-length': '111',
  'sec-ch-ua-platform': '"Windows"',
  authorization: 'Bearer eyJhbGciOiJIUzI1NiIsInR5cCI6IkpXVCJ9.eyJpZCI6IjZhNGZjZDBhMjgxYzBiOTVjMmFkODEyOCIsInJvbGUiOiJ1c2VyIiwiaWF0IjoxNzgzNjk3MTc0LCJleHAiOjE3ODM2OTgwNzR9.L1yEUCL1BMkYMNtteIJ9q1N1g9uQu8VZQuDEa499vy0',
  'user-agent': 'Mozilla/5.0 (Windows NT 10.0; Win64; x64) AppleWebKit/537.36 (KHTML, like Gecko) Chrome/149.0.0.0 Safari/537.36',
  'sec-ch-ua': '"Google Chrome";v="149", "Chromium";v="149", "Not)A;Brand";v="24"',
  'content-type': 'application/json',
  'sec-ch-ua-mobile': '?0',
  accept: '*/*',
  origin: 'http://localhost:5173',
  'sec-fetch-site': 'same-site',
  'sec-fetch-mode': 'cors',
  'sec-fetch-dest': 'empty',
  referer: 'http://localhost:5173/',
  'accept-encoding': 'gzip, deflate, br, zstd',
  'accept-language': 'en-US,en;q=0.9'
}
Bearer eyJhbGciOiJIUzI1NiIsInR5cCI6IkpXVCJ9.eyJpZCI6IjZhNGZjZDBhMjgxYzBiOTVjMmFkODEyOCIsInJvbGUiOiJ1c2VyIiwiaWF0IjoxNzgzNjk3MTc0LCJleHAiOjE3ODM2OTgwNzR9.L1yEUCL1BMkYMNtteIJ9q1N1g9uQu8VZQuDEa499vy0
{
  host: 'localhost:3000',
  connection: 'keep-alive',
  'sec-ch-ua-platform': '"Windows"',
  authorization: 'Bearer eyJhbGciOiJIUzI1NiIsInR5cCI6IkpXVCJ9.eyJpZCI6IjZhNGZjZDBhMjgxYzBiOTVjMmFkODEyOCIsInJvbGUiOiJ1c2VyIiwiaWF0IjoxNzgzNjk3MTc0LCJleHAiOjE3ODM2OTgwNzR9.L1yEUCL1BMkYMNtteIJ9q1N1g9uQu8VZQuDEa499vy0',
  'user-agent': 'Mozilla/5.0 (Windows NT 10.0; Win64; x64) AppleWebKit/537.36 (KHTML, like Gecko) Chrome/149.0.0.0 Safari/537.36',
  'sec-ch-ua': '"Google Chrome";v="149", "Chromium";v="149", "Not)A;Brand";v="24"',
  'sec-ch-ua-mobile': '?0',
  accept: '*/*',
  origin: 'http://localhost:5173',
  'sec-fetch-site': 'same-site',
  'sec-fetch-mode': 'cors',
  'sec-fetch-dest': 'empty',
  referer: 'http://localhost:5173/',
  'accept-encoding': 'gzip, deflate, br, zstd',
  'accept-language': 'en-US,en;q=0.9',
  'if-none-match': 'W/"7c-eOXo3RJuDDEvIybIvVWLkrNw3Ss"'
}
Bearer eyJhbGciOiJIUzI1NiIsInR5cCI6IkpXVCJ9.eyJpZCI6IjZhNGZjZDBhMjgxYzBiOTVjMmFkODEyOCIsInJvbGUiOiJ1c2VyIiwiaWF0IjoxNzgzNjk3MTc0LCJleHAiOjE3ODM2OTgwNzR9.L1yEUCL1BMkYMNtteIJ9q1N1g9uQu8VZQuDEa499vy0
{
  host: 'localhost:3000',
  connection: 'keep-alive',
  'sec-ch-ua-platform': '"Windows"',
  authorization: 'Bearer eyJhbGciOiJIUzI1NiIsInR5cCI6IkpXVCJ9.eyJpZCI6IjZhNGZjZDBhMjgxYzBiOTVjMmFkODEyOCIsInJvbGUiOiJ1c2VyIiwiaWF0IjoxNzgzNjk3MTc0LCJleHAiOjE3ODM2OTgwNzR9.L1yEUCL1BMkYMNtteIJ9q1N1g9uQu8VZQuDEa499vy0',
  'user-agent': 'Mozilla/5.0 (Windows NT 10.0; Win64; x64) AppleWebKit/537.36 (KHTML, like Gecko) Chrome/149.0.0.0 Safari/537.36',
  'sec-ch-ua': '"Google Chrome";v="149", "Chromium";v="149", "Not)A;Brand";v="24"',
  'sec-ch-ua-mobile': '?0',
  accept: '*/*',
  origin: 'http://localhost:5173',
  'sec-fetch-site': 'same-site',
  'sec-fetch-mode': 'cors',
  'sec-fetch-dest': 'empty',
  referer: 'http://localhost:5173/',
  'accept-encoding': 'gzip, deflate, br, zstd',
  'accept-language': 'en-US,en;q=0.9',
  'if-none-match': 'W/"7c-eOXo3RJuDDEvIybIvVWLkrNw3Ss"'
}
Bearer eyJhbGciOiJIUzI1NiIsInR5cCI6IkpXVCJ9.eyJpZCI6IjZhNGZjZDBhMjgxYzBiOTVjMmFkODEyOCIsInJvbGUiOiJ1c2VyIiwiaWF0IjoxNzgzNjk3MTc0LCJleHAiOjE3ODM2OTgwNzR9.L1yEUCL1BMkYMNtteIJ9q1N1g9uQu8VZQuDEa499vy0
{
  host: 'localhost:3000',
  connection: 'keep-alive',
  'sec-ch-ua-platform': '"Windows"',
  authorization: 'Bearer eyJhbGciOiJIUzI1NiIsInR5cCI6IkpXVCJ9.eyJpZCI6IjZhNGZjZDBhMjgxYzBiOTVjMmFkODEyOCIsInJvbGUiOiJ1c2VyIiwiaWF0IjoxNzgzNjk3MTc0LCJleHAiOjE3ODM2OTgwNzR9.L1yEUCL1BMkYMNtteIJ9q1N1g9uQu8VZQuDEa499vy0',
  'user-agent': 'Mozilla/5.0 (Windows NT 10.0; Win64; x64) AppleWebKit/537.36 (KHTML, like Gecko) Chrome/149.0.0.0 Safari/537.36',
  'sec-ch-ua': '"Google Chrome";v="149", "Chromium";v="149", "Not)A;Brand";v="24"',
  'sec-ch-ua-mobile': '?0',
  accept: '*/*',
  origin: 'http://localhost:5173',
  'sec-fetch-site': 'same-site',
  'sec-fetch-mode': 'cors',
  'sec-fetch-dest': 'empty',
  referer: 'http://localhost:5173/',
  'accept-encoding': 'gzip, deflate, br, zstd',
  'accept-language': 'en-US,en;q=0.9',
  'if-none-match': 'W/"266-end2nYsOWFc0PP8tTvtwRDqyKJ8"'
}
Bearer eyJhbGciOiJIUzI1NiIsInR5cCI6IkpXVCJ9.eyJpZCI6IjZhNGZjZDBhMjgxYzBiOTVjMmFkODEyOCIsInJvbGUiOiJ1c2VyIiwiaWF0IjoxNzgzNjk3MTc0LCJleHAiOjE3ODM2OTgwNzR9.L1yEUCL1BMkYMNtteIJ9q1N1g9uQu8VZQuDEa499vy0
{
  host: 'localhost:3000',
  connection: 'keep-alive',
  'sec-ch-ua-platform': '"Windows"',
  authorization: 'Bearer eyJhbGciOiJIUzI1NiIsInR5cCI6IkpXVCJ9.eyJpZCI6IjZhNGZjZDBhMjgxYzBiOTVjMmFkODEyOCIsInJvbGUiOiJ1c2VyIiwiaWF0IjoxNzgzNjk3MTc0LCJleHAiOjE3ODM2OTgwNzR9.L1yEUCL1BMkYMNtteIJ9q1N1g9uQu8VZQuDEa499vy0',
  'user-agent': 'Mozilla/5.0 (Windows NT 10.0; Win64; x64) AppleWebKit/537.36 (KHTML, like Gecko) Chrome/149.0.0.0 Safari/537.36',
  'sec-ch-ua': '"Google Chrome";v="149", "Chromium";v="149", "Not)A;Brand";v="24"',
  'sec-ch-ua-mobile': '?0',
  accept: '*/*',
  origin: 'http://localhost:5173',
  'sec-fetch-site': 'same-site',
  'sec-fetch-mode': 'cors',
  'sec-fetch-dest': 'empty',
  referer: 'http://localhost:5173/',
  'accept-encoding': 'gzip, deflate, br, zstd',
  'accept-language': 'en-US,en;q=0.9',
  'if-none-match': 'W/"1fc-rbQIp4VjR8gOawrX3H6rWEo64ng"'
}
Bearer eyJhbGciOiJIUzI1NiIsInR5cCI6IkpXVCJ9.eyJpZCI6IjZhNGZjZDBhMjgxYzBiOTVjMmFkODEyOCIsInJvbGUiOiJ1c2VyIiwiaWF0IjoxNzgzNjk3MTc0LCJleHAiOjE3ODM2OTgwNzR9.L1yEUCL1BMkYMNtteIJ9q1N1g9uQu8VZQuDEa499vy0
{
  host: 'localhost:3000',
  connection: 'keep-alive',
  'sec-ch-ua-platform': '"Windows"',
  authorization: 'Bearer eyJhbGciOiJIUzI1NiIsInR5cCI6IkpXVCJ9.eyJpZCI6IjZhNGZjZDBhMjgxYzBiOTVjMmFkODEyOCIsInJvbGUiOiJ1c2VyIiwiaWF0IjoxNzgzNjk3MTc0LCJleHAiOjE3ODM2OTgwNzR9.L1yEUCL1BMkYMNtteIJ9q1N1g9uQu8VZQuDEa499vy0',
  'user-agent': 'Mozilla/5.0 (Windows NT 10.0; Win64; x64) AppleWebKit/537.36 (KHTML, like Gecko) Chrome/149.0.0.0 Safari/537.36',
  'sec-ch-ua': '"Google Chrome";v="149", "Chromium";v="149", "Not)A;Brand";v="24"',
  'sec-ch-ua-mobile': '?0',
  accept: '*/*',
  origin: 'http://localhost:5173',
  'sec-fetch-site': 'same-site',
  'sec-fetch-mode': 'cors',
  'sec-fetch-dest': 'empty',
  referer: 'http://localhost:5173/',
  'accept-encoding': 'gzip, deflate, br, zstd',
  'accept-language': 'en-US,en;q=0.9',
  'if-none-match': 'W/"d7-ZS6oO/RjRgOnPw6MDrxM/+RUGqw"'
}
Bearer eyJhbGciOiJIUzI1NiIsInR5cCI6IkpXVCJ9.eyJpZCI6IjZhNGZjZDBhMjgxYzBiOTVjMmFkODEyOCIsInJvbGUiOiJ1c2VyIiwiaWF0IjoxNzgzNjk3MTc0LCJleHAiOjE3ODM2OTgwNzR9.L1yEUCL1BMkYMNtteIJ9q1N1g9uQu8VZQuDEa499vy0
{
  host: 'localhost:3000',
  connection: 'keep-alive',
  'sec-ch-ua-platform': '"Windows"',
  authorization: 'Bearer eyJhbGciOiJIUzI1NiIsInR5cCI6IkpXVCJ9.eyJpZCI6IjZhNGZjZDBhMjgxYzBiOTVjMmFkODEyOCIsInJvbGUiOiJ1c2VyIiwiaWF0IjoxNzgzNjk3MTc0LCJleHAiOjE3ODM2OTgwNzR9.L1yEUCL1BMkYMNtteIJ9q1N1g9uQu8VZQuDEa499vy0',
  'user-agent': 'Mozilla/5.0 (Windows NT 10.0; Win64; x64) AppleWebKit/537.36 (KHTML, like Gecko) Chrome/149.0.0.0 Safari/537.36',
  'sec-ch-ua': '"Google Chrome";v="149", "Chromium";v="149", "Not)A;Brand";v="24"',
  'sec-ch-ua-mobile': '?0',
  accept: '*/*',
  origin: 'http://localhost:5173',
  'sec-fetch-site': 'same-site',
  'sec-fetch-mode': 'cors',
  'sec-fetch-dest': 'empty',
  referer: 'http://localhost:5173/',
  'accept-encoding': 'gzip, deflate, br, zstd',
  'accept-language': 'en-US,en;q=0.9',
  'if-none-match': 'W/"43b-P+6zNSio6QfqIJvKPF+x0TzPY/U"'
}
Bearer eyJhbGciOiJIUzI1NiIsInR5cCI6IkpXVCJ9.eyJpZCI6IjZhNGZjZDBhMjgxYzBiOTVjMmFkODEyOCIsInJvbGUiOiJ1c2VyIiwiaWF0IjoxNzgzNjk3MTc0LCJleHAiOjE3ODM2OTgwNzR9.L1yEUCL1BMkYMNtteIJ9q1N1g9uQu8VZQuDEa499vy0
{
  host: 'localhost:3000',
  connection: 'keep-alive',
  'sec-ch-ua-platform': '"Windows"',
  authorization: 'Bearer eyJhbGciOiJIUzI1NiIsInR5cCI6IkpXVCJ9.eyJpZCI6IjZhNGZjZDBhMjgxYzBiOTVjMmFkODEyOCIsInJvbGUiOiJ1c2VyIiwiaWF0IjoxNzgzNjk3MTc0LCJleHAiOjE3ODM2OTgwNzR9.L1yEUCL1BMkYMNtteIJ9q1N1g9uQu8VZQuDEa499vy0',
  'user-agent': 'Mozilla/5.0 (Windows NT 10.0; Win64; x64) AppleWebKit/537.36 (KHTML, like Gecko) Chrome/149.0.0.0 Safari/537.36',
  'sec-ch-ua': '"Google Chrome";v="149", "Chromium";v="149", "Not)A;Brand";v="24"',
  'sec-ch-ua-mobile': '?0',
  accept: '*/*',
  origin: 'http://localhost:5173',
  'sec-fetch-site': 'same-site',
  'sec-fetch-mode': 'cors',
  'sec-fetch-dest': 'empty',
  referer: 'http://localhost:5173/',
  'accept-encoding': 'gzip, deflate, br, zstd',
  'accept-language': 'en-US,en;q=0.9',
  'if-none-match': 'W/"d7-ZS6oO/RjRgOnPw6MDrxM/+RUGqw"'
}
Bearer eyJhbGciOiJIUzI1NiIsInR5cCI6IkpXVCJ9.eyJpZCI6IjZhNGZjZDBhMjgxYzBiOTVjMmFkODEyOCIsInJvbGUiOiJ1c2VyIiwiaWF0IjoxNzgzNjk3MTc0LCJleHAiOjE3ODM2OTgwNzR9.L1yEUCL1BMkYMNtteIJ9q1N1g9uQu8VZQuDEa499vy0
{
  host: 'localhost:3000',
  connection: 'keep-alive',
  'sec-ch-ua-platform': '"Windows"',
  authorization: 'Bearer eyJhbGciOiJIUzI1NiIsInR5cCI6IkpXVCJ9.eyJpZCI6IjZhNGZjZDBhMjgxYzBiOTVjMmFkODEyOCIsInJvbGUiOiJ1c2VyIiwiaWF0IjoxNzgzNjk3MTc0LCJleHAiOjE3ODM2OTgwNzR9.L1yEUCL1BMkYMNtteIJ9q1N1g9uQu8VZQuDEa499vy0',
  'user-agent': 'Mozilla/5.0 (Windows NT 10.0; Win64; x64) AppleWebKit/537.36 (KHTML, like Gecko) Chrome/149.0.0.0 Safari/537.36',
  'sec-ch-ua': '"Google Chrome";v="149", "Chromium";v="149", "Not)A;Brand";v="24"',
  'sec-ch-ua-mobile': '?0',
  accept: '*/*',
  origin: 'http://localhost:5173',
  'sec-fetch-site': 'same-site',
  'sec-fetch-mode': 'cors',
  'sec-fetch-dest': 'empty',
  referer: 'http://localhost:5173/',
  'accept-encoding': 'gzip, deflate, br, zstd',
  'accept-language': 'en-US,en;q=0.9',
  'if-none-match': 'W/"ca-QJF0w7qlz04EAzx1xFYNEdw+FyY"'
}
Bearer eyJhbGciOiJIUzI1NiIsInR5cCI6IkpXVCJ9.eyJpZCI6IjZhNGZjZDBhMjgxYzBiOTVjMmFkODEyOCIsInJvbGUiOiJ1c2VyIiwiaWF0IjoxNzgzNjk3MTc0LCJleHAiOjE3ODM2OTgwNzR9.L1yEUCL1BMkYMNtteIJ9q1N1g9uQu8VZQuDEa499vy0
{
  host: 'localhost:3000',
  connection: 'keep-alive',
  'sec-ch-ua-platform': '"Windows"',
  authorization: 'Bearer eyJhbGciOiJIUzI1NiIsInR5cCI6IkpXVCJ9.eyJpZCI6IjZhNGZjZDBhMjgxYzBiOTVjMmFkODEyOCIsInJvbGUiOiJ1c2VyIiwiaWF0IjoxNzgzNjk3MTc0LCJleHAiOjE3ODM2OTgwNzR9.L1yEUCL1BMkYMNtteIJ9q1N1g9uQu8VZQuDEa499vy0',
  'user-agent': 'Mozilla/5.0 (Windows NT 10.0; Win64; x64) AppleWebKit/537.36 (KHTML, like Gecko) Chrome/149.0.0.0 Safari/537.36',
  'sec-ch-ua': '"Google Chrome";v="149", "Chromium";v="149", "Not)A;Brand";v="24"',
  'sec-ch-ua-mobile': '?0',
  accept: '*/*',
  origin: 'http://localhost:5173',
  'sec-fetch-site': 'same-site',
  'sec-fetch-mode': 'cors',
  'sec-fetch-dest': 'empty',
  referer: 'http://localhost:5173/',
  'accept-encoding': 'gzip, deflate, br, zstd',
  'accept-language': 'en-US,en;q=0.9',
  'if-none-match': 'W/"ca-QJF0w7qlz04EAzx1xFYNEdw+FyY"'
}
Bearer eyJhbGciOiJIUzI1NiIsInR5cCI6IkpXVCJ9.eyJpZCI6IjZhNGZjZDBhMjgxYzBiOTVjMmFkODEyOCIsInJvbGUiOiJ1c2VyIiwiaWF0IjoxNzgzNjk3MTc0LCJleHAiOjE3ODM2OTgwNzR9.L1yEUCL1BMkYMNtteIJ9q1N1g9uQu8VZQuDEa499vy0
{
  host: 'localhost:3000',
  connection: 'keep-alive',
  'sec-ch-ua-platform': '"Windows"',
  authorization: 'Bearer eyJhbGciOiJIUzI1NiIsInR5cCI6IkpXVCJ9.eyJpZCI6IjZhNGZjZDBhMjgxYzBiOTVjMmFkODEyOCIsInJvbGUiOiJ1c2VyIiwiaWF0IjoxNzgzNjk3MTc0LCJleHAiOjE3ODM2OTgwNzR9.L1yEUCL1BMkYMNtteIJ9q1N1g9uQu8VZQuDEa499vy0',
  'user-agent': 'Mozilla/5.0 (Windows NT 10.0; Win64; x64) AppleWebKit/537.36 (KHTML, like Gecko) Chrome/149.0.0.0 Safari/537.36',
  'sec-ch-ua': '"Google Chrome";v="149", "Chromium";v="149", "Not)A;Brand";v="24"',
  'sec-ch-ua-mobile': '?0',
  accept: '*/*',
  origin: 'http://localhost:5173',
  'sec-fetch-site': 'same-site',
  'sec-fetch-mode': 'cors',
  'sec-fetch-dest': 'empty',
  referer: 'http://localhost:5173/',
  'accept-encoding': 'gzip, deflate, br, zstd',
  'accept-language': 'en-US,en;q=0.9',
  'if-none-match': 'W/"d7-ZS6oO/RjRgOnPw6MDrxM/+RUGqw"'
}
Bearer eyJhbGciOiJIUzI1NiIsInR5cCI6IkpXVCJ9.eyJpZCI6IjZhNGZjZDBhMjgxYzBiOTVjMmFkODEyOCIsInJvbGUiOiJ1c2VyIiwiaWF0IjoxNzgzNjk3MTc0LCJleHAiOjE3ODM2OTgwNzR9.L1yEUCL1BMkYMNtteIJ9q1N1g9uQu8VZQuDEa499vy0
{
  host: 'localhost:3000',
  connection: 'keep-alive',
  'sec-ch-ua-platform': '"Windows"',
  authorization: 'Bearer eyJhbGciOiJIUzI1NiIsInR5cCI6IkpXVCJ9.eyJpZCI6IjZhNGZjZDBhMjgxYzBiOTVjMmFkODEyOCIsInJvbGUiOiJ1c2VyIiwiaWF0IjoxNzgzNjk3MTc0LCJleHAiOjE3ODM2OTgwNzR9.L1yEUCL1BMkYMNtteIJ9q1N1g9uQu8VZQuDEa499vy0',
  'user-agent': 'Mozilla/5.0 (Windows NT 10.0; Win64; x64) AppleWebKit/537.36 (KHTML, like Gecko) Chrome/149.0.0.0 Safari/537.36',
  'sec-ch-ua': '"Google Chrome";v="149", "Chromium";v="149", "Not)A;Brand";v="24"',
  'sec-ch-ua-mobile': '?0',
  accept: '*/*',
  origin: 'http://localhost:5173',
  'sec-fetch-site': 'same-site',
  'sec-fetch-mode': 'cors',
  'sec-fetch-dest': 'empty',
  referer: 'http://localhost:5173/',
  'accept-encoding': 'gzip, deflate, br, zstd',
  'accept-language': 'en-US,en;q=0.9',
  'if-none-match': 'W/"d7-ZS6oO/RjRgOnPw6MDrxM/+RUGqw"'
}
Bearer eyJhbGciOiJIUzI1NiIsInR5cCI6IkpXVCJ9.eyJpZCI6IjZhNGZjZDBhMjgxYzBiOTVjMmFkODEyOCIsInJvbGUiOiJ1c2VyIiwiaWF0IjoxNzgzNjk3MTc0LCJleHAiOjE3ODM2OTgwNzR9.L1yEUCL1BMkYMNtteIJ9q1N1g9uQu8VZQuDEa499vy0
{
  host: 'localhost:3000',
  connection: 'keep-alive',
  'sec-ch-ua-platform': '"Windows"',
  authorization: 'Bearer eyJhbGciOiJIUzI1NiIsInR5cCI6IkpXVCJ9.eyJpZCI6IjZhNGZjZDBhMjgxYzBiOTVjMmFkODEyOCIsInJvbGUiOiJ1c2VyIiwiaWF0IjoxNzgzNjk3MTc0LCJleHAiOjE3ODM2OTgwNzR9.L1yEUCL1BMkYMNtteIJ9q1N1g9uQu8VZQuDEa499vy0',
  'user-agent': 'Mozilla/5.0 (Windows NT 10.0; Win64; x64) AppleWebKit/537.36 (KHTML, like Gecko) Chrome/149.0.0.0 Safari/537.36',
  'sec-ch-ua': '"Google Chrome";v="149", "Chromium";v="149", "Not)A;Brand";v="24"',
  'sec-ch-ua-mobile': '?0',
  accept: '*/*',
  origin: 'http://localhost:5173',
  'sec-fetch-site': 'same-site',
  'sec-fetch-mode': 'cors',
  'sec-fetch-dest': 'empty',
  referer: 'http://localhost:5173/',
  'accept-encoding': 'gzip, deflate, br, zstd',
  'accept-language': 'en-US,en;q=0.9',
  'if-none-match': 'W/"ca-QJF0w7qlz04EAzx1xFYNEdw+FyY"'
}
Bearer eyJhbGciOiJIUzI1NiIsInR5cCI6IkpXVCJ9.eyJpZCI6IjZhNGZjZDBhMjgxYzBiOTVjMmFkODEyOCIsInJvbGUiOiJ1c2VyIiwiaWF0IjoxNzgzNjk3MTc0LCJleHAiOjE3ODM2OTgwNzR9.L1yEUCL1BMkYMNtteIJ9q1N1g9uQu8VZQuDEa499vy0
{
  host: 'localhost:3000',
  connection: 'keep-alive',
  'sec-ch-ua-platform': '"Windows"',
  authorization: 'Bearer eyJhbGciOiJIUzI1NiIsInR5cCI6IkpXVCJ9.eyJpZCI6IjZhNGZjZDBhMjgxYzBiOTVjMmFkODEyOCIsInJvbGUiOiJ1c2VyIiwiaWF0IjoxNzgzNjk3MTc0LCJleHAiOjE3ODM2OTgwNzR9.L1yEUCL1BMkYMNtteIJ9q1N1g9uQu8VZQuDEa499vy0',
  'user-agent': 'Mozilla/5.0 (Windows NT 10.0; Win64; x64) AppleWebKit/537.36 (KHTML, like Gecko) Chrome/149.0.0.0 Safari/537.36',
  'sec-ch-ua': '"Google Chrome";v="149", "Chromium";v="149", "Not)A;Brand";v="24"',
  'sec-ch-ua-mobile': '?0',
  accept: '*/*',
  origin: 'http://localhost:5173',
  'sec-fetch-site': 'same-site',
  'sec-fetch-mode': 'cors',
  'sec-fetch-dest': 'empty',
  referer: 'http://localhost:5173/',
  'accept-encoding': 'gzip, deflate, br, zstd',
  'accept-language': 'en-US,en;q=0.9'
}
Bearer eyJhbGciOiJIUzI1NiIsInR5cCI6IkpXVCJ9.eyJpZCI6IjZhNGZjZDBhMjgxYzBiOTVjMmFkODEyOCIsInJvbGUiOiJ1c2VyIiwiaWF0IjoxNzgzNjk3MTc0LCJleHAiOjE3ODM2OTgwNzR9.L1yEUCL1BMkYMNtteIJ9q1N1g9uQu8VZQuDEa499vy0
{
  host: 'localhost:3000',
  connection: 'keep-alive',
  'sec-ch-ua-platform': '"Windows"',
  authorization: 'Bearer eyJhbGciOiJIUzI1NiIsInR5cCI6IkpXVCJ9.eyJpZCI6IjZhNGZjZDBhMjgxYzBiOTVjMmFkODEyOCIsInJvbGUiOiJ1c2VyIiwiaWF0IjoxNzgzNjk3MTc0LCJleHAiOjE3ODM2OTgwNzR9.L1yEUCL1BMkYMNtteIJ9q1N1g9uQu8VZQuDEa499vy0',
  'user-agent': 'Mozilla/5.0 (Windows NT 10.0; Win64; x64) AppleWebKit/537.36 (KHTML, like Gecko) Chrome/149.0.0.0 Safari/537.36',
  'sec-ch-ua': '"Google Chrome";v="149", "Chromium";v="149", "Not)A;Brand";v="24"',
  'sec-ch-ua-mobile': '?0',
  accept: '*/*',
  origin: 'http://localhost:5173',
  'sec-fetch-site': 'same-site',
  'sec-fetch-mode': 'cors',
  'sec-fetch-dest': 'empty',
  referer: 'http://localhost:5173/',
  'accept-encoding': 'gzip, deflate, br, zstd',
  'accept-language': 'en-US,en;q=0.9',
  'if-none-match': 'W/"7c-eOXo3RJuDDEvIybIvVWLkrNw3Ss"'
}
Bearer eyJhbGciOiJIUzI1NiIsInR5cCI6IkpXVCJ9.eyJpZCI6IjZhNGZjZDBhMjgxYzBiOTVjMmFkODEyOCIsInJvbGUiOiJ1c2VyIiwiaWF0IjoxNzgzNjk3MTc0LCJleHAiOjE3ODM2OTgwNzR9.L1yEUCL1BMkYMNtteIJ9q1N1g9uQu8VZQuDEa499vy0
{
  host: 'localhost:3000',
  connection: 'keep-alive',
  'content-length': '117',
  'sec-ch-ua-platform': '"Windows"',
  authorization: 'Bearer eyJhbGciOiJIUzI1NiIsInR5cCI6IkpXVCJ9.eyJpZCI6IjZhNGZjZDBhMjgxYzBiOTVjMmFkODEyOCIsInJvbGUiOiJ1c2VyIiwiaWF0IjoxNzgzNjk3MTc0LCJleHAiOjE3ODM2OTgwNzR9.L1yEUCL1BMkYMNtteIJ9q1N1g9uQu8VZQuDEa499vy0',
  'user-agent': 'Mozilla/5.0 (Windows NT 10.0; Win64; x64) AppleWebKit/537.36 (KHTML, like Gecko) Chrome/149.0.0.0 Safari/537.36',
  'sec-ch-ua': '"Google Chrome";v="149", "Chromium";v="149", "Not)A;Brand";v="24"',
  'content-type': 'application/json',
  'sec-ch-ua-mobile': '?0',
  accept: '*/*',
  origin: 'http://localhost:5173',
  'sec-fetch-site': 'same-site',
  'sec-fetch-mode': 'cors',
  'sec-fetch-dest': 'empty',
  referer: 'http://localhost:5173/',
  'accept-encoding': 'gzip, deflate, br, zstd',
  'accept-language': 'en-US,en;q=0.9'
}
Bearer eyJhbGciOiJIUzI1NiIsInR5cCI6IkpXVCJ9.eyJpZCI6IjZhNGZjZDBhMjgxYzBiOTVjMmFkODEyOCIsInJvbGUiOiJ1c2VyIiwiaWF0IjoxNzgzNjk3MTc0LCJleHAiOjE3ODM2OTgwNzR9.L1yEUCL1BMkYMNtteIJ9q1N1g9uQu8VZQuDEa499vy0
{
  host: 'localhost:3000',
  connection: 'keep-alive',
  'sec-ch-ua-platform': '"Windows"',
  authorization: 'Bearer eyJhbGciOiJIUzI1NiIsInR5cCI6IkpXVCJ9.eyJpZCI6IjZhNGZjZDBhMjgxYzBiOTVjMmFkODEyOCIsInJvbGUiOiJ1c2VyIiwiaWF0IjoxNzgzNjk3MTc0LCJleHAiOjE3ODM2OTgwNzR9.L1yEUCL1BMkYMNtteIJ9q1N1g9uQu8VZQuDEa499vy0',
  'user-agent': 'Mozilla/5.0 (Windows NT 10.0; Win64; x64) AppleWebKit/537.36 (KHTML, like Gecko) Chrome/149.0.0.0 Safari/537.36',
  'sec-ch-ua': '"Google Chrome";v="149", "Chromium";v="149", "Not)A;Brand";v="24"',
  'sec-ch-ua-mobile': '?0',
  accept: '*/*',
  origin: 'http://localhost:5173',
  'sec-fetch-site': 'same-site',
  'sec-fetch-mode': 'cors',
  'sec-fetch-dest': 'empty',
  referer: 'http://localhost:5173/',
  'accept-encoding': 'gzip, deflate, br, zstd',
  'accept-language': 'en-US,en;q=0.9',
  'if-none-match': 'W/"d7-ZS6oO/RjRgOnPw6MDrxM/+RUGqw"'
}
Bearer eyJhbGciOiJIUzI1NiIsInR5cCI6IkpXVCJ9.eyJpZCI6IjZhNGZjZDBhMjgxYzBiOTVjMmFkODEyOCIsInJvbGUiOiJ1c2VyIiwiaWF0IjoxNzgzNjk3MTc0LCJleHAiOjE3ODM2OTgwNzR9.L1yEUCL1BMkYMNtteIJ9q1N1g9uQu8VZQuDEa499vy0
{
  host: 'localhost:3000',
  connection: 'keep-alive',
  'sec-ch-ua-platform': '"Windows"',
  authorization: 'Bearer eyJhbGciOiJIUzI1NiIsInR5cCI6IkpXVCJ9.eyJpZCI6IjZhNGZjZDBhMjgxYzBiOTVjMmFkODEyOCIsInJvbGUiOiJ1c2VyIiwiaWF0IjoxNzgzNjk3MTc0LCJleHAiOjE3ODM2OTgwNzR9.L1yEUCL1BMkYMNtteIJ9q1N1g9uQu8VZQuDEa499vy0',
  'user-agent': 'Mozilla/5.0 (Windows NT 10.0; Win64; x64) AppleWebKit/537.36 (KHTML, like Gecko) Chrome/149.0.0.0 Safari/537.36',
  'sec-ch-ua': '"Google Chrome";v="149", "Chromium";v="149", "Not)A;Brand";v="24"',
  'sec-ch-ua-mobile': '?0',
  accept: '*/*',
  origin: 'http://localhost:5173',
  'sec-fetch-site': 'same-site',
  'sec-fetch-mode': 'cors',
  'sec-fetch-dest': 'empty',
  referer: 'http://localhost:5173/',
  'accept-encoding': 'gzip, deflate, br, zstd',
  'accept-language': 'en-US,en;q=0.9',
  'if-none-match': 'W/"3e1-0PiC1/AtzsYEuFJRLU/c+vBwDaU"'
}
Bearer eyJhbGciOiJIUzI1NiIsInR5cCI6IkpXVCJ9.eyJpZCI6IjZhNGZjZDBhMjgxYzBiOTVjMmFkODEyOCIsInJvbGUiOiJ1c2VyIiwiaWF0IjoxNzgzNjk3MTc0LCJleHAiOjE3ODM2OTgwNzR9.L1yEUCL1BMkYMNtteIJ9q1N1g9uQu8VZQuDEa499vy0
{
  host: 'localhost:3000',
  connection: 'keep-alive',
  'content-length': '94',
  'sec-ch-ua-platform': '"Windows"',
  authorization: 'Bearer eyJhbGciOiJIUzI1NiIsInR5cCI6IkpXVCJ9.eyJpZCI6IjZhNGZjZDBhMjgxYzBiOTVjMmFkODEyOCIsInJvbGUiOiJ1c2VyIiwiaWF0IjoxNzgzNjk3MTc0LCJleHAiOjE3ODM2OTgwNzR9.L1yEUCL1BMkYMNtteIJ9q1N1g9uQu8VZQuDEa499vy0',
  'user-agent': 'Mozilla/5.0 (Windows NT 10.0; Win64; x64) AppleWebKit/537.36 (KHTML, like Gecko) Chrome/149.0.0.0 Safari/537.36',
  'sec-ch-ua': '"Google Chrome";v="149", "Chromium";v="149", "Not)A;Brand";v="24"',
  'content-type': 'application/json',
  'sec-ch-ua-mobile': '?0',
  accept: '*/*',
  origin: 'http://localhost:5173',
  'sec-fetch-site': 'same-site',
  'sec-fetch-mode': 'cors',
  'sec-fetch-dest': 'empty',
  referer: 'http://localhost:5173/',
  'accept-encoding': 'gzip, deflate, br, zstd',
  'accept-language': 'en-US,en;q=0.9'
}
Bearer eyJhbGciOiJIUzI1NiIsInR5cCI6IkpXVCJ9.eyJpZCI6IjZhNGZjZDBhMjgxYzBiOTVjMmFkODEyOCIsInJvbGUiOiJ1c2VyIiwiaWF0IjoxNzgzNjk3MTc0LCJleHAiOjE3ODM2OTgwNzR9.L1yEUCL1BMkYMNtteIJ9q1N1g9uQu8VZQuDEa499vy0
{
  host: 'localhost:3000',
  connection: 'keep-alive',
  'sec-ch-ua-platform': '"Windows"',
  authorization: 'Bearer eyJhbGciOiJIUzI1NiIsInR5cCI6IkpXVCJ9.eyJpZCI6IjZhNGZjZDBhMjgxYzBiOTVjMmFkODEyOCIsInJvbGUiOiJ1c2VyIiwiaWF0IjoxNzgzNjk3MTc0LCJleHAiOjE3ODM2OTgwNzR9.L1yEUCL1BMkYMNtteIJ9q1N1g9uQu8VZQuDEa499vy0',
  'user-agent': 'Mozilla/5.0 (Windows NT 10.0; Win64; x64) AppleWebKit/537.36 (KHTML, like Gecko) Chrome/149.0.0.0 Safari/537.36',
  'sec-ch-ua': '"Google Chrome";v="149", "Chromium";v="149", "Not)A;Brand";v="24"',
  'sec-ch-ua-mobile': '?0',
  accept: '*/*',
  origin: 'http://localhost:5173',
  'sec-fetch-site': 'same-site',
  'sec-fetch-mode': 'cors',
  'sec-fetch-dest': 'empty',
  referer: 'http://localhost:5173/',
  'accept-encoding': 'gzip, deflate, br, zstd',
  'accept-language': 'en-US,en;q=0.9',
  'if-none-match': 'W/"40-jrkIj9RtZl67gvhjPh4442O0c7k"'
}
Bearer eyJhbGciOiJIUzI1NiIsInR5cCI6IkpXVCJ9.eyJpZCI6IjZhNGZjZDBhMjgxYzBiOTVjMmFkODEyOCIsInJvbGUiOiJ1c2VyIiwiaWF0IjoxNzgzNjk3MTc0LCJleHAiOjE3ODM2OTgwNzR9.L1yEUCL1BMkYMNtteIJ9q1N1g9uQu8VZQuDEa499vy0
{
  host: 'localhost:3000',
  connection: 'keep-alive',
  'sec-ch-ua-platform': '"Windows"',
  authorization: 'Bearer eyJhbGciOiJIUzI1NiIsInR5cCI6IkpXVCJ9.eyJpZCI6IjZhNGZjZDBhMjgxYzBiOTVjMmFkODEyOCIsInJvbGUiOiJ1c2VyIiwiaWF0IjoxNzgzNjk3MTc0LCJleHAiOjE3ODM2OTgwNzR9.L1yEUCL1BMkYMNtteIJ9q1N1g9uQu8VZQuDEa499vy0',
  'user-agent': 'Mozilla/5.0 (Windows NT 10.0; Win64; x64) AppleWebKit/537.36 (KHTML, like Gecko) Chrome/149.0.0.0 Safari/537.36',
  'sec-ch-ua': '"Google Chrome";v="149", "Chromium";v="149", "Not)A;Brand";v="24"',
  'sec-ch-ua-mobile': '?0',
  accept: '*/*',
  origin: 'http://localhost:5173',
  'sec-fetch-site': 'same-site',
  'sec-fetch-mode': 'cors',
  'sec-fetch-dest': 'empty',
  referer: 'http://localhost:5173/',
  'accept-encoding': 'gzip, deflate, br, zstd',
  'accept-language': 'en-US,en;q=0.9'
}
Bearer eyJhbGciOiJIUzI1NiIsInR5cCI6IkpXVCJ9.eyJpZCI6IjZhNGZjZDBhMjgxYzBiOTVjMmFkODEyOCIsInJvbGUiOiJ1c2VyIiwiaWF0IjoxNzgzNjk3MTc0LCJleHAiOjE3ODM2OTgwNzR9.L1yEUCL1BMkYMNtteIJ9q1N1g9uQu8VZQuDEa499vy0
{
  host: 'localhost:3000',
  connection: 'keep-alive',
  'sec-ch-ua-platform': '"Windows"',
  authorization: 'Bearer eyJhbGciOiJIUzI1NiIsInR5cCI6IkpXVCJ9.eyJpZCI6IjZhNGZjZDBhMjgxYzBiOTVjMmFkODEyOCIsInJvbGUiOiJ1c2VyIiwiaWF0IjoxNzgzNjk3MTc0LCJleHAiOjE3ODM2OTgwNzR9.L1yEUCL1BMkYMNtteIJ9q1N1g9uQu8VZQuDEa499vy0',
  'user-agent': 'Mozilla/5.0 (Windows NT 10.0; Win64; x64) AppleWebKit/537.36 (KHTML, like Gecko) Chrome/149.0.0.0 Safari/537.36',
  'sec-ch-ua': '"Google Chrome";v="149", "Chromium";v="149", "Not)A;Brand";v="24"',
  'sec-ch-ua-mobile': '?0',
  accept: '*/*',
  origin: 'http://localhost:5173',
  'sec-fetch-site': 'same-site',
  'sec-fetch-mode': 'cors',
  'sec-fetch-dest': 'empty',
  referer: 'http://localhost:5173/',
  'accept-encoding': 'gzip, deflate, br, zstd',
  'accept-language': 'en-US,en;q=0.9',
  'if-none-match': 'W/"59e-OWPVAhS32QONxUWYLug0SfqUQs0"'
}
Bearer eyJhbGciOiJIUzI1NiIsInR5cCI6IkpXVCJ9.eyJpZCI6IjZhNGZjZDBhMjgxYzBiOTVjMmFkODEyOCIsInJvbGUiOiJ1c2VyIiwiaWF0IjoxNzgzNjk3MTc0LCJleHAiOjE3ODM2OTgwNzR9.L1yEUCL1BMkYMNtteIJ9q1N1g9uQu8VZQuDEa499vy0
{
  host: 'localhost:3000',
  connection: 'keep-alive',
  'content-length': '181',
  'sec-ch-ua-platform': '"Windows"',
  authorization: 'Bearer eyJhbGciOiJIUzI1NiIsInR5cCI6IkpXVCJ9.eyJpZCI6IjZhNGZjZDBhMjgxYzBiOTVjMmFkODEyOCIsInJvbGUiOiJ1c2VyIiwiaWF0IjoxNzgzNjk3MTc0LCJleHAiOjE3ODM2OTgwNzR9.L1yEUCL1BMkYMNtteIJ9q1N1g9uQu8VZQuDEa499vy0',
  'user-agent': 'Mozilla/5.0 (Windows NT 10.0; Win64; x64) AppleWebKit/537.36 (KHTML, like Gecko) Chrome/149.0.0.0 Safari/537.36',
  'sec-ch-ua': '"Google Chrome";v="149", "Chromium";v="149", "Not)A;Brand";v="24"',
  'content-type': 'application/json',
  'sec-ch-ua-mobile': '?0',
  accept: '*/*',
  origin: 'http://localhost:5173',
  'sec-fetch-site': 'same-site',
  'sec-fetch-mode': 'cors',
  'sec-fetch-dest': 'empty',
  referer: 'http://localhost:5173/',
  'accept-encoding': 'gzip, deflate, br, zstd',
  'accept-language': 'en-US,en;q=0.9'
}
Bearer eyJhbGciOiJIUzI1NiIsInR5cCI6IkpXVCJ9.eyJpZCI6IjZhNGZjZDBhMjgxYzBiOTVjMmFkODEyOCIsInJvbGUiOiJ1c2VyIiwiaWF0IjoxNzgzNjk3MTc0LCJleHAiOjE3ODM2OTgwNzR9.L1yEUCL1BMkYMNtteIJ9q1N1g9uQu8VZQuDEa499vy0
{
  host: 'localhost:3000',
  connection: 'keep-alive',
  'content-length': '288',
  'sec-ch-ua-platform': '"Windows"',
  authorization: 'Bearer eyJhbGciOiJIUzI1NiIsInR5cCI6IkpXVCJ9.eyJpZCI6IjZhNGZjZDBhMjgxYzBiOTVjMmFkODEyOCIsInJvbGUiOiJ1c2VyIiwiaWF0IjoxNzgzNjk3MTc0LCJleHAiOjE3ODM2OTgwNzR9.L1yEUCL1BMkYMNtteIJ9q1N1g9uQu8VZQuDEa499vy0',
  'user-agent': 'Mozilla/5.0 (Windows NT 10.0; Win64; x64) AppleWebKit/537.36 (KHTML, like Gecko) Chrome/149.0.0.0 Safari/537.36',
  'sec-ch-ua': '"Google Chrome";v="149", "Chromium";v="149", "Not)A;Brand";v="24"',
  'content-type': 'application/json',
  'sec-ch-ua-mobile': '?0',
  accept: '*/*',
  origin: 'http://localhost:5173',
  'sec-fetch-site': 'same-site',
  'sec-fetch-mode': 'cors',
  'sec-fetch-dest': 'empty',
  referer: 'http://localhost:5173/',
  'accept-encoding': 'gzip, deflate, br, zstd',
  'accept-language': 'en-US,en;q=0.9'
}
Bearer eyJhbGciOiJIUzI1NiIsInR5cCI6IkpXVCJ9.eyJpZCI6IjZhNGZjZDBhMjgxYzBiOTVjMmFkODEyOCIsInJvbGUiOiJ1c2VyIiwiaWF0IjoxNzgzNjk3MTc0LCJleHAiOjE3ODM2OTgwNzR9.L1yEUCL1BMkYMNtteIJ9q1N1g9uQu8VZQuDEa499vy0
{
  host: 'localhost:3000',
  connection: 'keep-alive',
  'sec-ch-ua-platform': '"Windows"',
  authorization: 'Bearer eyJhbGciOiJIUzI1NiIsInR5cCI6IkpXVCJ9.eyJpZCI6IjZhNGZjZDBhMjgxYzBiOTVjMmFkODEyOCIsInJvbGUiOiJ1c2VyIiwiaWF0IjoxNzgzNjk3MTc0LCJleHAiOjE3ODM2OTgwNzR9.L1yEUCL1BMkYMNtteIJ9q1N1g9uQu8VZQuDEa499vy0',
  'user-agent': 'Mozilla/5.0 (Windows NT 10.0; Win64; x64) AppleWebKit/537.36 (KHTML, like Gecko) Chrome/149.0.0.0 Safari/537.36',
  'sec-ch-ua': '"Google Chrome";v="149", "Chromium";v="149", "Not)A;Brand";v="24"',
  'sec-ch-ua-mobile': '?0',
  accept: '*/*',
  origin: 'http://localhost:5173',
  'sec-fetch-site': 'same-site',
  'sec-fetch-mode': 'cors',
  'sec-fetch-dest': 'empty',
  referer: 'http://localhost:5173/',
  'accept-encoding': 'gzip, deflate, br, zstd',
  'accept-language': 'en-US,en;q=0.9'
}
Bearer eyJhbGciOiJIUzI1NiIsInR5cCI6IkpXVCJ9.eyJpZCI6IjZhNGZjZDBhMjgxYzBiOTVjMmFkODEyOCIsInJvbGUiOiJ1c2VyIiwiaWF0IjoxNzgzNjk3MTc0LCJleHAiOjE3ODM2OTgwNzR9.L1yEUCL1BMkYMNtteIJ9q1N1g9uQu8VZQuDEa499vy0
{
  host: 'localhost:3000',
  connection: 'keep-alive',
  'sec-ch-ua-platform': '"Windows"',
  authorization: 'Bearer eyJhbGciOiJIUzI1NiIsInR5cCI6IkpXVCJ9.eyJpZCI6IjZhNGZkNTQ2NDQwMjVkMWU5YzlkODIzMSIsInJvbGUiOiJhZG1pbiIsImlhdCI6MTc4MzY5NzMzMCwiZXhwIjoxNzgzNjk4MjMwfQ.zAdMGvjzUEroTAtxZU4vZQjmHNu9M4BGmc0ojrLhpyE',
  'user-agent': 'Mozilla/5.0 (Windows NT 10.0; Win64; x64) AppleWebKit/537.36 (KHTML, like Gecko) Chrome/149.0.0.0 Safari/537.36',
  'sec-ch-ua': '"Google Chrome";v="149", "Chromium";v="149", "Not)A;Brand";v="24"',
  'sec-ch-ua-mobile': '?0',
  accept: '*/*',
  origin: 'http://localhost:5173',
  'sec-fetch-site': 'same-site',
  'sec-fetch-mode': 'cors',
  'sec-fetch-dest': 'empty',
  referer: 'http://localhost:5173/',
  'accept-encoding': 'gzip, deflate, br, zstd',
  'accept-language': 'en-US,en;q=0.9',
  'if-none-match': 'W/"3e1-0PiC1/AtzsYEuFJRLU/c+vBwDaU"'
}
Bearer eyJhbGciOiJIUzI1NiIsInR5cCI6IkpXVCJ9.eyJpZCI6IjZhNGZkNTQ2NDQwMjVkMWU5YzlkODIzMSIsInJvbGUiOiJhZG1pbiIsImlhdCI6MTc4MzY5NzMzMCwiZXhwIjoxNzgzNjk4MjMwfQ.zAdMGvjzUEroTAtxZU4vZQjmHNu9M4BGmc0ojrLhpyE
{
  host: 'localhost:3000',
  connection: 'keep-alive',
  'sec-ch-ua-platform': '"Windows"',
  authorization: 'Bearer eyJhbGciOiJIUzI1NiIsInR5cCI6IkpXVCJ9.eyJpZCI6IjZhNGZkNTQ2NDQwMjVkMWU5YzlkODIzMSIsInJvbGUiOiJhZG1pbiIsImlhdCI6MTc4MzY5NzMzMCwiZXhwIjoxNzgzNjk4MjMwfQ.zAdMGvjzUEroTAtxZU4vZQjmHNu9M4BGmc0ojrLhpyE',
  'user-agent': 'Mozilla/5.0 (Windows NT 10.0; Win64; x64) AppleWebKit/537.36 (KHTML, like Gecko) Chrome/149.0.0.0 Safari/537.36',
  'sec-ch-ua': '"Google Chrome";v="149", "Chromium";v="149", "Not)A;Brand";v="24"',
  'sec-ch-ua-mobile': '?0',
  accept: '*/*',
  origin: 'http://localhost:5173',
  'sec-fetch-site': 'same-site',
  'sec-fetch-mode': 'cors',
  'sec-fetch-dest': 'empty',
  referer: 'http://localhost:5173/',
  'accept-encoding': 'gzip, deflate, br, zstd',
  'accept-language': 'en-US,en;q=0.9',
  'if-none-match': 'W/"ca-QJF0w7qlz04EAzx1xFYNEdw+FyY"'
}
Bearer eyJhbGciOiJIUzI1NiIsInR5cCI6IkpXVCJ9.eyJpZCI6IjZhNGZkNTQ2NDQwMjVkMWU5YzlkODIzMSIsInJvbGUiOiJhZG1pbiIsImlhdCI6MTc4MzY5NzMzMCwiZXhwIjoxNzgzNjk4MjMwfQ.zAdMGvjzUEroTAtxZU4vZQjmHNu9M4BGmc0ojrLhpyE
{
  host: 'localhost:3000',
  connection: 'keep-alive',
  'sec-ch-ua-platform': '"Windows"',
  authorization: 'Bearer eyJhbGciOiJIUzI1NiIsInR5cCI6IkpXVCJ9.eyJpZCI6IjZhNGZkNTQ2NDQwMjVkMWU5YzlkODIzMSIsInJvbGUiOiJhZG1pbiIsImlhdCI6MTc4MzY5NzMzMCwiZXhwIjoxNzgzNjk4MjMwfQ.zAdMGvjzUEroTAtxZU4vZQjmHNu9M4BGmc0ojrLhpyE',
  'user-agent': 'Mozilla/5.0 (Windows NT 10.0; Win64; x64) AppleWebKit/537.36 (KHTML, like Gecko) Chrome/149.0.0.0 Safari/537.36',
  'sec-ch-ua': '"Google Chrome";v="149", "Chromium";v="149", "Not)A;Brand";v="24"',
  'sec-ch-ua-mobile': '?0',
  accept: '*/*',
  origin: 'http://localhost:5173',
  'sec-fetch-site': 'same-site',
  'sec-fetch-mode': 'cors',
  'sec-fetch-dest': 'empty',
  referer: 'http://localhost:5173/',
  'accept-encoding': 'gzip, deflate, br, zstd',
  'accept-language': 'en-US,en;q=0.9',
  'if-none-match': 'W/"18e4-vQwzoK0SGmL+enl99SSH/5IitNQ"'
}
Bearer eyJhbGciOiJIUzI1NiIsInR5cCI6IkpXVCJ9.eyJpZCI6IjZhNGZkNTQ2NDQwMjVkMWU5YzlkODIzMSIsInJvbGUiOiJhZG1pbiIsImlhdCI6MTc4MzY5NzMzMCwiZXhwIjoxNzgzNjk4MjMwfQ.zAdMGvjzUEroTAtxZU4vZQjmHNu9M4BGmc0ojrLhpyE
admin
{
  host: 'localhost:3000',
  connection: 'keep-alive',
  'sec-ch-ua-platform': '"Windows"',
  authorization: 'Bearer eyJhbGciOiJIUzI1NiIsInR5cCI6IkpXVCJ9.eyJpZCI6IjZhNGZkNTQ2NDQwMjVkMWU5YzlkODIzMSIsInJvbGUiOiJhZG1pbiIsImlhdCI6MTc4MzY5NzMzMCwiZXhwIjoxNzgzNjk4MjMwfQ.zAdMGvjzUEroTAtxZU4vZQjmHNu9M4BGmc0ojrLhpyE',
  'user-agent': 'Mozilla/5.0 (Windows NT 10.0; Win64; x64) AppleWebKit/537.36 (KHTML, like Gecko) Chrome/149.0.0.0 Safari/537.36',
  'sec-ch-ua': '"Google Chrome";v="149", "Chromium";v="149", "Not)A;Brand";v="24"',
  'sec-ch-ua-mobile': '?0',
  accept: '*/*',
  origin: 'http://localhost:5173',
  'sec-fetch-site': 'same-site',
  'sec-fetch-mode': 'cors',
  'sec-fetch-dest': 'empty',
  referer: 'http://localhost:5173/',
  'accept-encoding': 'gzip, deflate, br, zstd',
  'accept-language': 'en-US,en;q=0.9',
  'if-none-match': 'W/"120a-PZGY+6cB2ihsdc/edngZtbCcSi8"'
}
Bearer eyJhbGciOiJIUzI1NiIsInR5cCI6IkpXVCJ9.eyJpZCI6IjZhNGZkNTQ2NDQwMjVkMWU5YzlkODIzMSIsInJvbGUiOiJhZG1pbiIsImlhdCI6MTc4MzY5NzMzMCwiZXhwIjoxNzgzNjk4MjMwfQ.zAdMGvjzUEroTAtxZU4vZQjmHNu9M4BGmc0ojrLhpyE
admin
{
  host: 'localhost:3000',
  connection: 'keep-alive',
  'sec-ch-ua-platform': '"Windows"',
  authorization: 'Bearer eyJhbGciOiJIUzI1NiIsInR5cCI6IkpXVCJ9.eyJpZCI6IjZhNGZkNTQ2NDQwMjVkMWU5YzlkODIzMSIsInJvbGUiOiJhZG1pbiIsImlhdCI6MTc4MzY5NzMzMCwiZXhwIjoxNzgzNjk4MjMwfQ.zAdMGvjzUEroTAtxZU4vZQjmHNu9M4BGmc0ojrLhpyE',
  'user-agent': 'Mozilla/5.0 (Windows NT 10.0; Win64; x64) AppleWebKit/537.36 (KHTML, like Gecko) Chrome/149.0.0.0 Safari/537.36',
  'sec-ch-ua': '"Google Chrome";v="149", "Chromium";v="149", "Not)A;Brand";v="24"',
  'sec-ch-ua-mobile': '?0',
  accept: '*/*',
  origin: 'http://localhost:5173',
  'sec-fetch-site': 'same-site',
  'sec-fetch-mode': 'cors',
  'sec-fetch-dest': 'empty',
  referer: 'http://localhost:5173/',
  'accept-encoding': 'gzip, deflate, br, zstd',
  'accept-language': 'en-US,en;q=0.9',
  'if-none-match': 'W/"120a-PZGY+6cB2ihsdc/edngZtbCcSi8"'
}
Bearer eyJhbGciOiJIUzI1NiIsInR5cCI6IkpXVCJ9.eyJpZCI6IjZhNGZkNTQ2NDQwMjVkMWU5YzlkODIzMSIsInJvbGUiOiJhZG1pbiIsImlhdCI6MTc4MzY5NzMzMCwiZXhwIjoxNzgzNjk4MjMwfQ.zAdMGvjzUEroTAtxZU4vZQjmHNu9M4BGmc0ojrLhpyE
{
  host: 'localhost:3000',
  connection: 'keep-alive',
  'sec-ch-ua-platform': '"Windows"',
  authorization: 'Bearer eyJhbGciOiJIUzI1NiIsInR5cCI6IkpXVCJ9.eyJpZCI6IjZhNGZkNTQ2NDQwMjVkMWU5YzlkODIzMSIsInJvbGUiOiJhZG1pbiIsImlhdCI6MTc4MzY5NzMzMCwiZXhwIjoxNzgzNjk4MjMwfQ.zAdMGvjzUEroTAtxZU4vZQjmHNu9M4BGmc0ojrLhpyE',
  'user-agent': 'Mozilla/5.0 (Windows NT 10.0; Win64; x64) AppleWebKit/537.36 (KHTML, like Gecko) Chrome/149.0.0.0 Safari/537.36',
  'sec-ch-ua': '"Google Chrome";v="149", "Chromium";v="149", "Not)A;Brand";v="24"',
  'sec-ch-ua-mobile': '?0',
  accept: '*/*',
  origin: 'http://localhost:5173',
  'sec-fetch-site': 'same-site',
  'sec-fetch-mode': 'cors',
  'sec-fetch-dest': 'empty',
  referer: 'http://localhost:5173/',
  'accept-encoding': 'gzip, deflate, br, zstd',
  'accept-language': 'en-US,en;q=0.9',
  'if-none-match': 'W/"120a-PZGY+6cB2ihsdc/edngZtbCcSi8"'
}
Bearer eyJhbGciOiJIUzI1NiIsInR5cCI6IkpXVCJ9.eyJpZCI6IjZhNGZkNTQ2NDQwMjVkMWU5YzlkODIzMSIsInJvbGUiOiJhZG1pbiIsImlhdCI6MTc4MzY5NzMzMCwiZXhwIjoxNzgzNjk4MjMwfQ.zAdMGvjzUEroTAtxZU4vZQjmHNu9M4BGmc0ojrLhpyE
{
  host: 'localhost:3000',
  connection: 'keep-alive',
  'sec-ch-ua-platform': '"Windows"',
  authorization: 'Bearer eyJhbGciOiJIUzI1NiIsInR5cCI6IkpXVCJ9.eyJpZCI6IjZhNGZkNTQ2NDQwMjVkMWU5YzlkODIzMSIsInJvbGUiOiJhZG1pbiIsImlhdCI6MTc4MzY5NzMzMCwiZXhwIjoxNzgzNjk4MjMwfQ.zAdMGvjzUEroTAtxZU4vZQjmHNu9M4BGmc0ojrLhpyE',
  'user-agent': 'Mozilla/5.0 (Windows NT 10.0; Win64; x64) AppleWebKit/537.36 (KHTML, like Gecko) Chrome/149.0.0.0 Safari/537.36',
  'sec-ch-ua': '"Google Chrome";v="149", "Chromium";v="149", "Not)A;Brand";v="24"',
  'sec-ch-ua-mobile': '?0',
  accept: '*/*',
  origin: 'http://localhost:5173',
  'sec-fetch-site': 'same-site',
  'sec-fetch-mode': 'cors',
  'sec-fetch-dest': 'empty',
  referer: 'http://localhost:5173/',
  'accept-encoding': 'gzip, deflate, br, zstd',
  'accept-language': 'en-US,en;q=0.9',
  'if-none-match': 'W/"120a-PZGY+6cB2ihsdc/edngZtbCcSi8"'
}
Bearer eyJhbGciOiJIUzI1NiIsInR5cCI6IkpXVCJ9.eyJpZCI6IjZhNGZkNTQ2NDQwMjVkMWU5YzlkODIzMSIsInJvbGUiOiJhZG1pbiIsImlhdCI6MTc4MzY5NzMzMCwiZXhwIjoxNzgzNjk4MjMwfQ.zAdMGvjzUEroTAtxZU4vZQjmHNu9M4BGmc0ojrLhpyE
{
  host: 'localhost:3000',
  connection: 'keep-alive',
  'sec-ch-ua-platform': '"Windows"',
  authorization: 'Bearer eyJhbGciOiJIUzI1NiIsInR5cCI6IkpXVCJ9.eyJpZCI6IjZhNGZkNTQ2NDQwMjVkMWU5YzlkODIzMSIsInJvbGUiOiJhZG1pbiIsImlhdCI6MTc4MzY5NzMzMCwiZXhwIjoxNzgzNjk4MjMwfQ.zAdMGvjzUEroTAtxZU4vZQjmHNu9M4BGmc0ojrLhpyE',
  'user-agent': 'Mozilla/5.0 (Windows NT 10.0; Win64; x64) AppleWebKit/537.36 (KHTML, like Gecko) Chrome/149.0.0.0 Safari/537.36',
  'sec-ch-ua': '"Google Chrome";v="149", "Chromium";v="149", "Not)A;Brand";v="24"',
  'sec-ch-ua-mobile': '?0',
  accept: '*/*',
  origin: 'http://localhost:5173',
  'sec-fetch-site': 'same-site',
  'sec-fetch-mode': 'cors',
  'sec-fetch-dest': 'empty',
  referer: 'http://localhost:5173/',
  'accept-encoding': 'gzip, deflate, br, zstd',
  'accept-language': 'en-US,en;q=0.9',
  'if-none-match': 'W/"120a-PZGY+6cB2ihsdc/edngZtbCcSi8"'
}
Bearer eyJhbGciOiJIUzI1NiIsInR5cCI6IkpXVCJ9.eyJpZCI6IjZhNGZkNTQ2NDQwMjVkMWU5YzlkODIzMSIsInJvbGUiOiJhZG1pbiIsImlhdCI6MTc4MzY5NzMzMCwiZXhwIjoxNzgzNjk4MjMwfQ.zAdMGvjzUEroTAtxZU4vZQjmHNu9M4BGmc0ojrLhpyE
{
  host: 'localhost:3000',
  connection: 'keep-alive',
  'sec-ch-ua-platform': '"Windows"',
  authorization: 'Bearer eyJhbGciOiJIUzI1NiIsInR5cCI6IkpXVCJ9.eyJpZCI6IjZhNGZkNTQ2NDQwMjVkMWU5YzlkODIzMSIsInJvbGUiOiJhZG1pbiIsImlhdCI6MTc4MzY5NzMzMCwiZXhwIjoxNzgzNjk4MjMwfQ.zAdMGvjzUEroTAtxZU4vZQjmHNu9M4BGmc0ojrLhpyE',
  'user-agent': 'Mozilla/5.0 (Windows NT 10.0; Win64; x64) AppleWebKit/537.36 (KHTML, like Gecko) Chrome/149.0.0.0 Safari/537.36',
  'sec-ch-ua': '"Google Chrome";v="149", "Chromium";v="149", "Not)A;Brand";v="24"',
  'sec-ch-ua-mobile': '?0',
  accept: '*/*',
  origin: 'http://localhost:5173',
  'sec-fetch-site': 'same-site',
  'sec-fetch-mode': 'cors',
  'sec-fetch-dest': 'empty',
  referer: 'http://localhost:5173/',
  'accept-encoding': 'gzip, deflate, br, zstd',
  'accept-language': 'en-US,en;q=0.9',
  'if-none-match': 'W/"204-CRR+/7AOQoN8LVxngVASJf/ZWsM"'
}
Bearer eyJhbGciOiJIUzI1NiIsInR5cCI6IkpXVCJ9.eyJpZCI6IjZhNGZkNTQ2NDQwMjVkMWU5YzlkODIzMSIsInJvbGUiOiJhZG1pbiIsImlhdCI6MTc4MzY5NzMzMCwiZXhwIjoxNzgzNjk4MjMwfQ.zAdMGvjzUEroTAtxZU4vZQjmHNu9M4BGmc0ojrLhpyE
{
  host: 'localhost:3000',
  connection: 'keep-alive',
  'sec-ch-ua-platform': '"Windows"',
  authorization: 'Bearer eyJhbGciOiJIUzI1NiIsInR5cCI6IkpXVCJ9.eyJpZCI6IjZhNGZkNTQ2NDQwMjVkMWU5YzlkODIzMSIsInJvbGUiOiJhZG1pbiIsImlhdCI6MTc4MzY5NzMzMCwiZXhwIjoxNzgzNjk4MjMwfQ.zAdMGvjzUEroTAtxZU4vZQjmHNu9M4BGmc0ojrLhpyE',
  'user-agent': 'Mozilla/5.0 (Windows NT 10.0; Win64; x64) AppleWebKit/537.36 (KHTML, like Gecko) Chrome/149.0.0.0 Safari/537.36',
  'sec-ch-ua': '"Google Chrome";v="149", "Chromium";v="149", "Not)A;Brand";v="24"',
  'sec-ch-ua-mobile': '?0',
  accept: '*/*',
  origin: 'http://localhost:5173',
  'sec-fetch-site': 'same-site',
  'sec-fetch-mode': 'cors',
  'sec-fetch-dest': 'empty',
  referer: 'http://localhost:5173/',
  'accept-encoding': 'gzip, deflate, br, zstd',
  'accept-language': 'en-US,en;q=0.9',
  'if-none-match': 'W/"cb-zbkJMFORwaV0I3joPCu3LGgZqo8"'
}
Bearer eyJhbGciOiJIUzI1NiIsInR5cCI6IkpXVCJ9.eyJpZCI6IjZhNGZkNTQ2NDQwMjVkMWU5YzlkODIzMSIsInJvbGUiOiJhZG1pbiIsImlhdCI6MTc4MzY5NzMzMCwiZXhwIjoxNzgzNjk4MjMwfQ.zAdMGvjzUEroTAtxZU4vZQjmHNu9M4BGmc0ojrLhpyE
{
  host: 'localhost:3000',
  connection: 'keep-alive',
  'sec-ch-ua-platform': '"Windows"',
  authorization: 'Bearer eyJhbGciOiJIUzI1NiIsInR5cCI6IkpXVCJ9.eyJpZCI6IjZhNGZkNTQ2NDQwMjVkMWU5YzlkODIzMSIsInJvbGUiOiJhZG1pbiIsImlhdCI6MTc4MzY5NzMzMCwiZXhwIjoxNzgzNjk4MjMwfQ.zAdMGvjzUEroTAtxZU4vZQjmHNu9M4BGmc0ojrLhpyE',
  'user-agent': 'Mozilla/5.0 (Windows NT 10.0; Win64; x64) AppleWebKit/537.36 (KHTML, like Gecko) Chrome/149.0.0.0 Safari/537.36',
  'sec-ch-ua': '"Google Chrome";v="149", "Chromium";v="149", "Not)A;Brand";v="24"',
  'sec-ch-ua-mobile': '?0',
  accept: '*/*',
  origin: 'http://localhost:5173',
  'sec-fetch-site': 'same-site',
  'sec-fetch-mode': 'cors',
  'sec-fetch-dest': 'empty',
  referer: 'http://localhost:5173/',
  'accept-encoding': 'gzip, deflate, br, zstd',
  'accept-language': 'en-US,en;q=0.9',
  'if-none-match': 'W/"204-CRR+/7AOQoN8LVxngVASJf/ZWsM"'
}
Bearer eyJhbGciOiJIUzI1NiIsInR5cCI6IkpXVCJ9.eyJpZCI6IjZhNGZkNTQ2NDQwMjVkMWU5YzlkODIzMSIsInJvbGUiOiJhZG1pbiIsImlhdCI6MTc4MzY5NzMzMCwiZXhwIjoxNzgzNjk4MjMwfQ.zAdMGvjzUEroTAtxZU4vZQjmHNu9M4BGmc0ojrLhpyE
{
  host: 'localhost:3000',
  connection: 'keep-alive',
  'sec-ch-ua-platform': '"Windows"',
  authorization: 'Bearer eyJhbGciOiJIUzI1NiIsInR5cCI6IkpXVCJ9.eyJpZCI6IjZhNGZkNTQ2NDQwMjVkMWU5YzlkODIzMSIsInJvbGUiOiJhZG1pbiIsImlhdCI6MTc4MzY5NzMzMCwiZXhwIjoxNzgzNjk4MjMwfQ.zAdMGvjzUEroTAtxZU4vZQjmHNu9M4BGmc0ojrLhpyE',
  'user-agent': 'Mozilla/5.0 (Windows NT 10.0; Win64; x64) AppleWebKit/537.36 (KHTML, like Gecko) Chrome/149.0.0.0 Safari/537.36',
  'sec-ch-ua': '"Google Chrome";v="149", "Chromium";v="149", "Not)A;Brand";v="24"',
  'sec-ch-ua-mobile': '?0',
  accept: '*/*',
  origin: 'http://localhost:5173',
  'sec-fetch-site': 'same-site',
  'sec-fetch-mode': 'cors',
  'sec-fetch-dest': 'empty',
  referer: 'http://localhost:5173/',
  'accept-encoding': 'gzip, deflate, br, zstd',
  'accept-language': 'en-US,en;q=0.9',
  'if-none-match': 'W/"cb-zbkJMFORwaV0I3joPCu3LGgZqo8"'
}
Bearer eyJhbGciOiJIUzI1NiIsInR5cCI6IkpXVCJ9.eyJpZCI6IjZhNGZkNTQ2NDQwMjVkMWU5YzlkODIzMSIsInJvbGUiOiJhZG1pbiIsImlhdCI6MTc4MzY5NzMzMCwiZXhwIjoxNzgzNjk4MjMwfQ.zAdMGvjzUEroTAtxZU4vZQjmHNu9M4BGmc0ojrLhpyE
{
  host: 'localhost:3000',
  connection: 'keep-alive',
  'sec-ch-ua-platform': '"Windows"',
  authorization: 'Bearer eyJhbGciOiJIUzI1NiIsInR5cCI6IkpXVCJ9.eyJpZCI6IjZhNGZkNTQ2NDQwMjVkMWU5YzlkODIzMSIsInJvbGUiOiJhZG1pbiIsImlhdCI6MTc4MzY5NzMzMCwiZXhwIjoxNzgzNjk4MjMwfQ.zAdMGvjzUEroTAtxZU4vZQjmHNu9M4BGmc0ojrLhpyE',
  'user-agent': 'Mozilla/5.0 (Windows NT 10.0; Win64; x64) AppleWebKit/537.36 (KHTML, like Gecko) Chrome/149.0.0.0 Safari/537.36',
  'sec-ch-ua': '"Google Chrome";v="149", "Chromium";v="149", "Not)A;Brand";v="24"',
  'sec-ch-ua-mobile': '?0',
  accept: '*/*',
  origin: 'http://localhost:5173',
  'sec-fetch-site': 'same-site',
  'sec-fetch-mode': 'cors',
  'sec-fetch-dest': 'empty',
  referer: 'http://localhost:5173/',
  'accept-encoding': 'gzip, deflate, br, zstd',
  'accept-language': 'en-US,en;q=0.9',
  'if-none-match': 'W/"204-CRR+/7AOQoN8LVxngVASJf/ZWsM"'
}
Bearer eyJhbGciOiJIUzI1NiIsInR5cCI6IkpXVCJ9.eyJpZCI6IjZhNGZkNTQ2NDQwMjVkMWU5YzlkODIzMSIsInJvbGUiOiJhZG1pbiIsImlhdCI6MTc4MzY5NzMzMCwiZXhwIjoxNzgzNjk4MjMwfQ.zAdMGvjzUEroTAtxZU4vZQjmHNu9M4BGmc0ojrLhpyE
{
  host: 'localhost:3000',
  connection: 'keep-alive',
  'sec-ch-ua-platform': '"Windows"',
  authorization: 'Bearer eyJhbGciOiJIUzI1NiIsInR5cCI6IkpXVCJ9.eyJpZCI6IjZhNGZkNTQ2NDQwMjVkMWU5YzlkODIzMSIsInJvbGUiOiJhZG1pbiIsImlhdCI6MTc4MzY5NzMzMCwiZXhwIjoxNzgzNjk4MjMwfQ.zAdMGvjzUEroTAtxZU4vZQjmHNu9M4BGmc0ojrLhpyE',
  'user-agent': 'Mozilla/5.0 (Windows NT 10.0; Win64; x64) AppleWebKit/537.36 (KHTML, like Gecko) Chrome/149.0.0.0 Safari/537.36',
  'sec-ch-ua': '"Google Chrome";v="149", "Chromium";v="149", "Not)A;Brand";v="24"',
  'sec-ch-ua-mobile': '?0',
  accept: '*/*',
  origin: 'http://localhost:5173',
  'sec-fetch-site': 'same-site',
  'sec-fetch-mode': 'cors',
  'sec-fetch-dest': 'empty',
  referer: 'http://localhost:5173/',
  'accept-encoding': 'gzip, deflate, br, zstd',
  'accept-language': 'en-US,en;q=0.9',
  'if-none-match': 'W/"cb-zbkJMFORwaV0I3joPCu3LGgZqo8"'
}
Bearer eyJhbGciOiJIUzI1NiIsInR5cCI6IkpXVCJ9.eyJpZCI6IjZhNGZkNTQ2NDQwMjVkMWU5YzlkODIzMSIsInJvbGUiOiJhZG1pbiIsImlhdCI6MTc4MzY5NzMzMCwiZXhwIjoxNzgzNjk4MjMwfQ.zAdMGvjzUEroTAtxZU4vZQjmHNu9M4BGmc0ojrLhpyE
{
  host: 'localhost:3000',
  connection: 'keep-alive',
  'sec-ch-ua-platform': '"Windows"',
  authorization: 'Bearer eyJhbGciOiJIUzI1NiIsInR5cCI6IkpXVCJ9.eyJpZCI6IjZhNGZkNTQ2NDQwMjVkMWU5YzlkODIzMSIsInJvbGUiOiJhZG1pbiIsImlhdCI6MTc4MzY5NzMzMCwiZXhwIjoxNzgzNjk4MjMwfQ.zAdMGvjzUEroTAtxZU4vZQjmHNu9M4BGmc0ojrLhpyE',
  'user-agent': 'Mozilla/5.0 (Windows NT 10.0; Win64; x64) AppleWebKit/537.36 (KHTML, like Gecko) Chrome/149.0.0.0 Safari/537.36',
  'sec-ch-ua': '"Google Chrome";v="149", "Chromium";v="149", "Not)A;Brand";v="24"',
  'sec-ch-ua-mobile': '?0',
  accept: '*/*',
  origin: 'http://localhost:5173',
  'sec-fetch-site': 'same-site',
  'sec-fetch-mode': 'cors',
  'sec-fetch-dest': 'empty',
  referer: 'http://localhost:5173/',
  'accept-encoding': 'gzip, deflate, br, zstd',
  'accept-language': 'en-US,en;q=0.9',
  'if-none-match': 'W/"cb-zbkJMFORwaV0I3joPCu3LGgZqo8"'
}
Bearer eyJhbGciOiJIUzI1NiIsInR5cCI6IkpXVCJ9.eyJpZCI6IjZhNGZkNTQ2NDQwMjVkMWU5YzlkODIzMSIsInJvbGUiOiJhZG1pbiIsImlhdCI6MTc4MzY5NzMzMCwiZXhwIjoxNzgzNjk4MjMwfQ.zAdMGvjzUEroTAtxZU4vZQjmHNu9M4BGmc0ojrLhpyE
{
  host: 'localhost:3000',
  connection: 'keep-alive',
  'sec-ch-ua-platform': '"Windows"',
  authorization: 'Bearer eyJhbGciOiJIUzI1NiIsInR5cCI6IkpXVCJ9.eyJpZCI6IjZhNGZkNTQ2NDQwMjVkMWU5YzlkODIzMSIsInJvbGUiOiJhZG1pbiIsImlhdCI6MTc4MzY5NzMzMCwiZXhwIjoxNzgzNjk4MjMwfQ.zAdMGvjzUEroTAtxZU4vZQjmHNu9M4BGmc0ojrLhpyE',
  'user-agent': 'Mozilla/5.0 (Windows NT 10.0; Win64; x64) AppleWebKit/537.36 (KHTML, like Gecko) Chrome/149.0.0.0 Safari/537.36',
  'sec-ch-ua': '"Google Chrome";v="149", "Chromium";v="149", "Not)A;Brand";v="24"',
  'sec-ch-ua-mobile': '?0',
  accept: '*/*',
  origin: 'http://localhost:5173',
  'sec-fetch-site': 'same-site',
  'sec-fetch-mode': 'cors',
  'sec-fetch-dest': 'empty',
  referer: 'http://localhost:5173/',
  'accept-encoding': 'gzip, deflate, br, zstd',
  'accept-language': 'en-US,en;q=0.9',
  'if-none-match': 'W/"204-CRR+/7AOQoN8LVxngVASJf/ZWsM"'
}
Bearer eyJhbGciOiJIUzI1NiIsInR5cCI6IkpXVCJ9.eyJpZCI6IjZhNGZkNTQ2NDQwMjVkMWU5YzlkODIzMSIsInJvbGUiOiJhZG1pbiIsImlhdCI6MTc4MzY5NzMzMCwiZXhwIjoxNzgzNjk4MjMwfQ.zAdMGvjzUEroTAtxZU4vZQjmHNu9M4BGmc0ojrLhpyE
{
  host: 'localhost:3000',
  connection: 'keep-alive',
  'sec-ch-ua-platform': '"Windows"',
  authorization: 'Bearer eyJhbGciOiJIUzI1NiIsInR5cCI6IkpXVCJ9.eyJpZCI6IjZhNGZkNTQ2NDQwMjVkMWU5YzlkODIzMSIsInJvbGUiOiJhZG1pbiIsImlhdCI6MTc4MzY5NzMzMCwiZXhwIjoxNzgzNjk4MjMwfQ.zAdMGvjzUEroTAtxZU4vZQjmHNu9M4BGmc0ojrLhpyE',
  'user-agent': 'Mozilla/5.0 (Windows NT 10.0; Win64; x64) AppleWebKit/537.36 (KHTML, like Gecko) Chrome/149.0.0.0 Safari/537.36',
  'sec-ch-ua': '"Google Chrome";v="149", "Chromium";v="149", "Not)A;Brand";v="24"',
  'sec-ch-ua-mobile': '?0',
  accept: '*/*',
  origin: 'http://localhost:5173',
  'sec-fetch-site': 'same-site',
  'sec-fetch-mode': 'cors',
  'sec-fetch-dest': 'empty',
  referer: 'http://localhost:5173/',
  'accept-encoding': 'gzip, deflate, br, zstd',
  'accept-language': 'en-US,en;q=0.9',
  'if-none-match': 'W/"120a-PZGY+6cB2ihsdc/edngZtbCcSi8"'
}
Bearer eyJhbGciOiJIUzI1NiIsInR5cCI6IkpXVCJ9.eyJpZCI6IjZhNGZkNTQ2NDQwMjVkMWU5YzlkODIzMSIsInJvbGUiOiJhZG1pbiIsImlhdCI6MTc4MzY5NzMzMCwiZXhwIjoxNzgzNjk4MjMwfQ.zAdMGvjzUEroTAtxZU4vZQjmHNu9M4BGmc0ojrLhpyE
admin
{
  host: 'localhost:3000',
  connection: 'keep-alive',
  'sec-ch-ua-platform': '"Windows"',
  authorization: 'Bearer eyJhbGciOiJIUzI1NiIsInR5cCI6IkpXVCJ9.eyJpZCI6IjZhNGZkNTQ2NDQwMjVkMWU5YzlkODIzMSIsInJvbGUiOiJhZG1pbiIsImlhdCI6MTc4MzY5NzMzMCwiZXhwIjoxNzgzNjk4MjMwfQ.zAdMGvjzUEroTAtxZU4vZQjmHNu9M4BGmc0ojrLhpyE',
  'user-agent': 'Mozilla/5.0 (Windows NT 10.0; Win64; x64) AppleWebKit/537.36 (KHTML, like Gecko) Chrome/149.0.0.0 Safari/537.36',
  'sec-ch-ua': '"Google Chrome";v="149", "Chromium";v="149", "Not)A;Brand";v="24"',
  'sec-ch-ua-mobile': '?0',
  accept: '*/*',
  origin: 'http://localhost:5173',
  'sec-fetch-site': 'same-site',
  'sec-fetch-mode': 'cors',
  'sec-fetch-dest': 'empty',
  referer: 'http://localhost:5173/',
  'accept-encoding': 'gzip, deflate, br, zstd',
  'accept-language': 'en-US,en;q=0.9',
  'if-none-match': 'W/"120a-PZGY+6cB2ihsdc/edngZtbCcSi8"'
}
Bearer eyJhbGciOiJIUzI1NiIsInR5cCI6IkpXVCJ9.eyJpZCI6IjZhNGZkNTQ2NDQwMjVkMWU5YzlkODIzMSIsInJvbGUiOiJhZG1pbiIsImlhdCI6MTc4MzY5NzMzMCwiZXhwIjoxNzgzNjk4MjMwfQ.zAdMGvjzUEroTAtxZU4vZQjmHNu9M4BGmc0ojrLhpyE
admin
{
  host: 'localhost:3000',
  connection: 'keep-alive',
  'sec-ch-ua-platform': '"Windows"',
  authorization: 'Bearer eyJhbGciOiJIUzI1NiIsInR5cCI6IkpXVCJ9.eyJpZCI6IjZhNGZkNTQ2NDQwMjVkMWU5YzlkODIzMSIsInJvbGUiOiJhZG1pbiIsImlhdCI6MTc4MzY5NzMzMCwiZXhwIjoxNzgzNjk4MjMwfQ.zAdMGvjzUEroTAtxZU4vZQjmHNu9M4BGmc0ojrLhpyE',
  'user-agent': 'Mozilla/5.0 (Windows NT 10.0; Win64; x64) AppleWebKit/537.36 (KHTML, like Gecko) Chrome/149.0.0.0 Safari/537.36',
  'sec-ch-ua': '"Google Chrome";v="149", "Chromium";v="149", "Not)A;Brand";v="24"',
  'sec-ch-ua-mobile': '?0',
  accept: '*/*',
  origin: 'http://localhost:5173',
  'sec-fetch-site': 'same-site',
  'sec-fetch-mode': 'cors',
  'sec-fetch-dest': 'empty',
  referer: 'http://localhost:5173/',
  'accept-encoding': 'gzip, deflate, br, zstd',
  'accept-language': 'en-US,en;q=0.9',
  'if-none-match': 'W/"204-CRR+/7AOQoN8LVxngVASJf/ZWsM"'
}
Bearer eyJhbGciOiJIUzI1NiIsInR5cCI6IkpXVCJ9.eyJpZCI6IjZhNGZkNTQ2NDQwMjVkMWU5YzlkODIzMSIsInJvbGUiOiJhZG1pbiIsImlhdCI6MTc4MzY5NzMzMCwiZXhwIjoxNzgzNjk4MjMwfQ.zAdMGvjzUEroTAtxZU4vZQjmHNu9M4BGmc0ojrLhpyE
admin
{
  host: 'localhost:3000',
  connection: 'keep-alive',
  'sec-ch-ua-platform': '"Windows"',
  authorization: 'Bearer eyJhbGciOiJIUzI1NiIsInR5cCI6IkpXVCJ9.eyJpZCI6IjZhNGZkNTQ2NDQwMjVkMWU5YzlkODIzMSIsInJvbGUiOiJhZG1pbiIsImlhdCI6MTc4MzY5NzMzMCwiZXhwIjoxNzgzNjk4MjMwfQ.zAdMGvjzUEroTAtxZU4vZQjmHNu9M4BGmc0ojrLhpyE',
  'user-agent': 'Mozilla/5.0 (Windows NT 10.0; Win64; x64) AppleWebKit/537.36 (KHTML, like Gecko) Chrome/149.0.0.0 Safari/537.36',
  'sec-ch-ua': '"Google Chrome";v="149", "Chromium";v="149", "Not)A;Brand";v="24"',
  'sec-ch-ua-mobile': '?0',
  accept: '*/*',
  origin: 'http://localhost:5173',
  'sec-fetch-site': 'same-site',
  'sec-fetch-mode': 'cors',
  'sec-fetch-dest': 'empty',
  referer: 'http://localhost:5173/',
  'accept-encoding': 'gzip, deflate, br, zstd',
  'accept-language': 'en-US,en;q=0.9',
  'if-none-match': 'W/"120a-PZGY+6cB2ihsdc/edngZtbCcSi8"'
}
Bearer eyJhbGciOiJIUzI1NiIsInR5cCI6IkpXVCJ9.eyJpZCI6IjZhNGZkNTQ2NDQwMjVkMWU5YzlkODIzMSIsInJvbGUiOiJhZG1pbiIsImlhdCI6MTc4MzY5NzMzMCwiZXhwIjoxNzgzNjk4MjMwfQ.zAdMGvjzUEroTAtxZU4vZQjmHNu9M4BGmc0ojrLhpyE
{
  host: 'localhost:3000',
  connection: 'keep-alive',
  'sec-ch-ua-platform': '"Windows"',
  authorization: 'Bearer eyJhbGciOiJIUzI1NiIsInR5cCI6IkpXVCJ9.eyJpZCI6IjZhNGZkNTQ2NDQwMjVkMWU5YzlkODIzMSIsInJvbGUiOiJhZG1pbiIsImlhdCI6MTc4MzY5NzMzMCwiZXhwIjoxNzgzNjk4MjMwfQ.zAdMGvjzUEroTAtxZU4vZQjmHNu9M4BGmc0ojrLhpyE',
  'user-agent': 'Mozilla/5.0 (Windows NT 10.0; Win64; x64) AppleWebKit/537.36 (KHTML, like Gecko) Chrome/149.0.0.0 Safari/537.36',
  'sec-ch-ua': '"Google Chrome";v="149", "Chromium";v="149", "Not)A;Brand";v="24"',
  'sec-ch-ua-mobile': '?0',
  accept: '*/*',
  origin: 'http://localhost:5173',
  'sec-fetch-site': 'same-site',
  'sec-fetch-mode': 'cors',
  'sec-fetch-dest': 'empty',
  referer: 'http://localhost:5173/',
  'accept-encoding': 'gzip, deflate, br, zstd',
  'accept-language': 'en-US,en;q=0.9',
  'if-none-match': 'W/"cb-zbkJMFORwaV0I3joPCu3LGgZqo8"'
}
Bearer eyJhbGciOiJIUzI1NiIsInR5cCI6IkpXVCJ9.eyJpZCI6IjZhNGZkNTQ2NDQwMjVkMWU5YzlkODIzMSIsInJvbGUiOiJhZG1pbiIsImlhdCI6MTc4MzY5NzMzMCwiZXhwIjoxNzgzNjk4MjMwfQ.zAdMGvjzUEroTAtxZU4vZQjmHNu9M4BGmc0ojrLhpyE
{
  host: 'localhost:3000',
  connection: 'keep-alive',
  'sec-ch-ua-platform': '"Windows"',
  authorization: 'Bearer eyJhbGciOiJIUzI1NiIsInR5cCI6IkpXVCJ9.eyJpZCI6IjZhNGZkNTQ2NDQwMjVkMWU5YzlkODIzMSIsInJvbGUiOiJhZG1pbiIsImlhdCI6MTc4MzY5NzMzMCwiZXhwIjoxNzgzNjk4MjMwfQ.zAdMGvjzUEroTAtxZU4vZQjmHNu9M4BGmc0ojrLhpyE',
  'user-agent': 'Mozilla/5.0 (Windows NT 10.0; Win64; x64) AppleWebKit/537.36 (KHTML, like Gecko) Chrome/149.0.0.0 Safari/537.36',
  'sec-ch-ua': '"Google Chrome";v="149", "Chromium";v="149", "Not)A;Brand";v="24"',
  'sec-ch-ua-mobile': '?0',
  accept: '*/*',
  origin: 'http://localhost:5173',
  'sec-fetch-site': 'same-site',
  'sec-fetch-mode': 'cors',
  'sec-fetch-dest': 'empty',
  referer: 'http://localhost:5173/',
  'accept-encoding': 'gzip, deflate, br, zstd',
  'accept-language': 'en-US,en;q=0.9',
  'if-none-match': 'W/"204-CRR+/7AOQoN8LVxngVASJf/ZWsM"'
}
Bearer eyJhbGciOiJIUzI1NiIsInR5cCI6IkpXVCJ9.eyJpZCI6IjZhNGZkNTQ2NDQwMjVkMWU5YzlkODIzMSIsInJvbGUiOiJhZG1pbiIsImlhdCI6MTc4MzY5NzMzMCwiZXhwIjoxNzgzNjk4MjMwfQ.zAdMGvjzUEroTAtxZU4vZQjmHNu9M4BGmc0ojrLhpyE
{
  host: 'localhost:3000',
  connection: 'keep-alive',
  'sec-ch-ua-platform': '"Windows"',
  authorization: 'Bearer eyJhbGciOiJIUzI1NiIsInR5cCI6IkpXVCJ9.eyJpZCI6IjZhNGZkNTQ2NDQwMjVkMWU5YzlkODIzMSIsInJvbGUiOiJhZG1pbiIsImlhdCI6MTc4MzY5NzMzMCwiZXhwIjoxNzgzNjk4MjMwfQ.zAdMGvjzUEroTAtxZU4vZQjmHNu9M4BGmc0ojrLhpyE',
  'user-agent': 'Mozilla/5.0 (Windows NT 10.0; Win64; x64) AppleWebKit/537.36 (KHTML, like Gecko) Chrome/149.0.0.0 Safari/537.36',
  'sec-ch-ua': '"Google Chrome";v="149", "Chromium";v="149", "Not)A;Brand";v="24"',
  'sec-ch-ua-mobile': '?0',
  accept: '*/*',
  origin: 'http://localhost:5173',
  'sec-fetch-site': 'same-site',
  'sec-fetch-mode': 'cors',
  'sec-fetch-dest': 'empty',
  referer: 'http://localhost:5173/',
  'accept-encoding': 'gzip, deflate, br, zstd',
  'accept-language': 'en-US,en;q=0.9',
  'if-none-match': 'W/"120a-PZGY+6cB2ihsdc/edngZtbCcSi8"'
}
Bearer eyJhbGciOiJIUzI1NiIsInR5cCI6IkpXVCJ9.eyJpZCI6IjZhNGZkNTQ2NDQwMjVkMWU5YzlkODIzMSIsInJvbGUiOiJhZG1pbiIsImlhdCI6MTc4MzY5NzMzMCwiZXhwIjoxNzgzNjk4MjMwfQ.zAdMGvjzUEroTAtxZU4vZQjmHNu9M4BGmc0ojrLhpyE
{
  host: 'localhost:3000',
  connection: 'keep-alive',
  'sec-ch-ua-platform': '"Windows"',
  authorization: 'Bearer eyJhbGciOiJIUzI1NiIsInR5cCI6IkpXVCJ9.eyJpZCI6IjZhNGZkNTQ2NDQwMjVkMWU5YzlkODIzMSIsInJvbGUiOiJhZG1pbiIsImlhdCI6MTc4MzY5NzMzMCwiZXhwIjoxNzgzNjk4MjMwfQ.zAdMGvjzUEroTAtxZU4vZQjmHNu9M4BGmc0ojrLhpyE',
  'user-agent': 'Mozilla/5.0 (Windows NT 10.0; Win64; x64) AppleWebKit/537.36 (KHTML, like Gecko) Chrome/149.0.0.0 Safari/537.36',
  'sec-ch-ua': '"Google Chrome";v="149", "Chromium";v="149", "Not)A;Brand";v="24"',
  'sec-ch-ua-mobile': '?0',
  accept: '*/*',
  origin: 'http://localhost:5173',
  'sec-fetch-site': 'same-site',
  'sec-fetch-mode': 'cors',
  'sec-fetch-dest': 'empty',
  referer: 'http://localhost:5173/',
  'accept-encoding': 'gzip, deflate, br, zstd',
  'accept-language': 'en-US,en;q=0.9',
  'if-none-match': 'W/"cb-zbkJMFORwaV0I3joPCu3LGgZqo8"'
}
Bearer eyJhbGciOiJIUzI1NiIsInR5cCI6IkpXVCJ9.eyJpZCI6IjZhNGZkNTQ2NDQwMjVkMWU5YzlkODIzMSIsInJvbGUiOiJhZG1pbiIsImlhdCI6MTc4MzY5NzMzMCwiZXhwIjoxNzgzNjk4MjMwfQ.zAdMGvjzUEroTAtxZU4vZQjmHNu9M4BGmc0ojrLhpyE
admin
admin
admin
admin
admin
admin
admin
{
  host: 'localhost:3000',
  connection: 'keep-alive',
  'sec-ch-ua-platform': '"Windows"',
  authorization: 'Bearer eyJhbGciOiJIUzI1NiIsInR5cCI6IkpXVCJ9.eyJpZCI6IjZhNGZkNTQ2NDQwMjVkMWU5YzlkODIzMSIsInJvbGUiOiJhZG1pbiIsImlhdCI6MTc4MzY5NzMzMCwiZXhwIjoxNzgzNjk4MjMwfQ.zAdMGvjzUEroTAtxZU4vZQjmHNu9M4BGmc0ojrLhpyE',
  'user-agent': 'Mozilla/5.0 (Windows NT 10.0; Win64; x64) AppleWebKit/537.36 (KHTML, like Gecko) Chrome/149.0.0.0 Safari/537.36',
  'sec-ch-ua': '"Google Chrome";v="149", "Chromium";v="149", "Not)A;Brand";v="24"',
  'sec-ch-ua-mobile': '?0',
  accept: '*/*',
  origin: 'http://localhost:5173',
  'sec-fetch-site': 'same-site',
  'sec-fetch-mode': 'cors',
  'sec-fetch-dest': 'empty',
  referer: 'http://localhost:5173/',
  'accept-encoding': 'gzip, deflate, br, zstd',
  'accept-language': 'en-US,en;q=0.9',
  'if-none-match': 'W/"204-CRR+/7AOQoN8LVxngVASJf/ZWsM"'
}
Bearer eyJhbGciOiJIUzI1NiIsInR5cCI6IkpXVCJ9.eyJpZCI6IjZhNGZkNTQ2NDQwMjVkMWU5YzlkODIzMSIsInJvbGUiOiJhZG1pbiIsImlhdCI6MTc4MzY5NzMzMCwiZXhwIjoxNzgzNjk4MjMwfQ.zAdMGvjzUEroTAtxZU4vZQjmHNu9M4BGmc0ojrLhpyE
{
  host: 'localhost:3000',
  connection: 'keep-alive',
  'sec-ch-ua-platform': '"Windows"',
  authorization: 'Bearer eyJhbGciOiJIUzI1NiIsInR5cCI6IkpXVCJ9.eyJpZCI6IjZhNGZkNTQ2NDQwMjVkMWU5YzlkODIzMSIsInJvbGUiOiJhZG1pbiIsImlhdCI6MTc4MzY5NzMzMCwiZXhwIjoxNzgzNjk4MjMwfQ.zAdMGvjzUEroTAtxZU4vZQjmHNu9M4BGmc0ojrLhpyE',
  'user-agent': 'Mozilla/5.0 (Windows NT 10.0; Win64; x64) AppleWebKit/537.36 (KHTML, like Gecko) Chrome/149.0.0.0 Safari/537.36',
  'sec-ch-ua': '"Google Chrome";v="149", "Chromium";v="149", "Not)A;Brand";v="24"',
  'sec-ch-ua-mobile': '?0',
  accept: '*/*',
  origin: 'http://localhost:5173',
  'sec-fetch-site': 'same-site',
  'sec-fetch-mode': 'cors',
  'sec-fetch-dest': 'empty',
  referer: 'http://localhost:5173/',
  'accept-encoding': 'gzip, deflate, br, zstd',
  'accept-language': 'en-US,en;q=0.9',
  'if-none-match': 'W/"204-CRR+/7AOQoN8LVxngVASJf/ZWsM"'
}
Bearer eyJhbGciOiJIUzI1NiIsInR5cCI6IkpXVCJ9.eyJpZCI6IjZhNGZkNTQ2NDQwMjVkMWU5YzlkODIzMSIsInJvbGUiOiJhZG1pbiIsImlhdCI6MTc4MzY5NzMzMCwiZXhwIjoxNzgzNjk4MjMwfQ.zAdMGvjzUEroTAtxZU4vZQjmHNu9M4BGmc0ojrLhpyE
{
  host: 'localhost:3000',
  connection: 'keep-alive',
  'sec-ch-ua-platform': '"Windows"',
  authorization: 'Bearer eyJhbGciOiJIUzI1NiIsInR5cCI6IkpXVCJ9.eyJpZCI6IjZhNGZkNTQ2NDQwMjVkMWU5YzlkODIzMSIsInJvbGUiOiJhZG1pbiIsImlhdCI6MTc4MzY5NzMzMCwiZXhwIjoxNzgzNjk4MjMwfQ.zAdMGvjzUEroTAtxZU4vZQjmHNu9M4BGmc0ojrLhpyE',
  'user-agent': 'Mozilla/5.0 (Windows NT 10.0; Win64; x64) AppleWebKit/537.36 (KHTML, like Gecko) Chrome/149.0.0.0 Safari/537.36',
  'sec-ch-ua': '"Google Chrome";v="149", "Chromium";v="149", "Not)A;Brand";v="24"',
  'sec-ch-ua-mobile': '?0',
  accept: '*/*',
  origin: 'http://localhost:5173',
  'sec-fetch-site': 'same-site',
  'sec-fetch-mode': 'cors',
  'sec-fetch-dest': 'empty',
  referer: 'http://localhost:5173/',
  'accept-encoding': 'gzip, deflate, br, zstd',
  'accept-language': 'en-US,en;q=0.9',
  'if-none-match': 'W/"cb-zbkJMFORwaV0I3joPCu3LGgZqo8"'
}
Bearer eyJhbGciOiJIUzI1NiIsInR5cCI6IkpXVCJ9.eyJpZCI6IjZhNGZkNTQ2NDQwMjVkMWU5YzlkODIzMSIsInJvbGUiOiJhZG1pbiIsImlhdCI6MTc4MzY5NzMzMCwiZXhwIjoxNzgzNjk4MjMwfQ.zAdMGvjzUEroTAtxZU4vZQjmHNu9M4BGmc0ojrLhpyE
{
  host: 'localhost:3000',
  connection: 'keep-alive',
  'sec-ch-ua-platform': '"Windows"',
  authorization: 'Bearer eyJhbGciOiJIUzI1NiIsInR5cCI6IkpXVCJ9.eyJpZCI6IjZhNGZkNTQ2NDQwMjVkMWU5YzlkODIzMSIsInJvbGUiOiJhZG1pbiIsImlhdCI6MTc4MzY5NzMzMCwiZXhwIjoxNzgzNjk4MjMwfQ.zAdMGvjzUEroTAtxZU4vZQjmHNu9M4BGmc0ojrLhpyE',
  'user-agent': 'Mozilla/5.0 (Windows NT 10.0; Win64; x64) AppleWebKit/537.36 (KHTML, like Gecko) Chrome/149.0.0.0 Safari/537.36',
  'sec-ch-ua': '"Google Chrome";v="149", "Chromium";v="149", "Not)A;Brand";v="24"',
  'sec-ch-ua-mobile': '?0',
  accept: '*/*',
  origin: 'http://localhost:5173',
  'sec-fetch-site': 'same-site',
  'sec-fetch-mode': 'cors',
  'sec-fetch-dest': 'empty',
  referer: 'http://localhost:5173/',
  'accept-encoding': 'gzip, deflate, br, zstd',
  'accept-language': 'en-US,en;q=0.9',
  'if-none-match': 'W/"cb-zbkJMFORwaV0I3joPCu3LGgZqo8"'
}
Bearer eyJhbGciOiJIUzI1NiIsInR5cCI6IkpXVCJ9.eyJpZCI6IjZhNGZkNTQ2NDQwMjVkMWU5YzlkODIzMSIsInJvbGUiOiJhZG1pbiIsImlhdCI6MTc4MzY5NzMzMCwiZXhwIjoxNzgzNjk4MjMwfQ.zAdMGvjzUEroTAtxZU4vZQjmHNu9M4BGmc0ojrLhpyE
{
  host: 'localhost:3000',
  connection: 'keep-alive',
  'sec-ch-ua-platform': '"Windows"',
  authorization: 'Bearer eyJhbGciOiJIUzI1NiIsInR5cCI6IkpXVCJ9.eyJpZCI6IjZhNGZkNTQ2NDQwMjVkMWU5YzlkODIzMSIsInJvbGUiOiJhZG1pbiIsImlhdCI6MTc4MzY5NzMzMCwiZXhwIjoxNzgzNjk4MjMwfQ.zAdMGvjzUEroTAtxZU4vZQjmHNu9M4BGmc0ojrLhpyE',
  'user-agent': 'Mozilla/5.0 (Windows NT 10.0; Win64; x64) AppleWebKit/537.36 (KHTML, like Gecko) Chrome/149.0.0.0 Safari/537.36',
  'sec-ch-ua': '"Google Chrome";v="149", "Chromium";v="149", "Not)A;Brand";v="24"',
  'sec-ch-ua-mobile': '?0',
  accept: '*/*',
  origin: 'http://localhost:5173',
  'sec-fetch-site': 'same-site',
  'sec-fetch-mode': 'cors',
  'sec-fetch-dest': 'empty',
  referer: 'http://localhost:5173/',
  'accept-encoding': 'gzip, deflate, br, zstd',
  'accept-language': 'en-US,en;q=0.9',
  'if-none-match': 'W/"204-CRR+/7AOQoN8LVxngVASJf/ZWsM"'
}
Bearer eyJhbGciOiJIUzI1NiIsInR5cCI6IkpXVCJ9.eyJpZCI6IjZhNGZkNTQ2NDQwMjVkMWU5YzlkODIzMSIsInJvbGUiOiJhZG1pbiIsImlhdCI6MTc4MzY5NzMzMCwiZXhwIjoxNzgzNjk4MjMwfQ.zAdMGvjzUEroTAtxZU4vZQjmHNu9M4BGmc0ojrLhpyE
{
  host: 'localhost:3000',
  connection: 'keep-alive',
  'sec-ch-ua-platform': '"Windows"',
  authorization: 'Bearer eyJhbGciOiJIUzI1NiIsInR5cCI6IkpXVCJ9.eyJpZCI6IjZhNGZkNTQ2NDQwMjVkMWU5YzlkODIzMSIsInJvbGUiOiJhZG1pbiIsImlhdCI6MTc4MzY5NzMzMCwiZXhwIjoxNzgzNjk4MjMwfQ.zAdMGvjzUEroTAtxZU4vZQjmHNu9M4BGmc0ojrLhpyE',
  'user-agent': 'Mozilla/5.0 (Windows NT 10.0; Win64; x64) AppleWebKit/537.36 (KHTML, like Gecko) Chrome/149.0.0.0 Safari/537.36',
  'sec-ch-ua': '"Google Chrome";v="149", "Chromium";v="149", "Not)A;Brand";v="24"',
  'sec-ch-ua-mobile': '?0',
  accept: '*/*',
  origin: 'http://localhost:5173',
  'sec-fetch-site': 'same-site',
  'sec-fetch-mode': 'cors',
  'sec-fetch-dest': 'empty',
  referer: 'http://localhost:5173/',
  'accept-encoding': 'gzip, deflate, br, zstd',
  'accept-language': 'en-US,en;q=0.9',
  'if-none-match': 'W/"204-CRR+/7AOQoN8LVxngVASJf/ZWsM"'
}
Bearer eyJhbGciOiJIUzI1NiIsInR5cCI6IkpXVCJ9.eyJpZCI6IjZhNGZkNTQ2NDQwMjVkMWU5YzlkODIzMSIsInJvbGUiOiJhZG1pbiIsImlhdCI6MTc4MzY5NzMzMCwiZXhwIjoxNzgzNjk4MjMwfQ.zAdMGvjzUEroTAtxZU4vZQjmHNu9M4BGmc0ojrLhpyE
{
  host: 'localhost:3000',
  connection: 'keep-alive',
  'sec-ch-ua-platform': '"Windows"',
  authorization: 'Bearer eyJhbGciOiJIUzI1NiIsInR5cCI6IkpXVCJ9.eyJpZCI6IjZhNGZkNTQ2NDQwMjVkMWU5YzlkODIzMSIsInJvbGUiOiJhZG1pbiIsImlhdCI6MTc4MzY5NzMzMCwiZXhwIjoxNzgzNjk4MjMwfQ.zAdMGvjzUEroTAtxZU4vZQjmHNu9M4BGmc0ojrLhpyE',
  'user-agent': 'Mozilla/5.0 (Windows NT 10.0; Win64; x64) AppleWebKit/537.36 (KHTML, like Gecko) Chrome/149.0.0.0 Safari/537.36',
  'sec-ch-ua': '"Google Chrome";v="149", "Chromium";v="149", "Not)A;Brand";v="24"',
  'sec-ch-ua-mobile': '?0',
  accept: '*/*',
  origin: 'http://localhost:5173',
  'sec-fetch-site': 'same-site',
  'sec-fetch-mode': 'cors',
  'sec-fetch-dest': 'empty',
  referer: 'http://localhost:5173/',
  'accept-encoding': 'gzip, deflate, br, zstd',
  'accept-language': 'en-US,en;q=0.9',
  'if-none-match': 'W/"1fa-UqTDqrolLXxhp+9xSOsVLIDPhos"'
}
Bearer eyJhbGciOiJIUzI1NiIsInR5cCI6IkpXVCJ9.eyJpZCI6IjZhNGZkNTQ2NDQwMjVkMWU5YzlkODIzMSIsInJvbGUiOiJhZG1pbiIsImlhdCI6MTc4MzY5NzMzMCwiZXhwIjoxNzgzNjk4MjMwfQ.zAdMGvjzUEroTAtxZU4vZQjmHNu9M4BGmc0ojrLhpyE
{
  host: 'localhost:3000',
  connection: 'keep-alive',
  'sec-ch-ua-platform': '"Windows"',
  authorization: 'Bearer eyJhbGciOiJIUzI1NiIsInR5cCI6IkpXVCJ9.eyJpZCI6IjZhNGZkNTQ2NDQwMjVkMWU5YzlkODIzMSIsInJvbGUiOiJhZG1pbiIsImlhdCI6MTc4MzY5NzMzMCwiZXhwIjoxNzgzNjk4MjMwfQ.zAdMGvjzUEroTAtxZU4vZQjmHNu9M4BGmc0ojrLhpyE',
  'user-agent': 'Mozilla/5.0 (Windows NT 10.0; Win64; x64) AppleWebKit/537.36 (KHTML, like Gecko) Chrome/149.0.0.0 Safari/537.36',
  'sec-ch-ua': '"Google Chrome";v="149", "Chromium";v="149", "Not)A;Brand";v="24"',
  'sec-ch-ua-mobile': '?0',
  accept: '*/*',
  origin: 'http://localhost:5173',
  'sec-fetch-site': 'same-site',
  'sec-fetch-mode': 'cors',
  'sec-fetch-dest': 'empty',
  referer: 'http://localhost:5173/',
  'accept-encoding': 'gzip, deflate, br, zstd',
  'accept-language': 'en-US,en;q=0.9'
}
Bearer eyJhbGciOiJIUzI1NiIsInR5cCI6IkpXVCJ9.eyJpZCI6IjZhNGZkNTQ2NDQwMjVkMWU5YzlkODIzMSIsInJvbGUiOiJhZG1pbiIsImlhdCI6MTc4MzY5NzMzMCwiZXhwIjoxNzgzNjk4MjMwfQ.zAdMGvjzUEroTAtxZU4vZQjmHNu9M4BGmc0ojrLhpyE
{
  host: 'localhost:3000',
  connection: 'keep-alive',
  'sec-ch-ua-platform': '"Windows"',
  authorization: 'Bearer eyJhbGciOiJIUzI1NiIsInR5cCI6IkpXVCJ9.eyJpZCI6IjZhNGZkNTQ2NDQwMjVkMWU5YzlkODIzMSIsInJvbGUiOiJhZG1pbiIsImlhdCI6MTc4MzY5NzMzMCwiZXhwIjoxNzgzNjk4MjMwfQ.zAdMGvjzUEroTAtxZU4vZQjmHNu9M4BGmc0ojrLhpyE',
  'user-agent': 'Mozilla/5.0 (Windows NT 10.0; Win64; x64) AppleWebKit/537.36 (KHTML, like Gecko) Chrome/149.0.0.0 Safari/537.36',
  'sec-ch-ua': '"Google Chrome";v="149", "Chromium";v="149", "Not)A;Brand";v="24"',
  'sec-ch-ua-mobile': '?0',
  accept: '*/*',
  origin: 'http://localhost:5173',
  'sec-fetch-site': 'same-site',
  'sec-fetch-mode': 'cors',
  'sec-fetch-dest': 'empty',
  referer: 'http://localhost:5173/',
  'accept-encoding': 'gzip, deflate, br, zstd',
  'accept-language': 'en-US,en;q=0.9',
  'if-none-match': 'W/"59e-jN90TNSVREnEuXCyb+tAddu24Vo"'
}
Bearer eyJhbGciOiJIUzI1NiIsInR5cCI6IkpXVCJ9.eyJpZCI6IjZhNGZkNTQ2NDQwMjVkMWU5YzlkODIzMSIsInJvbGUiOiJhZG1pbiIsImlhdCI6MTc4MzY5NzMzMCwiZXhwIjoxNzgzNjk4MjMwfQ.zAdMGvjzUEroTAtxZU4vZQjmHNu9M4BGmc0ojrLhpyE
{
  host: 'localhost:3000',
  connection: 'keep-alive',
  'content-length': '178',
  'sec-ch-ua-platform': '"Windows"',
  authorization: 'Bearer eyJhbGciOiJIUzI1NiIsInR5cCI6IkpXVCJ9.eyJpZCI6IjZhNGZkNTQ2NDQwMjVkMWU5YzlkODIzMSIsInJvbGUiOiJhZG1pbiIsImlhdCI6MTc4MzY5NzMzMCwiZXhwIjoxNzgzNjk4MjMwfQ.zAdMGvjzUEroTAtxZU4vZQjmHNu9M4BGmc0ojrLhpyE',
  'user-agent': 'Mozilla/5.0 (Windows NT 10.0; Win64; x64) AppleWebKit/537.36 (KHTML, like Gecko) Chrome/149.0.0.0 Safari/537.36',
  'sec-ch-ua': '"Google Chrome";v="149", "Chromium";v="149", "Not)A;Brand";v="24"',
  'content-type': 'application/json',
  'sec-ch-ua-mobile': '?0',
  accept: '*/*',
  origin: 'http://localhost:5173',
  'sec-fetch-site': 'same-site',
  'sec-fetch-mode': 'cors',
  'sec-fetch-dest': 'empty',
  referer: 'http://localhost:5173/',
  'accept-encoding': 'gzip, deflate, br, zstd',
  'accept-language': 'en-US,en;q=0.9'
}
Bearer eyJhbGciOiJIUzI1NiIsInR5cCI6IkpXVCJ9.eyJpZCI6IjZhNGZkNTQ2NDQwMjVkMWU5YzlkODIzMSIsInJvbGUiOiJhZG1pbiIsImlhdCI6MTc4MzY5NzMzMCwiZXhwIjoxNzgzNjk4MjMwfQ.zAdMGvjzUEroTAtxZU4vZQjmHNu9M4BGmc0ojrLhpyE
{
  host: 'localhost:3000',
  connection: 'keep-alive',
  'content-length': '148',
  'sec-ch-ua-platform': '"Windows"',
  authorization: 'Bearer eyJhbGciOiJIUzI1NiIsInR5cCI6IkpXVCJ9.eyJpZCI6IjZhNGZkNTQ2NDQwMjVkMWU5YzlkODIzMSIsInJvbGUiOiJhZG1pbiIsImlhdCI6MTc4MzY5NzMzMCwiZXhwIjoxNzgzNjk4MjMwfQ.zAdMGvjzUEroTAtxZU4vZQjmHNu9M4BGmc0ojrLhpyE',
  'user-agent': 'Mozilla/5.0 (Windows NT 10.0; Win64; x64) AppleWebKit/537.36 (KHTML, like Gecko) Chrome/149.0.0.0 Safari/537.36',
  'sec-ch-ua': '"Google Chrome";v="149", "Chromium";v="149", "Not)A;Brand";v="24"',
  'content-type': 'application/json',
  'sec-ch-ua-mobile': '?0',
  accept: '*/*',
  origin: 'http://localhost:5173',
  'sec-fetch-site': 'same-site',
  'sec-fetch-mode': 'cors',
  'sec-fetch-dest': 'empty',
  referer: 'http://localhost:5173/',
  'accept-encoding': 'gzip, deflate, br, zstd',
  'accept-language': 'en-US,en;q=0.9'
}
Bearer eyJhbGciOiJIUzI1NiIsInR5cCI6IkpXVCJ9.eyJpZCI6IjZhNGZkNTQ2NDQwMjVkMWU5YzlkODIzMSIsInJvbGUiOiJhZG1pbiIsImlhdCI6MTc4MzY5NzMzMCwiZXhwIjoxNzgzNjk4MjMwfQ.zAdMGvjzUEroTAtxZU4vZQjmHNu9M4BGmc0ojrLhpyE
{
  host: 'localhost:3000',
  connection: 'keep-alive',
  'content-length': '148',
  'sec-ch-ua-platform': '"Windows"',
  authorization: 'Bearer eyJhbGciOiJIUzI1NiIsInR5cCI6IkpXVCJ9.eyJpZCI6IjZhNGZkNTQ2NDQwMjVkMWU5YzlkODIzMSIsInJvbGUiOiJhZG1pbiIsImlhdCI6MTc4MzY5NzMzMCwiZXhwIjoxNzgzNjk4MjMwfQ.zAdMGvjzUEroTAtxZU4vZQjmHNu9M4BGmc0ojrLhpyE',
  'user-agent': 'Mozilla/5.0 (Windows NT 10.0; Win64; x64) AppleWebKit/537.36 (KHTML, like Gecko) Chrome/149.0.0.0 Safari/537.36',
  'sec-ch-ua': '"Google Chrome";v="149", "Chromium";v="149", "Not)A;Brand";v="24"',
  'content-type': 'application/json',
  'sec-ch-ua-mobile': '?0',
  accept: '*/*',
  origin: 'http://localhost:5173',
  'sec-fetch-site': 'same-site',
  'sec-fetch-mode': 'cors',
  'sec-fetch-dest': 'empty',
  referer: 'http://localhost:5173/',
  'accept-encoding': 'gzip, deflate, br, zstd',
  'accept-language': 'en-US,en;q=0.9'
}
Bearer eyJhbGciOiJIUzI1NiIsInR5cCI6IkpXVCJ9.eyJpZCI6IjZhNGZkNTQ2NDQwMjVkMWU5YzlkODIzMSIsInJvbGUiOiJhZG1pbiIsImlhdCI6MTc4MzY5NzMzMCwiZXhwIjoxNzgzNjk4MjMwfQ.zAdMGvjzUEroTAtxZU4vZQjmHNu9M4BGmc0ojrLhpyE
{
  host: 'localhost:3000',
  connection: 'keep-alive',
  'content-length': '148',
  'sec-ch-ua-platform': '"Windows"',
  authorization: 'Bearer eyJhbGciOiJIUzI1NiIsInR5cCI6IkpXVCJ9.eyJpZCI6IjZhNGZkNTQ2NDQwMjVkMWU5YzlkODIzMSIsInJvbGUiOiJhZG1pbiIsImlhdCI6MTc4MzY5NzMzMCwiZXhwIjoxNzgzNjk4MjMwfQ.zAdMGvjzUEroTAtxZU4vZQjmHNu9M4BGmc0ojrLhpyE',
  'user-agent': 'Mozilla/5.0 (Windows NT 10.0; Win64; x64) AppleWebKit/537.36 (KHTML, like Gecko) Chrome/149.0.0.0 Safari/537.36',
  'sec-ch-ua': '"Google Chrome";v="149", "Chromium";v="149", "Not)A;Brand";v="24"',
  'content-type': 'application/json',
  'sec-ch-ua-mobile': '?0',
  accept: '*/*',
  origin: 'http://localhost:5173',
  'sec-fetch-site': 'same-site',
  'sec-fetch-mode': 'cors',
  'sec-fetch-dest': 'empty',
  referer: 'http://localhost:5173/',
  'accept-encoding': 'gzip, deflate, br, zstd',
  'accept-language': 'en-US,en;q=0.9'
}
Bearer eyJhbGciOiJIUzI1NiIsInR5cCI6IkpXVCJ9.eyJpZCI6IjZhNGZkNTQ2NDQwMjVkMWU5YzlkODIzMSIsInJvbGUiOiJhZG1pbiIsImlhdCI6MTc4MzY5NzMzMCwiZXhwIjoxNzgzNjk4MjMwfQ.zAdMGvjzUEroTAtxZU4vZQjmHNu9M4BGmc0ojrLhpyE
{
  host: 'localhost:3000',
  connection: 'keep-alive',
  'content-length': '148',
  'sec-ch-ua-platform': '"Windows"',
  authorization: 'Bearer eyJhbGciOiJIUzI1NiIsInR5cCI6IkpXVCJ9.eyJpZCI6IjZhNGZkNTQ2NDQwMjVkMWU5YzlkODIzMSIsInJvbGUiOiJhZG1pbiIsImlhdCI6MTc4MzY5NzMzMCwiZXhwIjoxNzgzNjk4MjMwfQ.zAdMGvjzUEroTAtxZU4vZQjmHNu9M4BGmc0ojrLhpyE',
  'user-agent': 'Mozilla/5.0 (Windows NT 10.0; Win64; x64) AppleWebKit/537.36 (KHTML, like Gecko) Chrome/149.0.0.0 Safari/537.36',
  'sec-ch-ua': '"Google Chrome";v="149", "Chromium";v="149", "Not)A;Brand";v="24"',
  'content-type': 'application/json',
  'sec-ch-ua-mobile': '?0',
  accept: '*/*',
  origin: 'http://localhost:5173',
  'sec-fetch-site': 'same-site',
  'sec-fetch-mode': 'cors',
  'sec-fetch-dest': 'empty',
  referer: 'http://localhost:5173/',
  'accept-encoding': 'gzip, deflate, br, zstd',
  'accept-language': 'en-US,en;q=0.9'
}
Bearer eyJhbGciOiJIUzI1NiIsInR5cCI6IkpXVCJ9.eyJpZCI6IjZhNGZkNTQ2NDQwMjVkMWU5YzlkODIzMSIsInJvbGUiOiJhZG1pbiIsImlhdCI6MTc4MzY5NzMzMCwiZXhwIjoxNzgzNjk4MjMwfQ.zAdMGvjzUEroTAtxZU4vZQjmHNu9M4BGmc0ojrLhpyE
{
  host: 'localhost:3000',
  connection: 'keep-alive',
  'content-length': '148',
  'sec-ch-ua-platform': '"Windows"',
  authorization: 'Bearer eyJhbGciOiJIUzI1NiIsInR5cCI6IkpXVCJ9.eyJpZCI6IjZhNGZkNTQ2NDQwMjVkMWU5YzlkODIzMSIsInJvbGUiOiJhZG1pbiIsImlhdCI6MTc4MzY5NzMzMCwiZXhwIjoxNzgzNjk4MjMwfQ.zAdMGvjzUEroTAtxZU4vZQjmHNu9M4BGmc0ojrLhpyE',
  'user-agent': 'Mozilla/5.0 (Windows NT 10.0; Win64; x64) AppleWebKit/537.36 (KHTML, like Gecko) Chrome/149.0.0.0 Safari/537.36',
  'sec-ch-ua': '"Google Chrome";v="149", "Chromium";v="149", "Not)A;Brand";v="24"',
  'content-type': 'application/json',
  'sec-ch-ua-mobile': '?0',
  accept: '*/*',
  origin: 'http://localhost:5173',
  'sec-fetch-site': 'same-site',
  'sec-fetch-mode': 'cors',
  'sec-fetch-dest': 'empty',
  referer: 'http://localhost:5173/',
  'accept-encoding': 'gzip, deflate, br, zstd',
  'accept-language': 'en-US,en;q=0.9'
}
Bearer eyJhbGciOiJIUzI1NiIsInR5cCI6IkpXVCJ9.eyJpZCI6IjZhNGZkNTQ2NDQwMjVkMWU5YzlkODIzMSIsInJvbGUiOiJhZG1pbiIsImlhdCI6MTc4MzY5NzMzMCwiZXhwIjoxNzgzNjk4MjMwfQ.zAdMGvjzUEroTAtxZU4vZQjmHNu9M4BGmc0ojrLhpyE
{
  host: 'localhost:3000',
  connection: 'keep-alive',
  'content-length': '148',
  'sec-ch-ua-platform': '"Windows"',
  authorization: 'Bearer eyJhbGciOiJIUzI1NiIsInR5cCI6IkpXVCJ9.eyJpZCI6IjZhNGZkNTQ2NDQwMjVkMWU5YzlkODIzMSIsInJvbGUiOiJhZG1pbiIsImlhdCI6MTc4MzY5NzMzMCwiZXhwIjoxNzgzNjk4MjMwfQ.zAdMGvjzUEroTAtxZU4vZQjmHNu9M4BGmc0ojrLhpyE',
  'user-agent': 'Mozilla/5.0 (Windows NT 10.0; Win64; x64) AppleWebKit/537.36 (KHTML, like Gecko) Chrome/149.0.0.0 Safari/537.36',
  'sec-ch-ua': '"Google Chrome";v="149", "Chromium";v="149", "Not)A;Brand";v="24"',
  'content-type': 'application/json',
  'sec-ch-ua-mobile': '?0',
  accept: '*/*',
  origin: 'http://localhost:5173',
  'sec-fetch-site': 'same-site',
  'sec-fetch-mode': 'cors',
  'sec-fetch-dest': 'empty',
  referer: 'http://localhost:5173/',
  'accept-encoding': 'gzip, deflate, br, zstd',
  'accept-language': 'en-US,en;q=0.9'
}
Bearer eyJhbGciOiJIUzI1NiIsInR5cCI6IkpXVCJ9.eyJpZCI6IjZhNGZkNTQ2NDQwMjVkMWU5YzlkODIzMSIsInJvbGUiOiJhZG1pbiIsImlhdCI6MTc4MzY5NzMzMCwiZXhwIjoxNzgzNjk4MjMwfQ.zAdMGvjzUEroTAtxZU4vZQjmHNu9M4BGmc0ojrLhpyE
{
  host: 'localhost:3000',
  connection: 'keep-alive',
  'content-length': '148',
  'sec-ch-ua-platform': '"Windows"',
  authorization: 'Bearer eyJhbGciOiJIUzI1NiIsInR5cCI6IkpXVCJ9.eyJpZCI6IjZhNGZkNTQ2NDQwMjVkMWU5YzlkODIzMSIsInJvbGUiOiJhZG1pbiIsImlhdCI6MTc4MzY5NzMzMCwiZXhwIjoxNzgzNjk4MjMwfQ.zAdMGvjzUEroTAtxZU4vZQjmHNu9M4BGmc0ojrLhpyE',
  'user-agent': 'Mozilla/5.0 (Windows NT 10.0; Win64; x64) AppleWebKit/537.36 (KHTML, like Gecko) Chrome/149.0.0.0 Safari/537.36',
  'sec-ch-ua': '"Google Chrome";v="149", "Chromium";v="149", "Not)A;Brand";v="24"',
  'content-type': 'application/json',
  'sec-ch-ua-mobile': '?0',
  accept: '*/*',
  origin: 'http://localhost:5173',
  'sec-fetch-site': 'same-site',
  'sec-fetch-mode': 'cors',
  'sec-fetch-dest': 'empty',
  referer: 'http://localhost:5173/',
  'accept-encoding': 'gzip, deflate, br, zstd',
  'accept-language': 'en-US,en;q=0.9'
}
Bearer eyJhbGciOiJIUzI1NiIsInR5cCI6IkpXVCJ9.eyJpZCI6IjZhNGZkNTQ2NDQwMjVkMWU5YzlkODIzMSIsInJvbGUiOiJhZG1pbiIsImlhdCI6MTc4MzY5NzMzMCwiZXhwIjoxNzgzNjk4MjMwfQ.zAdMGvjzUEroTAtxZU4vZQjmHNu9M4BGmc0ojrLhpyE
{
  host: 'localhost:3000',
  connection: 'keep-alive',
  'content-length': '148',
  'sec-ch-ua-platform': '"Windows"',
  authorization: 'Bearer eyJhbGciOiJIUzI1NiIsInR5cCI6IkpXVCJ9.eyJpZCI6IjZhNGZkNTQ2NDQwMjVkMWU5YzlkODIzMSIsInJvbGUiOiJhZG1pbiIsImlhdCI6MTc4MzY5NzMzMCwiZXhwIjoxNzgzNjk4MjMwfQ.zAdMGvjzUEroTAtxZU4vZQjmHNu9M4BGmc0ojrLhpyE',
  'user-agent': 'Mozilla/5.0 (Windows NT 10.0; Win64; x64) AppleWebKit/537.36 (KHTML, like Gecko) Chrome/149.0.0.0 Safari/537.36',
  'sec-ch-ua': '"Google Chrome";v="149", "Chromium";v="149", "Not)A;Brand";v="24"',
  'content-type': 'application/json',
  'sec-ch-ua-mobile': '?0',
  accept: '*/*',
  origin: 'http://localhost:5173',
  'sec-fetch-site': 'same-site',
  'sec-fetch-mode': 'cors',
  'sec-fetch-dest': 'empty',
  referer: 'http://localhost:5173/',
  'accept-encoding': 'gzip, deflate, br, zstd',
  'accept-language': 'en-US,en;q=0.9'
}
Bearer eyJhbGciOiJIUzI1NiIsInR5cCI6IkpXVCJ9.eyJpZCI6IjZhNGZkNTQ2NDQwMjVkMWU5YzlkODIzMSIsInJvbGUiOiJhZG1pbiIsImlhdCI6MTc4MzY5NzMzMCwiZXhwIjoxNzgzNjk4MjMwfQ.zAdMGvjzUEroTAtxZU4vZQjmHNu9M4BGmc0ojrLhpyE
{
  host: 'localhost:3000',
  connection: 'keep-alive',
  'content-length': '148',
  'sec-ch-ua-platform': '"Windows"',
  authorization: 'Bearer eyJhbGciOiJIUzI1NiIsInR5cCI6IkpXVCJ9.eyJpZCI6IjZhNGZkNTQ2NDQwMjVkMWU5YzlkODIzMSIsInJvbGUiOiJhZG1pbiIsImlhdCI6MTc4MzY5NzMzMCwiZXhwIjoxNzgzNjk4MjMwfQ.zAdMGvjzUEroTAtxZU4vZQjmHNu9M4BGmc0ojrLhpyE',
  'user-agent': 'Mozilla/5.0 (Windows NT 10.0; Win64; x64) AppleWebKit/537.36 (KHTML, like Gecko) Chrome/149.0.0.0 Safari/537.36',
  'sec-ch-ua': '"Google Chrome";v="149", "Chromium";v="149", "Not)A;Brand";v="24"',
  'content-type': 'application/json',
  'sec-ch-ua-mobile': '?0',
  accept: '*/*',
  origin: 'http://localhost:5173',
  'sec-fetch-site': 'same-site',
  'sec-fetch-mode': 'cors',
  'sec-fetch-dest': 'empty',
  referer: 'http://localhost:5173/',
  'accept-encoding': 'gzip, deflate, br, zstd',
  'accept-language': 'en-US,en;q=0.9'
}
Bearer eyJhbGciOiJIUzI1NiIsInR5cCI6IkpXVCJ9.eyJpZCI6IjZhNGZkNTQ2NDQwMjVkMWU5YzlkODIzMSIsInJvbGUiOiJhZG1pbiIsImlhdCI6MTc4MzY5NzMzMCwiZXhwIjoxNzgzNjk4MjMwfQ.zAdMGvjzUEroTAtxZU4vZQjmHNu9M4BGmc0ojrLhpyE
{
  host: 'localhost:3000',
  connection: 'keep-alive',
  'content-length': '327',
  'sec-ch-ua-platform': '"Windows"',
  authorization: 'Bearer eyJhbGciOiJIUzI1NiIsInR5cCI6IkpXVCJ9.eyJpZCI6IjZhNGZkNTQ2NDQwMjVkMWU5YzlkODIzMSIsInJvbGUiOiJhZG1pbiIsImlhdCI6MTc4MzY5NzMzMCwiZXhwIjoxNzgzNjk4MjMwfQ.zAdMGvjzUEroTAtxZU4vZQjmHNu9M4BGmc0ojrLhpyE',
  'user-agent': 'Mozilla/5.0 (Windows NT 10.0; Win64; x64) AppleWebKit/537.36 (KHTML, like Gecko) Chrome/149.0.0.0 Safari/537.36',
  'sec-ch-ua': '"Google Chrome";v="149", "Chromium";v="149", "Not)A;Brand";v="24"',
  'content-type': 'application/json',
  'sec-ch-ua-mobile': '?0',
  accept: '*/*',
  origin: 'http://localhost:5173',
  'sec-fetch-site': 'same-site',
  'sec-fetch-mode': 'cors',
  'sec-fetch-dest': 'empty',
  referer: 'http://localhost:5173/',
  'accept-encoding': 'gzip, deflate, br, zstd',
  'accept-language': 'en-US,en;q=0.9'
}
Bearer eyJhbGciOiJIUzI1NiIsInR5cCI6IkpXVCJ9.eyJpZCI6IjZhNGZkNTQ2NDQwMjVkMWU5YzlkODIzMSIsInJvbGUiOiJhZG1pbiIsImlhdCI6MTc4MzY5NzMzMCwiZXhwIjoxNzgzNjk4MjMwfQ.zAdMGvjzUEroTAtxZU4vZQjmHNu9M4BGmc0ojrLhpyE
{
  host: 'localhost:3000',
  connection: 'keep-alive',
  'content-length': '327',
  'sec-ch-ua-platform': '"Windows"',
  authorization: 'Bearer eyJhbGciOiJIUzI1NiIsInR5cCI6IkpXVCJ9.eyJpZCI6IjZhNGZkNTQ2NDQwMjVkMWU5YzlkODIzMSIsInJvbGUiOiJhZG1pbiIsImlhdCI6MTc4MzY5NzMzMCwiZXhwIjoxNzgzNjk4MjMwfQ.zAdMGvjzUEroTAtxZU4vZQjmHNu9M4BGmc0ojrLhpyE',
  'user-agent': 'Mozilla/5.0 (Windows NT 10.0; Win64; x64) AppleWebKit/537.36 (KHTML, like Gecko) Chrome/149.0.0.0 Safari/537.36',
  'sec-ch-ua': '"Google Chrome";v="149", "Chromium";v="149", "Not)A;Brand";v="24"',
  'content-type': 'application/json',
  'sec-ch-ua-mobile': '?0',
  accept: '*/*',
  origin: 'http://localhost:5173',
  'sec-fetch-site': 'same-site',
  'sec-fetch-mode': 'cors',
  'sec-fetch-dest': 'empty',
  referer: 'http://localhost:5173/',
  'accept-encoding': 'gzip, deflate, br, zstd',
  'accept-language': 'en-US,en;q=0.9'
}
Bearer eyJhbGciOiJIUzI1NiIsInR5cCI6IkpXVCJ9.eyJpZCI6IjZhNGZkNTQ2NDQwMjVkMWU5YzlkODIzMSIsInJvbGUiOiJhZG1pbiIsImlhdCI6MTc4MzY5NzMzMCwiZXhwIjoxNzgzNjk4MjMwfQ.zAdMGvjzUEroTAtxZU4vZQjmHNu9M4BGmc0ojrLhpyE
{
  host: 'localhost:3000',
  connection: 'keep-alive',
  'sec-ch-ua-platform': '"Windows"',
  authorization: 'Bearer eyJhbGciOiJIUzI1NiIsInR5cCI6IkpXVCJ9.eyJpZCI6IjZhNGZkNTQ2NDQwMjVkMWU5YzlkODIzMSIsInJvbGUiOiJhZG1pbiIsImlhdCI6MTc4MzY5NzMzMCwiZXhwIjoxNzgzNjk4MjMwfQ.zAdMGvjzUEroTAtxZU4vZQjmHNu9M4BGmc0ojrLhpyE',
  'user-agent': 'Mozilla/5.0 (Windows NT 10.0; Win64; x64) AppleWebKit/537.36 (KHTML, like Gecko) Chrome/149.0.0.0 Safari/537.36',
  'sec-ch-ua': '"Google Chrome";v="149", "Chromium";v="149", "Not)A;Brand";v="24"',
  'sec-ch-ua-mobile': '?0',
  accept: '*/*',
  origin: 'http://localhost:5173',
  'sec-fetch-site': 'same-site',
  'sec-fetch-mode': 'cors',
  'sec-fetch-dest': 'empty',
  referer: 'http://localhost:5173/',
  'accept-encoding': 'gzip, deflate, br, zstd',
  'accept-language': 'en-US,en;q=0.9',
  'if-none-match': 'W/"204-CRR+/7AOQoN8LVxngVASJf/ZWsM"'
}
Bearer eyJhbGciOiJIUzI1NiIsInR5cCI6IkpXVCJ9.eyJpZCI6IjZhNGZkNTQ2NDQwMjVkMWU5YzlkODIzMSIsInJvbGUiOiJhZG1pbiIsImlhdCI6MTc4MzY5NzMzMCwiZXhwIjoxNzgzNjk4MjMwfQ.zAdMGvjzUEroTAtxZU4vZQjmHNu9M4BGmc0ojrLhpyE
{
  host: 'localhost:3000',
  connection: 'keep-alive',
  'sec-ch-ua-platform': '"Windows"',
  authorization: 'Bearer eyJhbGciOiJIUzI1NiIsInR5cCI6IkpXVCJ9.eyJpZCI6IjZhNGZkNTQ2NDQwMjVkMWU5YzlkODIzMSIsInJvbGUiOiJhZG1pbiIsImlhdCI6MTc4MzY5NzMzMCwiZXhwIjoxNzgzNjk4MjMwfQ.zAdMGvjzUEroTAtxZU4vZQjmHNu9M4BGmc0ojrLhpyE',
  'user-agent': 'Mozilla/5.0 (Windows NT 10.0; Win64; x64) AppleWebKit/537.36 (KHTML, like Gecko) Chrome/149.0.0.0 Safari/537.36',
  'sec-ch-ua': '"Google Chrome";v="149", "Chromium";v="149", "Not)A;Brand";v="24"',
  'sec-ch-ua-mobile': '?0',
  accept: '*/*',
  origin: 'http://localhost:5173',
  'sec-fetch-site': 'same-site',
  'sec-fetch-mode': 'cors',
  'sec-fetch-dest': 'empty',
  referer: 'http://localhost:5173/',
  'accept-encoding': 'gzip, deflate, br, zstd',
  'accept-language': 'en-US,en;q=0.9',
  'if-none-match': 'W/"204-CRR+/7AOQoN8LVxngVASJf/ZWsM"'
}
Bearer eyJhbGciOiJIUzI1NiIsInR5cCI6IkpXVCJ9.eyJpZCI6IjZhNGZkNTQ2NDQwMjVkMWU5YzlkODIzMSIsInJvbGUiOiJhZG1pbiIsImlhdCI6MTc4MzY5NzMzMCwiZXhwIjoxNzgzNjk4MjMwfQ.zAdMGvjzUEroTAtxZU4vZQjmHNu9M4BGmc0ojrLhpyE
{
  host: 'localhost:3000',
  connection: 'keep-alive',
  'sec-ch-ua-platform': '"Windows"',
  authorization: 'Bearer eyJhbGciOiJIUzI1NiIsInR5cCI6IkpXVCJ9.eyJpZCI6IjZhNGZkNTQ2NDQwMjVkMWU5YzlkODIzMSIsInJvbGUiOiJhZG1pbiIsImlhdCI6MTc4MzY5NzMzMCwiZXhwIjoxNzgzNjk4MjMwfQ.zAdMGvjzUEroTAtxZU4vZQjmHNu9M4BGmc0ojrLhpyE',
  'user-agent': 'Mozilla/5.0 (Windows NT 10.0; Win64; x64) AppleWebKit/537.36 (KHTML, like Gecko) Chrome/149.0.0.0 Safari/537.36',
  'sec-ch-ua': '"Google Chrome";v="149", "Chromium";v="149", "Not)A;Brand";v="24"',
  'sec-ch-ua-mobile': '?0',
  accept: '*/*',
  origin: 'http://localhost:5173',
  'sec-fetch-site': 'same-site',
  'sec-fetch-mode': 'cors',
  'sec-fetch-dest': 'empty',
  referer: 'http://localhost:5173/',
  'accept-encoding': 'gzip, deflate, br, zstd',
  'accept-language': 'en-US,en;q=0.9',
  'if-none-match': 'W/"40-jrkIj9RtZl67gvhjPh4442O0c7k"'
}
Bearer eyJhbGciOiJIUzI1NiIsInR5cCI6IkpXVCJ9.eyJpZCI6IjZhNGZkNTQ2NDQwMjVkMWU5YzlkODIzMSIsInJvbGUiOiJhZG1pbiIsImlhdCI6MTc4MzY5NzMzMCwiZXhwIjoxNzgzNjk4MjMwfQ.zAdMGvjzUEroTAtxZU4vZQjmHNu9M4BGmc0ojrLhpyE
{
  host: 'localhost:3000',
  connection: 'keep-alive',
  'sec-ch-ua-platform': '"Windows"',
  authorization: 'Bearer eyJhbGciOiJIUzI1NiIsInR5cCI6IkpXVCJ9.eyJpZCI6IjZhNGZkNTQ2NDQwMjVkMWU5YzlkODIzMSIsInJvbGUiOiJhZG1pbiIsImlhdCI6MTc4MzY5NzMzMCwiZXhwIjoxNzgzNjk4MjMwfQ.zAdMGvjzUEroTAtxZU4vZQjmHNu9M4BGmc0ojrLhpyE',
  'user-agent': 'Mozilla/5.0 (Windows NT 10.0; Win64; x64) AppleWebKit/537.36 (KHTML, like Gecko) Chrome/149.0.0.0 Safari/537.36',
  'sec-ch-ua': '"Google Chrome";v="149", "Chromium";v="149", "Not)A;Brand";v="24"',
  'sec-ch-ua-mobile': '?0',
  accept: '*/*',
  origin: 'http://localhost:5173',
  'sec-fetch-site': 'same-site',
  'sec-fetch-mode': 'cors',
  'sec-fetch-dest': 'empty',
  referer: 'http://localhost:5173/',
  'accept-encoding': 'gzip, deflate, br, zstd',
  'accept-language': 'en-US,en;q=0.9',
  'if-none-match': 'W/"59e-jN90TNSVREnEuXCyb+tAddu24Vo"'
}
Bearer eyJhbGciOiJIUzI1NiIsInR5cCI6IkpXVCJ9.eyJpZCI6IjZhNGZkNTQ2NDQwMjVkMWU5YzlkODIzMSIsInJvbGUiOiJhZG1pbiIsImlhdCI6MTc4MzY5NzMzMCwiZXhwIjoxNzgzNjk4MjMwfQ.zAdMGvjzUEroTAtxZU4vZQjmHNu9M4BGmc0ojrLhpyE
{
  host: 'localhost:3000',
  connection: 'keep-alive',
  'sec-ch-ua-platform': '"Windows"',
  authorization: 'Bearer eyJhbGciOiJIUzI1NiIsInR5cCI6IkpXVCJ9.eyJpZCI6IjZhNGZkNTQ2NDQwMjVkMWU5YzlkODIzMSIsInJvbGUiOiJhZG1pbiIsImlhdCI6MTc4MzY5NzMzMCwiZXhwIjoxNzgzNjk4MjMwfQ.zAdMGvjzUEroTAtxZU4vZQjmHNu9M4BGmc0ojrLhpyE',
  'user-agent': 'Mozilla/5.0 (Windows NT 10.0; Win64; x64) AppleWebKit/537.36 (KHTML, like Gecko) Chrome/149.0.0.0 Safari/537.36',
  'sec-ch-ua': '"Google Chrome";v="149", "Chromium";v="149", "Not)A;Brand";v="24"',
  'sec-ch-ua-mobile': '?0',
  accept: '*/*',
  origin: 'http://localhost:5173',
  'sec-fetch-site': 'same-site',
  'sec-fetch-mode': 'cors',
  'sec-fetch-dest': 'empty',
  referer: 'http://localhost:5173/',
  'accept-encoding': 'gzip, deflate, br, zstd',
  'accept-language': 'en-US,en;q=0.9',
  'if-none-match': 'W/"59e-jN90TNSVREnEuXCyb+tAddu24Vo"'
}
Bearer eyJhbGciOiJIUzI1NiIsInR5cCI6IkpXVCJ9.eyJpZCI6IjZhNGZkNTQ2NDQwMjVkMWU5YzlkODIzMSIsInJvbGUiOiJhZG1pbiIsImlhdCI6MTc4MzY5NzMzMCwiZXhwIjoxNzgzNjk4MjMwfQ.zAdMGvjzUEroTAtxZU4vZQjmHNu9M4BGmc0ojrLhpyE
{
  host: 'localhost:3000',
  connection: 'keep-alive',
  'content-length': '178',
  'sec-ch-ua-platform': '"Windows"',
  authorization: 'Bearer eyJhbGciOiJIUzI1NiIsInR5cCI6IkpXVCJ9.eyJpZCI6IjZhNGZkNTQ2NDQwMjVkMWU5YzlkODIzMSIsInJvbGUiOiJhZG1pbiIsImlhdCI6MTc4MzY5NzMzMCwiZXhwIjoxNzgzNjk4MjMwfQ.zAdMGvjzUEroTAtxZU4vZQjmHNu9M4BGmc0ojrLhpyE',
  'user-agent': 'Mozilla/5.0 (Windows NT 10.0; Win64; x64) AppleWebKit/537.36 (KHTML, like Gecko) Chrome/149.0.0.0 Safari/537.36',
  'sec-ch-ua': '"Google Chrome";v="149", "Chromium";v="149", "Not)A;Brand";v="24"',
  'content-type': 'application/json',
  'sec-ch-ua-mobile': '?0',
  accept: '*/*',
  origin: 'http://localhost:5173',
  'sec-fetch-site': 'same-site',
  'sec-fetch-mode': 'cors',
  'sec-fetch-dest': 'empty',
  referer: 'http://localhost:5173/',
  'accept-encoding': 'gzip, deflate, br, zstd',
  'accept-language': 'en-US,en;q=0.9'
}
Bearer eyJhbGciOiJIUzI1NiIsInR5cCI6IkpXVCJ9.eyJpZCI6IjZhNGZkNTQ2NDQwMjVkMWU5YzlkODIzMSIsInJvbGUiOiJhZG1pbiIsImlhdCI6MTc4MzY5NzMzMCwiZXhwIjoxNzgzNjk4MjMwfQ.zAdMGvjzUEroTAtxZU4vZQjmHNu9M4BGmc0ojrLhpyE
{
  host: 'localhost:3000',
  connection: 'keep-alive',
  'content-length': '327',
  'sec-ch-ua-platform': '"Windows"',
  authorization: 'Bearer eyJhbGciOiJIUzI1NiIsInR5cCI6IkpXVCJ9.eyJpZCI6IjZhNGZkNTQ2NDQwMjVkMWU5YzlkODIzMSIsInJvbGUiOiJhZG1pbiIsImlhdCI6MTc4MzY5NzMzMCwiZXhwIjoxNzgzNjk4MjMwfQ.zAdMGvjzUEroTAtxZU4vZQjmHNu9M4BGmc0ojrLhpyE',
  'user-agent': 'Mozilla/5.0 (Windows NT 10.0; Win64; x64) AppleWebKit/537.36 (KHTML, like Gecko) Chrome/149.0.0.0 Safari/537.36',
  'sec-ch-ua': '"Google Chrome";v="149", "Chromium";v="149", "Not)A;Brand";v="24"',
  'content-type': 'application/json',
  'sec-ch-ua-mobile': '?0',
  accept: '*/*',
  origin: 'http://localhost:5173',
  'sec-fetch-site': 'same-site',
  'sec-fetch-mode': 'cors',
  'sec-fetch-dest': 'empty',
  referer: 'http://localhost:5173/',
  'accept-encoding': 'gzip, deflate, br, zstd',
  'accept-language': 'en-US,en;q=0.9'
}
Bearer eyJhbGciOiJIUzI1NiIsInR5cCI6IkpXVCJ9.eyJpZCI6IjZhNGZkNTQ2NDQwMjVkMWU5YzlkODIzMSIsInJvbGUiOiJhZG1pbiIsImlhdCI6MTc4MzY5NzMzMCwiZXhwIjoxNzgzNjk4MjMwfQ.zAdMGvjzUEroTAtxZU4vZQjmHNu9M4BGmc0ojrLhpyE
{
  host: 'localhost:3000',
  connection: 'keep-alive',
  'sec-ch-ua-platform': '"Windows"',
  authorization: 'Bearer eyJhbGciOiJIUzI1NiIsInR5cCI6IkpXVCJ9.eyJpZCI6IjZhNGZkNTQ2NDQwMjVkMWU5YzlkODIzMSIsInJvbGUiOiJhZG1pbiIsImlhdCI6MTc4MzY5NzMzMCwiZXhwIjoxNzgzNjk4MjMwfQ.zAdMGvjzUEroTAtxZU4vZQjmHNu9M4BGmc0ojrLhpyE',
  'user-agent': 'Mozilla/5.0 (Windows NT 10.0; Win64; x64) AppleWebKit/537.36 (KHTML, like Gecko) Chrome/149.0.0.0 Safari/537.36',
  'sec-ch-ua': '"Google Chrome";v="149", "Chromium";v="149", "Not)A;Brand";v="24"',
  'sec-ch-ua-mobile': '?0',
  accept: '*/*',
  origin: 'http://localhost:5173',
  'sec-fetch-site': 'same-site',
  'sec-fetch-mode': 'cors',
  'sec-fetch-dest': 'empty',
  referer: 'http://localhost:5173/',
  'accept-encoding': 'gzip, deflate, br, zstd',
  'accept-language': 'en-US,en;q=0.9',
  'if-none-match': 'W/"204-CRR+/7AOQoN8LVxngVASJf/ZWsM"'
}
Bearer eyJhbGciOiJIUzI1NiIsInR5cCI6IkpXVCJ9.eyJpZCI6IjZhNGZkNTQ2NDQwMjVkMWU5YzlkODIzMSIsInJvbGUiOiJhZG1pbiIsImlhdCI6MTc4MzY5NzMzMCwiZXhwIjoxNzgzNjk4MjMwfQ.zAdMGvjzUEroTAtxZU4vZQjmHNu9M4BGmc0ojrLhpyE
{
  host: 'localhost:3000',
  connection: 'keep-alive',
  'sec-ch-ua-platform': '"Windows"',
  authorization: 'Bearer eyJhbGciOiJIUzI1NiIsInR5cCI6IkpXVCJ9.eyJpZCI6IjZhNGZkNTQ2NDQwMjVkMWU5YzlkODIzMSIsInJvbGUiOiJhZG1pbiIsImlhdCI6MTc4MzY5NzMzMCwiZXhwIjoxNzgzNjk4MjMwfQ.zAdMGvjzUEroTAtxZU4vZQjmHNu9M4BGmc0ojrLhpyE',
  'user-agent': 'Mozilla/5.0 (Windows NT 10.0; Win64; x64) AppleWebKit/537.36 (KHTML, like Gecko) Chrome/149.0.0.0 Safari/537.36',
  'sec-ch-ua': '"Google Chrome";v="149", "Chromium";v="149", "Not)A;Brand";v="24"',
  'sec-ch-ua-mobile': '?0',
  accept: '*/*',
  origin: 'http://localhost:5173',
  'sec-fetch-site': 'same-site',
  'sec-fetch-mode': 'cors',
  'sec-fetch-dest': 'empty',
  referer: 'http://localhost:5173/',
  'accept-encoding': 'gzip, deflate, br, zstd',
  'accept-language': 'en-US,en;q=0.9',
  'if-none-match': 'W/"204-CRR+/7AOQoN8LVxngVASJf/ZWsM"'
}
Bearer eyJhbGciOiJIUzI1NiIsInR5cCI6IkpXVCJ9.eyJpZCI6IjZhNGZkNTQ2NDQwMjVkMWU5YzlkODIzMSIsInJvbGUiOiJhZG1pbiIsImlhdCI6MTc4MzY5NzMzMCwiZXhwIjoxNzgzNjk4MjMwfQ.zAdMGvjzUEroTAtxZU4vZQjmHNu9M4BGmc0ojrLhpyE
{
  host: 'localhost:3000',
  connection: 'keep-alive',
  'sec-ch-ua-platform': '"Windows"',
  authorization: 'Bearer eyJhbGciOiJIUzI1NiIsInR5cCI6IkpXVCJ9.eyJpZCI6IjZhNGZkNTQ2NDQwMjVkMWU5YzlkODIzMSIsInJvbGUiOiJhZG1pbiIsImlhdCI6MTc4MzY5NzMzMCwiZXhwIjoxNzgzNjk4MjMwfQ.zAdMGvjzUEroTAtxZU4vZQjmHNu9M4BGmc0ojrLhpyE',
  'user-agent': 'Mozilla/5.0 (Windows NT 10.0; Win64; x64) AppleWebKit/537.36 (KHTML, like Gecko) Chrome/149.0.0.0 Safari/537.36',
  'sec-ch-ua': '"Google Chrome";v="149", "Chromium";v="149", "Not)A;Brand";v="24"',
  'sec-ch-ua-mobile': '?0',
  accept: '*/*',
  origin: 'http://localhost:5173',
  'sec-fetch-site': 'same-site',
  'sec-fetch-mode': 'cors',
  'sec-fetch-dest': 'empty',
  referer: 'http://localhost:5173/',
  'accept-encoding': 'gzip, deflate, br, zstd',
  'accept-language': 'en-US,en;q=0.9',
  'if-none-match': 'W/"1f7-T5I1eKE22kSRMpiuy0AB55USQSY"'
}
Bearer eyJhbGciOiJIUzI1NiIsInR5cCI6IkpXVCJ9.eyJpZCI6IjZhNGZkNTQ2NDQwMjVkMWU5YzlkODIzMSIsInJvbGUiOiJhZG1pbiIsImlhdCI6MTc4MzY5NzMzMCwiZXhwIjoxNzgzNjk4MjMwfQ.zAdMGvjzUEroTAtxZU4vZQjmHNu9M4BGmc0ojrLhpyE
{
  host: 'localhost:3000',
  connection: 'keep-alive',
  'sec-ch-ua-platform': '"Windows"',
  authorization: 'Bearer eyJhbGciOiJIUzI1NiIsInR5cCI6IkpXVCJ9.eyJpZCI6IjZhNGZkNTQ2NDQwMjVkMWU5YzlkODIzMSIsInJvbGUiOiJhZG1pbiIsImlhdCI6MTc4MzY5NzMzMCwiZXhwIjoxNzgzNjk4MjMwfQ.zAdMGvjzUEroTAtxZU4vZQjmHNu9M4BGmc0ojrLhpyE',
  'user-agent': 'Mozilla/5.0 (Windows NT 10.0; Win64; x64) AppleWebKit/537.36 (KHTML, like Gecko) Chrome/149.0.0.0 Safari/537.36',
  'sec-ch-ua': '"Google Chrome";v="149", "Chromium";v="149", "Not)A;Brand";v="24"',
  'sec-ch-ua-mobile': '?0',
  accept: '*/*',
  origin: 'http://localhost:5173',
  'sec-fetch-site': 'same-site',
  'sec-fetch-mode': 'cors',
  'sec-fetch-dest': 'empty',
  referer: 'http://localhost:5173/',
  'accept-encoding': 'gzip, deflate, br, zstd',
  'accept-language': 'en-US,en;q=0.9',
  'if-none-match': 'W/"59e-jN90TNSVREnEuXCyb+tAddu24Vo"'
}
Bearer eyJhbGciOiJIUzI1NiIsInR5cCI6IkpXVCJ9.eyJpZCI6IjZhNGZkNTQ2NDQwMjVkMWU5YzlkODIzMSIsInJvbGUiOiJhZG1pbiIsImlhdCI6MTc4MzY5NzMzMCwiZXhwIjoxNzgzNjk4MjMwfQ.zAdMGvjzUEroTAtxZU4vZQjmHNu9M4BGmc0ojrLhpyE
{
  host: 'localhost:3000',
  connection: 'keep-alive',
  'sec-ch-ua-platform': '"Windows"',
  authorization: 'Bearer eyJhbGciOiJIUzI1NiIsInR5cCI6IkpXVCJ9.eyJpZCI6IjZhNGZkNTQ2NDQwMjVkMWU5YzlkODIzMSIsInJvbGUiOiJhZG1pbiIsImlhdCI6MTc4MzY5NzMzMCwiZXhwIjoxNzgzNjk4MjMwfQ.zAdMGvjzUEroTAtxZU4vZQjmHNu9M4BGmc0ojrLhpyE',
  'user-agent': 'Mozilla/5.0 (Windows NT 10.0; Win64; x64) AppleWebKit/537.36 (KHTML, like Gecko) Chrome/149.0.0.0 Safari/537.36',
  'sec-ch-ua': '"Google Chrome";v="149", "Chromium";v="149", "Not)A;Brand";v="24"',
  'sec-ch-ua-mobile': '?0',
  accept: '*/*',
  origin: 'http://localhost:5173',
  'sec-fetch-site': 'same-site',
  'sec-fetch-mode': 'cors',
  'sec-fetch-dest': 'empty',
  referer: 'http://localhost:5173/',
  'accept-encoding': 'gzip, deflate, br, zstd',
  'accept-language': 'en-US,en;q=0.9',
  'if-none-match': 'W/"59e-jN90TNSVREnEuXCyb+tAddu24Vo"'
}
Bearer eyJhbGciOiJIUzI1NiIsInR5cCI6IkpXVCJ9.eyJpZCI6IjZhNGZkNTQ2NDQwMjVkMWU5YzlkODIzMSIsInJvbGUiOiJhZG1pbiIsImlhdCI6MTc4MzY5NzMzMCwiZXhwIjoxNzgzNjk4MjMwfQ.zAdMGvjzUEroTAtxZU4vZQjmHNu9M4BGmc0ojrLhpyE
{
  host: 'localhost:3000',
  connection: 'keep-alive',
  'sec-ch-ua-platform': '"Windows"',
  authorization: 'Bearer eyJhbGciOiJIUzI1NiIsInR5cCI6IkpXVCJ9.eyJpZCI6IjZhNGZkNTQ2NDQwMjVkMWU5YzlkODIzMSIsInJvbGUiOiJhZG1pbiIsImlhdCI6MTc4MzY5NzMzMCwiZXhwIjoxNzgzNjk4MjMwfQ.zAdMGvjzUEroTAtxZU4vZQjmHNu9M4BGmc0ojrLhpyE',
  'user-agent': 'Mozilla/5.0 (Windows NT 10.0; Win64; x64) AppleWebKit/537.36 (KHTML, like Gecko) Chrome/149.0.0.0 Safari/537.36',
  'sec-ch-ua': '"Google Chrome";v="149", "Chromium";v="149", "Not)A;Brand";v="24"',
  'sec-ch-ua-mobile': '?0',
  accept: '*/*',
  origin: 'http://localhost:5173',
  'sec-fetch-site': 'same-site',
  'sec-fetch-mode': 'cors',
  'sec-fetch-dest': 'empty',
  referer: 'http://localhost:5173/',
  'accept-encoding': 'gzip, deflate, br, zstd',
  'accept-language': 'en-US,en;q=0.9',
  'if-none-match': 'W/"204-CRR+/7AOQoN8LVxngVASJf/ZWsM"'
}
Bearer eyJhbGciOiJIUzI1NiIsInR5cCI6IkpXVCJ9.eyJpZCI6IjZhNGZkNTQ2NDQwMjVkMWU5YzlkODIzMSIsInJvbGUiOiJhZG1pbiIsImlhdCI6MTc4MzY5NzMzMCwiZXhwIjoxNzgzNjk4MjMwfQ.zAdMGvjzUEroTAtxZU4vZQjmHNu9M4BGmc0ojrLhpyE
{
  host: 'localhost:3000',
  connection: 'keep-alive',
  'sec-ch-ua-platform': '"Windows"',
  authorization: 'Bearer eyJhbGciOiJIUzI1NiIsInR5cCI6IkpXVCJ9.eyJpZCI6IjZhNGZkNTQ2NDQwMjVkMWU5YzlkODIzMSIsInJvbGUiOiJhZG1pbiIsImlhdCI6MTc4MzY5NzMzMCwiZXhwIjoxNzgzNjk4MjMwfQ.zAdMGvjzUEroTAtxZU4vZQjmHNu9M4BGmc0ojrLhpyE',
  'user-agent': 'Mozilla/5.0 (Windows NT 10.0; Win64; x64) AppleWebKit/537.36 (KHTML, like Gecko) Chrome/149.0.0.0 Safari/537.36',
  'sec-ch-ua': '"Google Chrome";v="149", "Chromium";v="149", "Not)A;Brand";v="24"',
  'sec-ch-ua-mobile': '?0',
  accept: '*/*',
  origin: 'http://localhost:5173',
  'sec-fetch-site': 'same-site',
  'sec-fetch-mode': 'cors',
  'sec-fetch-dest': 'empty',
  referer: 'http://localhost:5173/',
  'accept-encoding': 'gzip, deflate, br, zstd',
  'accept-language': 'en-US,en;q=0.9',
  'if-none-match': 'W/"204-CRR+/7AOQoN8LVxngVASJf/ZWsM"'
}
Bearer eyJhbGciOiJIUzI1NiIsInR5cCI6IkpXVCJ9.eyJpZCI6IjZhNGZkNTQ2NDQwMjVkMWU5YzlkODIzMSIsInJvbGUiOiJhZG1pbiIsImlhdCI6MTc4MzY5NzMzMCwiZXhwIjoxNzgzNjk4MjMwfQ.zAdMGvjzUEroTAtxZU4vZQjmHNu9M4BGmc0ojrLhpyE
{
  host: 'localhost:3000',
  connection: 'keep-alive',
  'content-length': '148',
  'sec-ch-ua-platform': '"Windows"',
  authorization: 'Bearer eyJhbGciOiJIUzI1NiIsInR5cCI6IkpXVCJ9.eyJpZCI6IjZhNGZkNTQ2NDQwMjVkMWU5YzlkODIzMSIsInJvbGUiOiJhZG1pbiIsImlhdCI6MTc4MzY5NzMzMCwiZXhwIjoxNzgzNjk4MjMwfQ.zAdMGvjzUEroTAtxZU4vZQjmHNu9M4BGmc0ojrLhpyE',
  'user-agent': 'Mozilla/5.0 (Windows NT 10.0; Win64; x64) AppleWebKit/537.36 (KHTML, like Gecko) Chrome/149.0.0.0 Safari/537.36',
  'sec-ch-ua': '"Google Chrome";v="149", "Chromium";v="149", "Not)A;Brand";v="24"',
  'content-type': 'application/json',
  'sec-ch-ua-mobile': '?0',
  accept: '*/*',
  origin: 'http://localhost:5173',
  'sec-fetch-site': 'same-site',
  'sec-fetch-mode': 'cors',
  'sec-fetch-dest': 'empty',
  referer: 'http://localhost:5173/',
  'accept-encoding': 'gzip, deflate, br, zstd',
  'accept-language': 'en-US,en;q=0.9'
}
Bearer eyJhbGciOiJIUzI1NiIsInR5cCI6IkpXVCJ9.eyJpZCI6IjZhNGZkNTQ2NDQwMjVkMWU5YzlkODIzMSIsInJvbGUiOiJhZG1pbiIsImlhdCI6MTc4MzY5NzMzMCwiZXhwIjoxNzgzNjk4MjMwfQ.zAdMGvjzUEroTAtxZU4vZQjmHNu9M4BGmc0ojrLhpyE
{
  host: 'localhost:3000',
  connection: 'keep-alive',
  'content-length': '116',
  'sec-ch-ua-platform': '"Windows"',
  authorization: 'Bearer eyJhbGciOiJIUzI1NiIsInR5cCI6IkpXVCJ9.eyJpZCI6IjZhNGZkNTQ2NDQwMjVkMWU5YzlkODIzMSIsInJvbGUiOiJhZG1pbiIsImlhdCI6MTc4MzY5NzMzMCwiZXhwIjoxNzgzNjk4MjMwfQ.zAdMGvjzUEroTAtxZU4vZQjmHNu9M4BGmc0ojrLhpyE',
  'user-agent': 'Mozilla/5.0 (Windows NT 10.0; Win64; x64) AppleWebKit/537.36 (KHTML, like Gecko) Chrome/149.0.0.0 Safari/537.36',
  'sec-ch-ua': '"Google Chrome";v="149", "Chromium";v="149", "Not)A;Brand";v="24"',
  'content-type': 'application/json',
  'sec-ch-ua-mobile': '?0',
  accept: '*/*',
  origin: 'http://localhost:5173',
  'sec-fetch-site': 'same-site',
  'sec-fetch-mode': 'cors',
  'sec-fetch-dest': 'empty',
  referer: 'http://localhost:5173/',
  'accept-encoding': 'gzip, deflate, br, zstd',
  'accept-language': 'en-US,en;q=0.9'
}
Bearer eyJhbGciOiJIUzI1NiIsInR5cCI6IkpXVCJ9.eyJpZCI6IjZhNGZkNTQ2NDQwMjVkMWU5YzlkODIzMSIsInJvbGUiOiJhZG1pbiIsImlhdCI6MTc4MzY5NzMzMCwiZXhwIjoxNzgzNjk4MjMwfQ.zAdMGvjzUEroTAtxZU4vZQjmHNu9M4BGmc0ojrLhpyE
{
  host: 'localhost:3000',
  connection: 'keep-alive',
  'content-length': '116',
  'sec-ch-ua-platform': '"Windows"',
  authorization: 'Bearer eyJhbGciOiJIUzI1NiIsInR5cCI6IkpXVCJ9.eyJpZCI6IjZhNGZkNTQ2NDQwMjVkMWU5YzlkODIzMSIsInJvbGUiOiJhZG1pbiIsImlhdCI6MTc4MzY5NzMzMCwiZXhwIjoxNzgzNjk4MjMwfQ.zAdMGvjzUEroTAtxZU4vZQjmHNu9M4BGmc0ojrLhpyE',
  'user-agent': 'Mozilla/5.0 (Windows NT 10.0; Win64; x64) AppleWebKit/537.36 (KHTML, like Gecko) Chrome/149.0.0.0 Safari/537.36',
  'sec-ch-ua': '"Google Chrome";v="149", "Chromium";v="149", "Not)A;Brand";v="24"',
  'content-type': 'application/json',
  'sec-ch-ua-mobile': '?0',
  accept: '*/*',
  origin: 'http://localhost:5173',
  'sec-fetch-site': 'same-site',
  'sec-fetch-mode': 'cors',
  'sec-fetch-dest': 'empty',
  referer: 'http://localhost:5173/',
  'accept-encoding': 'gzip, deflate, br, zstd',
  'accept-language': 'en-US,en;q=0.9'
}
Bearer eyJhbGciOiJIUzI1NiIsInR5cCI6IkpXVCJ9.eyJpZCI6IjZhNGZkNTQ2NDQwMjVkMWU5YzlkODIzMSIsInJvbGUiOiJhZG1pbiIsImlhdCI6MTc4MzY5NzMzMCwiZXhwIjoxNzgzNjk4MjMwfQ.zAdMGvjzUEroTAtxZU4vZQjmHNu9M4BGmc0ojrLhpyE
{
  host: 'localhost:3000',
  connection: 'keep-alive',
  'sec-ch-ua-platform': '"Windows"',
  authorization: 'Bearer eyJhbGciOiJIUzI1NiIsInR5cCI6IkpXVCJ9.eyJpZCI6IjZhNGZkNTQ2NDQwMjVkMWU5YzlkODIzMSIsInJvbGUiOiJhZG1pbiIsImlhdCI6MTc4MzY5NzMzMCwiZXhwIjoxNzgzNjk4MjMwfQ.zAdMGvjzUEroTAtxZU4vZQjmHNu9M4BGmc0ojrLhpyE',
  'user-agent': 'Mozilla/5.0 (Windows NT 10.0; Win64; x64) AppleWebKit/537.36 (KHTML, like Gecko) Chrome/149.0.0.0 Safari/537.36',
  'sec-ch-ua': '"Google Chrome";v="149", "Chromium";v="149", "Not)A;Brand";v="24"',
  'sec-ch-ua-mobile': '?0',
  accept: '*/*',
  origin: 'http://localhost:5173',
  'sec-fetch-site': 'same-site',
  'sec-fetch-mode': 'cors',
  'sec-fetch-dest': 'empty',
  referer: 'http://localhost:5173/',
  'accept-encoding': 'gzip, deflate, br, zstd',
  'accept-language': 'en-US,en;q=0.9',
  'if-none-match': 'W/"7c-eOXo3RJuDDEvIybIvVWLkrNw3Ss"'
}
Bearer eyJhbGciOiJIUzI1NiIsInR5cCI6IkpXVCJ9.eyJpZCI6IjZhNGZkNTQ2NDQwMjVkMWU5YzlkODIzMSIsInJvbGUiOiJhZG1pbiIsImlhdCI6MTc4MzY5NzMzMCwiZXhwIjoxNzgzNjk4MjMwfQ.zAdMGvjzUEroTAtxZU4vZQjmHNu9M4BGmc0ojrLhpyE
{
  host: 'localhost:3000',
  connection: 'keep-alive',
  'sec-ch-ua-platform': '"Windows"',
  authorization: 'Bearer eyJhbGciOiJIUzI1NiIsInR5cCI6IkpXVCJ9.eyJpZCI6IjZhNGZkNTQ2NDQwMjVkMWU5YzlkODIzMSIsInJvbGUiOiJhZG1pbiIsImlhdCI6MTc4MzY5NzMzMCwiZXhwIjoxNzgzNjk4MjMwfQ.zAdMGvjzUEroTAtxZU4vZQjmHNu9M4BGmc0ojrLhpyE',
  'user-agent': 'Mozilla/5.0 (Windows NT 10.0; Win64; x64) AppleWebKit/537.36 (KHTML, like Gecko) Chrome/149.0.0.0 Safari/537.36',
  'sec-ch-ua': '"Google Chrome";v="149", "Chromium";v="149", "Not)A;Brand";v="24"',
  'sec-ch-ua-mobile': '?0',
  accept: '*/*',
  origin: 'http://localhost:5173',
  'sec-fetch-site': 'same-site',
  'sec-fetch-mode': 'cors',
  'sec-fetch-dest': 'empty',
  referer: 'http://localhost:5173/',
  'accept-encoding': 'gzip, deflate, br, zstd',
  'accept-language': 'en-US,en;q=0.9',
  'if-none-match': 'W/"7c-eOXo3RJuDDEvIybIvVWLkrNw3Ss"'
}
Bearer eyJhbGciOiJIUzI1NiIsInR5cCI6IkpXVCJ9.eyJpZCI6IjZhNGZkNTQ2NDQwMjVkMWU5YzlkODIzMSIsInJvbGUiOiJhZG1pbiIsImlhdCI6MTc4MzY5NzMzMCwiZXhwIjoxNzgzNjk4MjMwfQ.zAdMGvjzUEroTAtxZU4vZQjmHNu9M4BGmc0ojrLhpyE
{
  host: 'localhost:3000',
  connection: 'keep-alive',
  'content-length': '117',
  'sec-ch-ua-platform': '"Windows"',
  authorization: 'Bearer eyJhbGciOiJIUzI1NiIsInR5cCI6IkpXVCJ9.eyJpZCI6IjZhNGZkNTQ2NDQwMjVkMWU5YzlkODIzMSIsInJvbGUiOiJhZG1pbiIsImlhdCI6MTc4MzY5NzMzMCwiZXhwIjoxNzgzNjk4MjMwfQ.zAdMGvjzUEroTAtxZU4vZQjmHNu9M4BGmc0ojrLhpyE',
  'user-agent': 'Mozilla/5.0 (Windows NT 10.0; Win64; x64) AppleWebKit/537.36 (KHTML, like Gecko) Chrome/149.0.0.0 Safari/537.36',
  'sec-ch-ua': '"Google Chrome";v="149", "Chromium";v="149", "Not)A;Brand";v="24"',
  'content-type': 'application/json',
  'sec-ch-ua-mobile': '?0',
  accept: '*/*',
  origin: 'http://localhost:5173',
  'sec-fetch-site': 'same-site',
  'sec-fetch-mode': 'cors',
  'sec-fetch-dest': 'empty',
  referer: 'http://localhost:5173/',
  'accept-encoding': 'gzip, deflate, br, zstd',
  'accept-language': 'en-US,en;q=0.9'
}
Bearer eyJhbGciOiJIUzI1NiIsInR5cCI6IkpXVCJ9.eyJpZCI6IjZhNGZkNTQ2NDQwMjVkMWU5YzlkODIzMSIsInJvbGUiOiJhZG1pbiIsImlhdCI6MTc4MzY5NzMzMCwiZXhwIjoxNzgzNjk4MjMwfQ.zAdMGvjzUEroTAtxZU4vZQjmHNu9M4BGmc0ojrLhpyE
{
  host: 'localhost:3000',
  connection: 'keep-alive',
  'content-length': '117',
  'sec-ch-ua-platform': '"Windows"',
  authorization: 'Bearer eyJhbGciOiJIUzI1NiIsInR5cCI6IkpXVCJ9.eyJpZCI6IjZhNGZkNTQ2NDQwMjVkMWU5YzlkODIzMSIsInJvbGUiOiJhZG1pbiIsImlhdCI6MTc4MzY5NzMzMCwiZXhwIjoxNzgzNjk4MjMwfQ.zAdMGvjzUEroTAtxZU4vZQjmHNu9M4BGmc0ojrLhpyE',
  'user-agent': 'Mozilla/5.0 (Windows NT 10.0; Win64; x64) AppleWebKit/537.36 (KHTML, like Gecko) Chrome/149.0.0.0 Safari/537.36',
  'sec-ch-ua': '"Google Chrome";v="149", "Chromium";v="149", "Not)A;Brand";v="24"',
  'content-type': 'application/json',
  'sec-ch-ua-mobile': '?0',
  accept: '*/*',
  origin: 'http://localhost:5173',
  'sec-fetch-site': 'same-site',
  'sec-fetch-mode': 'cors',
  'sec-fetch-dest': 'empty',
  referer: 'http://localhost:5173/',
  'accept-encoding': 'gzip, deflate, br, zstd',
  'accept-language': 'en-US,en;q=0.9'
}
Bearer eyJhbGciOiJIUzI1NiIsInR5cCI6IkpXVCJ9.eyJpZCI6IjZhNGZkNTQ2NDQwMjVkMWU5YzlkODIzMSIsInJvbGUiOiJhZG1pbiIsImlhdCI6MTc4MzY5NzMzMCwiZXhwIjoxNzgzNjk4MjMwfQ.zAdMGvjzUEroTAtxZU4vZQjmHNu9M4BGmc0ojrLhpyE
{
  host: 'localhost:3000',
  connection: 'keep-alive',
  'content-length': '117',
  'sec-ch-ua-platform': '"Windows"',
  authorization: 'Bearer eyJhbGciOiJIUzI1NiIsInR5cCI6IkpXVCJ9.eyJpZCI6IjZhNGZkNTQ2NDQwMjVkMWU5YzlkODIzMSIsInJvbGUiOiJhZG1pbiIsImlhdCI6MTc4MzY5NzMzMCwiZXhwIjoxNzgzNjk4MjMwfQ.zAdMGvjzUEroTAtxZU4vZQjmHNu9M4BGmc0ojrLhpyE',
  'user-agent': 'Mozilla/5.0 (Windows NT 10.0; Win64; x64) AppleWebKit/537.36 (KHTML, like Gecko) Chrome/149.0.0.0 Safari/537.36',
  'sec-ch-ua': '"Google Chrome";v="149", "Chromium";v="149", "Not)A;Brand";v="24"',
  'content-type': 'application/json',
  'sec-ch-ua-mobile': '?0',
  accept: '*/*',
  origin: 'http://localhost:5173',
  'sec-fetch-site': 'same-site',
  'sec-fetch-mode': 'cors',
  'sec-fetch-dest': 'empty',
  referer: 'http://localhost:5173/',
  'accept-encoding': 'gzip, deflate, br, zstd',
  'accept-language': 'en-US,en;q=0.9'
}
Bearer eyJhbGciOiJIUzI1NiIsInR5cCI6IkpXVCJ9.eyJpZCI6IjZhNGZkNTQ2NDQwMjVkMWU5YzlkODIzMSIsInJvbGUiOiJhZG1pbiIsImlhdCI6MTc4MzY5NzMzMCwiZXhwIjoxNzgzNjk4MjMwfQ.zAdMGvjzUEroTAtxZU4vZQjmHNu9M4BGmc0ojrLhpyE
{
  host: 'localhost:3000',
  connection: 'keep-alive',
  'sec-ch-ua-platform': '"Windows"',
  authorization: 'Bearer eyJhbGciOiJIUzI1NiIsInR5cCI6IkpXVCJ9.eyJpZCI6IjZhNGZkNTQ2NDQwMjVkMWU5YzlkODIzMSIsInJvbGUiOiJhZG1pbiIsImlhdCI6MTc4MzY5NzMzMCwiZXhwIjoxNzgzNjk4MjMwfQ.zAdMGvjzUEroTAtxZU4vZQjmHNu9M4BGmc0ojrLhpyE',
  'user-agent': 'Mozilla/5.0 (Windows NT 10.0; Win64; x64) AppleWebKit/537.36 (KHTML, like Gecko) Chrome/149.0.0.0 Safari/537.36',
  'sec-ch-ua': '"Google Chrome";v="149", "Chromium";v="149", "Not)A;Brand";v="24"',
  'sec-ch-ua-mobile': '?0',
  accept: '*/*',
  origin: 'http://localhost:5173',
  'sec-fetch-site': 'same-site',
  'sec-fetch-mode': 'cors',
  'sec-fetch-dest': 'empty',
  referer: 'http://localhost:5173/',
  'accept-encoding': 'gzip, deflate, br, zstd',
  'accept-language': 'en-US,en;q=0.9',
  'if-none-match': 'W/"204-CRR+/7AOQoN8LVxngVASJf/ZWsM"'
}
Bearer eyJhbGciOiJIUzI1NiIsInR5cCI6IkpXVCJ9.eyJpZCI6IjZhNGZkNTQ2NDQwMjVkMWU5YzlkODIzMSIsInJvbGUiOiJhZG1pbiIsImlhdCI6MTc4MzY5NzMzMCwiZXhwIjoxNzgzNjk4MjMwfQ.zAdMGvjzUEroTAtxZU4vZQjmHNu9M4BGmc0ojrLhpyE
{
  host: 'localhost:3000',
  connection: 'keep-alive',
  'sec-ch-ua-platform': '"Windows"',
  authorization: 'Bearer eyJhbGciOiJIUzI1NiIsInR5cCI6IkpXVCJ9.eyJpZCI6IjZhNGZkNTQ2NDQwMjVkMWU5YzlkODIzMSIsInJvbGUiOiJhZG1pbiIsImlhdCI6MTc4MzY5NzMzMCwiZXhwIjoxNzgzNjk4MjMwfQ.zAdMGvjzUEroTAtxZU4vZQjmHNu9M4BGmc0ojrLhpyE',
  'user-agent': 'Mozilla/5.0 (Windows NT 10.0; Win64; x64) AppleWebKit/537.36 (KHTML, like Gecko) Chrome/149.0.0.0 Safari/537.36',
  'sec-ch-ua': '"Google Chrome";v="149", "Chromium";v="149", "Not)A;Brand";v="24"',
  'sec-ch-ua-mobile': '?0',
  accept: '*/*',
  origin: 'http://localhost:5173',
  'sec-fetch-site': 'same-site',
  'sec-fetch-mode': 'cors',
  'sec-fetch-dest': 'empty',
  referer: 'http://localhost:5173/',
  'accept-encoding': 'gzip, deflate, br, zstd',
  'accept-language': 'en-US,en;q=0.9',
  'if-none-match': 'W/"3e1-4rDKaJBqKOCFoNnZ3M8WPI4E1oI"'
}
Bearer eyJhbGciOiJIUzI1NiIsInR5cCI6IkpXVCJ9.eyJpZCI6IjZhNGZkNTQ2NDQwMjVkMWU5YzlkODIzMSIsInJvbGUiOiJhZG1pbiIsImlhdCI6MTc4MzY5NzMzMCwiZXhwIjoxNzgzNjk4MjMwfQ.zAdMGvjzUEroTAtxZU4vZQjmHNu9M4BGmc0ojrLhpyE
{
  host: 'localhost:3000',
  connection: 'keep-alive',
  'content-length': '94',
  'sec-ch-ua-platform': '"Windows"',
  authorization: 'Bearer eyJhbGciOiJIUzI1NiIsInR5cCI6IkpXVCJ9.eyJpZCI6IjZhNGZkNTQ2NDQwMjVkMWU5YzlkODIzMSIsInJvbGUiOiJhZG1pbiIsImlhdCI6MTc4MzY5NzMzMCwiZXhwIjoxNzgzNjk4MjMwfQ.zAdMGvjzUEroTAtxZU4vZQjmHNu9M4BGmc0ojrLhpyE',
  'user-agent': 'Mozilla/5.0 (Windows NT 10.0; Win64; x64) AppleWebKit/537.36 (KHTML, like Gecko) Chrome/149.0.0.0 Safari/537.36',
  'sec-ch-ua': '"Google Chrome";v="149", "Chromium";v="149", "Not)A;Brand";v="24"',
  'content-type': 'application/json',
  'sec-ch-ua-mobile': '?0',
  accept: '*/*',
  origin: 'http://localhost:5173',
  'sec-fetch-site': 'same-site',
  'sec-fetch-mode': 'cors',
  'sec-fetch-dest': 'empty',
  referer: 'http://localhost:5173/',
  'accept-encoding': 'gzip, deflate, br, zstd',
  'accept-language': 'en-US,en;q=0.9'
}
Bearer eyJhbGciOiJIUzI1NiIsInR5cCI6IkpXVCJ9.eyJpZCI6IjZhNGZkNTQ2NDQwMjVkMWU5YzlkODIzMSIsInJvbGUiOiJhZG1pbiIsImlhdCI6MTc4MzY5NzMzMCwiZXhwIjoxNzgzNjk4MjMwfQ.zAdMGvjzUEroTAtxZU4vZQjmHNu9M4BGmc0ojrLhpyE
{
  host: 'localhost:3000',
  connection: 'keep-alive',
  'sec-ch-ua-platform': '"Windows"',
  authorization: 'Bearer eyJhbGciOiJIUzI1NiIsInR5cCI6IkpXVCJ9.eyJpZCI6IjZhNGZkNTQ2NDQwMjVkMWU5YzlkODIzMSIsInJvbGUiOiJhZG1pbiIsImlhdCI6MTc4MzY5NzMzMCwiZXhwIjoxNzgzNjk4MjMwfQ.zAdMGvjzUEroTAtxZU4vZQjmHNu9M4BGmc0ojrLhpyE',
  'user-agent': 'Mozilla/5.0 (Windows NT 10.0; Win64; x64) AppleWebKit/537.36 (KHTML, like Gecko) Chrome/149.0.0.0 Safari/537.36',
  'sec-ch-ua': '"Google Chrome";v="149", "Chromium";v="149", "Not)A;Brand";v="24"',
  'sec-ch-ua-mobile': '?0',
  accept: '*/*',
  origin: 'http://localhost:5173',
  'sec-fetch-site': 'same-site',
  'sec-fetch-mode': 'cors',
  'sec-fetch-dest': 'empty',
  referer: 'http://localhost:5173/',
  'accept-encoding': 'gzip, deflate, br, zstd',
  'accept-language': 'en-US,en;q=0.9',
  'if-none-match': 'W/"1f7-5sShTGEBknqnWX0WpubSt4wbqUU"'
}
Bearer eyJhbGciOiJIUzI1NiIsInR5cCI6IkpXVCJ9.eyJpZCI6IjZhNGZkNTQ2NDQwMjVkMWU5YzlkODIzMSIsInJvbGUiOiJhZG1pbiIsImlhdCI6MTc4MzY5NzMzMCwiZXhwIjoxNzgzNjk4MjMwfQ.zAdMGvjzUEroTAtxZU4vZQjmHNu9M4BGmc0ojrLhpyE
{
  host: 'localhost:3000',
  connection: 'keep-alive',
  'sec-ch-ua-platform': '"Windows"',
  authorization: 'Bearer eyJhbGciOiJIUzI1NiIsInR5cCI6IkpXVCJ9.eyJpZCI6IjZhNGZkNTQ2NDQwMjVkMWU5YzlkODIzMSIsInJvbGUiOiJhZG1pbiIsImlhdCI6MTc4MzY5NzMzMCwiZXhwIjoxNzgzNjk4MjMwfQ.zAdMGvjzUEroTAtxZU4vZQjmHNu9M4BGmc0ojrLhpyE',
  'user-agent': 'Mozilla/5.0 (Windows NT 10.0; Win64; x64) AppleWebKit/537.36 (KHTML, like Gecko) Chrome/149.0.0.0 Safari/537.36',
  'sec-ch-ua': '"Google Chrome";v="149", "Chromium";v="149", "Not)A;Brand";v="24"',
  'sec-ch-ua-mobile': '?0',
  accept: '*/*',
  origin: 'http://localhost:5173',
  'sec-fetch-site': 'same-site',
  'sec-fetch-mode': 'cors',
  'sec-fetch-dest': 'empty',
  referer: 'http://localhost:5173/',
  'accept-encoding': 'gzip, deflate, br, zstd',
  'accept-language': 'en-US,en;q=0.9',
  'if-none-match': 'W/"59e-OWPVAhS32QONxUWYLug0SfqUQs0"'
}
Bearer eyJhbGciOiJIUzI1NiIsInR5cCI6IkpXVCJ9.eyJpZCI6IjZhNGZkNTQ2NDQwMjVkMWU5YzlkODIzMSIsInJvbGUiOiJhZG1pbiIsImlhdCI6MTc4MzY5NzMzMCwiZXhwIjoxNzgzNjk4MjMwfQ.zAdMGvjzUEroTAtxZU4vZQjmHNu9M4BGmc0ojrLhpyE
{
  host: 'localhost:3000',
  connection: 'keep-alive',
  'sec-ch-ua-platform': '"Windows"',
  authorization: 'Bearer eyJhbGciOiJIUzI1NiIsInR5cCI6IkpXVCJ9.eyJpZCI6IjZhNGZkNTQ2NDQwMjVkMWU5YzlkODIzMSIsInJvbGUiOiJhZG1pbiIsImlhdCI6MTc4MzY5NzMzMCwiZXhwIjoxNzgzNjk4MjMwfQ.zAdMGvjzUEroTAtxZU4vZQjmHNu9M4BGmc0ojrLhpyE',
  'user-agent': 'Mozilla/5.0 (Windows NT 10.0; Win64; x64) AppleWebKit/537.36 (KHTML, like Gecko) Chrome/149.0.0.0 Safari/537.36',
  'sec-ch-ua': '"Google Chrome";v="149", "Chromium";v="149", "Not)A;Brand";v="24"',
  'sec-ch-ua-mobile': '?0',
  accept: '*/*',
  origin: 'http://localhost:5173',
  'sec-fetch-site': 'same-site',
  'sec-fetch-mode': 'cors',
  'sec-fetch-dest': 'empty',
  referer: 'http://localhost:5173/',
  'accept-encoding': 'gzip, deflate, br, zstd',
  'accept-language': 'en-US,en;q=0.9',
  'if-none-match': 'W/"59e-jN90TNSVREnEuXCyb+tAddu24Vo"'
}
Bearer eyJhbGciOiJIUzI1NiIsInR5cCI6IkpXVCJ9.eyJpZCI6IjZhNGZkNTQ2NDQwMjVkMWU5YzlkODIzMSIsInJvbGUiOiJhZG1pbiIsImlhdCI6MTc4MzY5NzMzMCwiZXhwIjoxNzgzNjk4MjMwfQ.zAdMGvjzUEroTAtxZU4vZQjmHNu9M4BGmc0ojrLhpyE
{
  host: 'localhost:3000',
  connection: 'keep-alive',
  'content-length': '178',
  'sec-ch-ua-platform': '"Windows"',
  authorization: 'Bearer eyJhbGciOiJIUzI1NiIsInR5cCI6IkpXVCJ9.eyJpZCI6IjZhNGZkNTQ2NDQwMjVkMWU5YzlkODIzMSIsInJvbGUiOiJhZG1pbiIsImlhdCI6MTc4MzY5NzMzMCwiZXhwIjoxNzgzNjk4MjMwfQ.zAdMGvjzUEroTAtxZU4vZQjmHNu9M4BGmc0ojrLhpyE',
  'user-agent': 'Mozilla/5.0 (Windows NT 10.0; Win64; x64) AppleWebKit/537.36 (KHTML, like Gecko) Chrome/149.0.0.0 Safari/537.36',
  'sec-ch-ua': '"Google Chrome";v="149", "Chromium";v="149", "Not)A;Brand";v="24"',
  'content-type': 'application/json',
  'sec-ch-ua-mobile': '?0',
  accept: '*/*',
  origin: 'http://localhost:5173',
  'sec-fetch-site': 'same-site',
  'sec-fetch-mode': 'cors',
  'sec-fetch-dest': 'empty',
  referer: 'http://localhost:5173/',
  'accept-encoding': 'gzip, deflate, br, zstd',
  'accept-language': 'en-US,en;q=0.9'
}
Bearer eyJhbGciOiJIUzI1NiIsInR5cCI6IkpXVCJ9.eyJpZCI6IjZhNGZkNTQ2NDQwMjVkMWU5YzlkODIzMSIsInJvbGUiOiJhZG1pbiIsImlhdCI6MTc4MzY5NzMzMCwiZXhwIjoxNzgzNjk4MjMwfQ.zAdMGvjzUEroTAtxZU4vZQjmHNu9M4BGmc0ojrLhpyE
{
  host: 'localhost:3000',
  connection: 'keep-alive',
  'sec-ch-ua-platform': '"Windows"',
  authorization: 'Bearer eyJhbGciOiJIUzI1NiIsInR5cCI6IkpXVCJ9.eyJpZCI6IjZhNGZkNTQ2NDQwMjVkMWU5YzlkODIzMSIsInJvbGUiOiJhZG1pbiIsImlhdCI6MTc4MzY5NzMzMCwiZXhwIjoxNzgzNjk4MjMwfQ.zAdMGvjzUEroTAtxZU4vZQjmHNu9M4BGmc0ojrLhpyE',
  'user-agent': 'Mozilla/5.0 (Windows NT 10.0; Win64; x64) AppleWebKit/537.36 (KHTML, like Gecko) Chrome/149.0.0.0 Safari/537.36',
  'sec-ch-ua': '"Google Chrome";v="149", "Chromium";v="149", "Not)A;Brand";v="24"',
  'sec-ch-ua-mobile': '?0',
  accept: '*/*',
  origin: 'http://localhost:5173',
  'sec-fetch-site': 'same-site',
  'sec-fetch-mode': 'cors',
  'sec-fetch-dest': 'empty',
  referer: 'http://localhost:5173/',
  'accept-encoding': 'gzip, deflate, br, zstd',
  'accept-language': 'en-US,en;q=0.9',
  'if-none-match': 'W/"3e1-4rDKaJBqKOCFoNnZ3M8WPI4E1oI"'
}
Bearer eyJhbGciOiJIUzI1NiIsInR5cCI6IkpXVCJ9.eyJpZCI6IjZhNGZkNTQ2NDQwMjVkMWU5YzlkODIzMSIsInJvbGUiOiJhZG1pbiIsImlhdCI6MTc4MzY5NzMzMCwiZXhwIjoxNzgzNjk4MjMwfQ.zAdMGvjzUEroTAtxZU4vZQjmHNu9M4BGmc0ojrLhpyE
{
  host: 'localhost:3000',
  connection: 'keep-alive',
  'sec-ch-ua-platform': '"Windows"',
  authorization: 'Bearer eyJhbGciOiJIUzI1NiIsInR5cCI6IkpXVCJ9.eyJpZCI6IjZhNGZkNTQ2NDQwMjVkMWU5YzlkODIzMSIsInJvbGUiOiJhZG1pbiIsImlhdCI6MTc4MzY5NzMzMCwiZXhwIjoxNzgzNjk4MjMwfQ.zAdMGvjzUEroTAtxZU4vZQjmHNu9M4BGmc0ojrLhpyE',
  'user-agent': 'Mozilla/5.0 (Windows NT 10.0; Win64; x64) AppleWebKit/537.36 (KHTML, like Gecko) Chrome/149.0.0.0 Safari/537.36',
  'sec-ch-ua': '"Google Chrome";v="149", "Chromium";v="149", "Not)A;Brand";v="24"',
  'sec-ch-ua-mobile': '?0',
  accept: '*/*',
  origin: 'http://localhost:5173',
  'sec-fetch-site': 'same-site',
  'sec-fetch-mode': 'cors',
  'sec-fetch-dest': 'empty',
  referer: 'http://localhost:5173/',
  'accept-encoding': 'gzip, deflate, br, zstd',
  'accept-language': 'en-US,en;q=0.9',
  'if-none-match': 'W/"3e1-4rDKaJBqKOCFoNnZ3M8WPI4E1oI"'
}
Bearer eyJhbGciOiJIUzI1NiIsInR5cCI6IkpXVCJ9.eyJpZCI6IjZhNGZkNTQ2NDQwMjVkMWU5YzlkODIzMSIsInJvbGUiOiJhZG1pbiIsImlhdCI6MTc4MzY5NzMzMCwiZXhwIjoxNzgzNjk4MjMwfQ.zAdMGvjzUEroTAtxZU4vZQjmHNu9M4BGmc0ojrLhpyE
{
  host: 'localhost:3000',
  connection: 'keep-alive',
  'sec-ch-ua-platform': '"Windows"',
  authorization: 'Bearer eyJhbGciOiJIUzI1NiIsInR5cCI6IkpXVCJ9.eyJpZCI6IjZhNGZkNTQ2NDQwMjVkMWU5YzlkODIzMSIsInJvbGUiOiJhZG1pbiIsImlhdCI6MTc4MzY5NzMzMCwiZXhwIjoxNzgzNjk4MjMwfQ.zAdMGvjzUEroTAtxZU4vZQjmHNu9M4BGmc0ojrLhpyE',
  'user-agent': 'Mozilla/5.0 (Windows NT 10.0; Win64; x64) AppleWebKit/537.36 (KHTML, like Gecko) Chrome/149.0.0.0 Safari/537.36',
  'sec-ch-ua': '"Google Chrome";v="149", "Chromium";v="149", "Not)A;Brand";v="24"',
  'sec-ch-ua-mobile': '?0',
  accept: '*/*',
  origin: 'http://localhost:5173',
  'sec-fetch-site': 'same-site',
  'sec-fetch-mode': 'cors',
  'sec-fetch-dest': 'empty',
  referer: 'http://localhost:5173/',
  'accept-encoding': 'gzip, deflate, br, zstd',
  'accept-language': 'en-US,en;q=0.9',
  'if-none-match': 'W/"1f7-5sShTGEBknqnWX0WpubSt4wbqUU"'
}
Bearer eyJhbGciOiJIUzI1NiIsInR5cCI6IkpXVCJ9.eyJpZCI6IjZhNGZkNTQ2NDQwMjVkMWU5YzlkODIzMSIsInJvbGUiOiJhZG1pbiIsImlhdCI6MTc4MzY5NzMzMCwiZXhwIjoxNzgzNjk4MjMwfQ.zAdMGvjzUEroTAtxZU4vZQjmHNu9M4BGmc0ojrLhpyE
{
  host: 'localhost:3000',
  connection: 'keep-alive',
  'sec-ch-ua-platform': '"Windows"',
  authorization: 'Bearer eyJhbGciOiJIUzI1NiIsInR5cCI6IkpXVCJ9.eyJpZCI6IjZhNGZkNTQ2NDQwMjVkMWU5YzlkODIzMSIsInJvbGUiOiJhZG1pbiIsImlhdCI6MTc4MzY5NzMzMCwiZXhwIjoxNzgzNjk4MjMwfQ.zAdMGvjzUEroTAtxZU4vZQjmHNu9M4BGmc0ojrLhpyE',
  'user-agent': 'Mozilla/5.0 (Windows NT 10.0; Win64; x64) AppleWebKit/537.36 (KHTML, like Gecko) Chrome/149.0.0.0 Safari/537.36',
  'sec-ch-ua': '"Google Chrome";v="149", "Chromium";v="149", "Not)A;Brand";v="24"',
  'sec-ch-ua-mobile': '?0',
  accept: '*/*',
  origin: 'http://localhost:5173',
  'sec-fetch-site': 'same-site',
  'sec-fetch-mode': 'cors',
  'sec-fetch-dest': 'empty',
  referer: 'http://localhost:5173/',
  'accept-encoding': 'gzip, deflate, br, zstd',
  'accept-language': 'en-US,en;q=0.9',
  'if-none-match': 'W/"59e-jN90TNSVREnEuXCyb+tAddu24Vo"'
}
Bearer eyJhbGciOiJIUzI1NiIsInR5cCI6IkpXVCJ9.eyJpZCI6IjZhNGZkNTQ2NDQwMjVkMWU5YzlkODIzMSIsInJvbGUiOiJhZG1pbiIsImlhdCI6MTc4MzY5NzMzMCwiZXhwIjoxNzgzNjk4MjMwfQ.zAdMGvjzUEroTAtxZU4vZQjmHNu9M4BGmc0ojrLhpyE
{
  host: 'localhost:3000',
  connection: 'keep-alive',
  'sec-ch-ua-platform': '"Windows"',
  authorization: 'Bearer eyJhbGciOiJIUzI1NiIsInR5cCI6IkpXVCJ9.eyJpZCI6IjZhNGZkNTQ2NDQwMjVkMWU5YzlkODIzMSIsInJvbGUiOiJhZG1pbiIsImlhdCI6MTc4MzY5NzMzMCwiZXhwIjoxNzgzNjk4MjMwfQ.zAdMGvjzUEroTAtxZU4vZQjmHNu9M4BGmc0ojrLhpyE',
  'user-agent': 'Mozilla/5.0 (Windows NT 10.0; Win64; x64) AppleWebKit/537.36 (KHTML, like Gecko) Chrome/149.0.0.0 Safari/537.36',
  'sec-ch-ua': '"Google Chrome";v="149", "Chromium";v="149", "Not)A;Brand";v="24"',
  'sec-ch-ua-mobile': '?0',
  accept: '*/*',
  origin: 'http://localhost:5173',
  'sec-fetch-site': 'same-site',
  'sec-fetch-mode': 'cors',
  'sec-fetch-dest': 'empty',
  referer: 'http://localhost:5173/',
  'accept-encoding': 'gzip, deflate, br, zstd',
  'accept-language': 'en-US,en;q=0.9',
  'if-none-match': 'W/"59e-jN90TNSVREnEuXCyb+tAddu24Vo"'
}
Bearer eyJhbGciOiJIUzI1NiIsInR5cCI6IkpXVCJ9.eyJpZCI6IjZhNGZkNTQ2NDQwMjVkMWU5YzlkODIzMSIsInJvbGUiOiJhZG1pbiIsImlhdCI6MTc4MzY5NzMzMCwiZXhwIjoxNzgzNjk4MjMwfQ.zAdMGvjzUEroTAtxZU4vZQjmHNu9M4BGmc0ojrLhpyE
{
  host: 'localhost:3000',
  connection: 'keep-alive',
  'content-length': '178',
  'sec-ch-ua-platform': '"Windows"',
  authorization: 'Bearer eyJhbGciOiJIUzI1NiIsInR5cCI6IkpXVCJ9.eyJpZCI6IjZhNGZkNTQ2NDQwMjVkMWU5YzlkODIzMSIsInJvbGUiOiJhZG1pbiIsImlhdCI6MTc4MzY5NzMzMCwiZXhwIjoxNzgzNjk4MjMwfQ.zAdMGvjzUEroTAtxZU4vZQjmHNu9M4BGmc0ojrLhpyE',
  'user-agent': 'Mozilla/5.0 (Windows NT 10.0; Win64; x64) AppleWebKit/537.36 (KHTML, like Gecko) Chrome/149.0.0.0 Safari/537.36',
  'sec-ch-ua': '"Google Chrome";v="149", "Chromium";v="149", "Not)A;Brand";v="24"',
  'content-type': 'application/json',
  'sec-ch-ua-mobile': '?0',
  accept: '*/*',
  origin: 'http://localhost:5173',
  'sec-fetch-site': 'same-site',
  'sec-fetch-mode': 'cors',
  'sec-fetch-dest': 'empty',
  referer: 'http://localhost:5173/',
  'accept-encoding': 'gzip, deflate, br, zstd',
  'accept-language': 'en-US,en;q=0.9'
}
Bearer eyJhbGciOiJIUzI1NiIsInR5cCI6IkpXVCJ9.eyJpZCI6IjZhNGZkNTQ2NDQwMjVkMWU5YzlkODIzMSIsInJvbGUiOiJhZG1pbiIsImlhdCI6MTc4MzY5NzMzMCwiZXhwIjoxNzgzNjk4MjMwfQ.zAdMGvjzUEroTAtxZU4vZQjmHNu9M4BGmc0ojrLhpyE
{
  host: 'localhost:3000',
  connection: 'keep-alive',
  'content-length': '94',
  'sec-ch-ua-platform': '"Windows"',
  authorization: 'Bearer eyJhbGciOiJIUzI1NiIsInR5cCI6IkpXVCJ9.eyJpZCI6IjZhNGZkNTQ2NDQwMjVkMWU5YzlkODIzMSIsInJvbGUiOiJhZG1pbiIsImlhdCI6MTc4MzY5NzMzMCwiZXhwIjoxNzgzNjk4MjMwfQ.zAdMGvjzUEroTAtxZU4vZQjmHNu9M4BGmc0ojrLhpyE',
  'user-agent': 'Mozilla/5.0 (Windows NT 10.0; Win64; x64) AppleWebKit/537.36 (KHTML, like Gecko) Chrome/149.0.0.0 Safari/537.36',
  'sec-ch-ua': '"Google Chrome";v="149", "Chromium";v="149", "Not)A;Brand";v="24"',
  'content-type': 'application/json',
  'sec-ch-ua-mobile': '?0',
  accept: '*/*',
  origin: 'http://localhost:5173',
  'sec-fetch-site': 'same-site',
  'sec-fetch-mode': 'cors',
  'sec-fetch-dest': 'empty',
  referer: 'http://localhost:5173/',
  'accept-encoding': 'gzip, deflate, br, zstd',
  'accept-language': 'en-US,en;q=0.9'
}
Bearer eyJhbGciOiJIUzI1NiIsInR5cCI6IkpXVCJ9.eyJpZCI6IjZhNGZkNTQ2NDQwMjVkMWU5YzlkODIzMSIsInJvbGUiOiJhZG1pbiIsImlhdCI6MTc4MzY5NzMzMCwiZXhwIjoxNzgzNjk4MjMwfQ.zAdMGvjzUEroTAtxZU4vZQjmHNu9M4BGmc0ojrLhpyE
{
  host: 'localhost:3000',
  connection: 'keep-alive',
  'content-length': '94',
  'sec-ch-ua-platform': '"Windows"',
  authorization: 'Bearer eyJhbGciOiJIUzI1NiIsInR5cCI6IkpXVCJ9.eyJpZCI6IjZhNGZkNTQ2NDQwMjVkMWU5YzlkODIzMSIsInJvbGUiOiJhZG1pbiIsImlhdCI6MTc4MzY5NzMzMCwiZXhwIjoxNzgzNjk4MjMwfQ.zAdMGvjzUEroTAtxZU4vZQjmHNu9M4BGmc0ojrLhpyE',
  'user-agent': 'Mozilla/5.0 (Windows NT 10.0; Win64; x64) AppleWebKit/537.36 (KHTML, like Gecko) Chrome/149.0.0.0 Safari/537.36',
  'sec-ch-ua': '"Google Chrome";v="149", "Chromium";v="149", "Not)A;Brand";v="24"',
  'content-type': 'application/json',
  'sec-ch-ua-mobile': '?0',
  accept: '*/*',
  origin: 'http://localhost:5173',
  'sec-fetch-site': 'same-site',
  'sec-fetch-mode': 'cors',
  'sec-fetch-dest': 'empty',
  referer: 'http://localhost:5173/',
  'accept-encoding': 'gzip, deflate, br, zstd',
  'accept-language': 'en-US,en;q=0.9'
}
Bearer eyJhbGciOiJIUzI1NiIsInR5cCI6IkpXVCJ9.eyJpZCI6IjZhNGZkNTQ2NDQwMjVkMWU5YzlkODIzMSIsInJvbGUiOiJhZG1pbiIsImlhdCI6MTc4MzY5NzMzMCwiZXhwIjoxNzgzNjk4MjMwfQ.zAdMGvjzUEroTAtxZU4vZQjmHNu9M4BGmc0ojrLhpyE
{
  host: 'localhost:3000',
  connection: 'keep-alive',
  'content-length': '94',
  'sec-ch-ua-platform': '"Windows"',
  authorization: 'Bearer eyJhbGciOiJIUzI1NiIsInR5cCI6IkpXVCJ9.eyJpZCI6IjZhNGZkNTQ2NDQwMjVkMWU5YzlkODIzMSIsInJvbGUiOiJhZG1pbiIsImlhdCI6MTc4MzY5NzMzMCwiZXhwIjoxNzgzNjk4MjMwfQ.zAdMGvjzUEroTAtxZU4vZQjmHNu9M4BGmc0ojrLhpyE',
  'user-agent': 'Mozilla/5.0 (Windows NT 10.0; Win64; x64) AppleWebKit/537.36 (KHTML, like Gecko) Chrome/149.0.0.0 Safari/537.36',
  'sec-ch-ua': '"Google Chrome";v="149", "Chromium";v="149", "Not)A;Brand";v="24"',
  'content-type': 'application/json',
  'sec-ch-ua-mobile': '?0',
  accept: '*/*',
  origin: 'http://localhost:5173',
  'sec-fetch-site': 'same-site',
  'sec-fetch-mode': 'cors',
  'sec-fetch-dest': 'empty',
  referer: 'http://localhost:5173/',
  'accept-encoding': 'gzip, deflate, br, zstd',
  'accept-language': 'en-US,en;q=0.9'
}
Bearer eyJhbGciOiJIUzI1NiIsInR5cCI6IkpXVCJ9.eyJpZCI6IjZhNGZkNTQ2NDQwMjVkMWU5YzlkODIzMSIsInJvbGUiOiJhZG1pbiIsImlhdCI6MTc4MzY5NzMzMCwiZXhwIjoxNzgzNjk4MjMwfQ.zAdMGvjzUEroTAtxZU4vZQjmHNu9M4BGmc0ojrLhpyE
{
  host: 'localhost:3000',
  connection: 'keep-alive',
  'content-length': '94',
  'sec-ch-ua-platform': '"Windows"',
  authorization: 'Bearer eyJhbGciOiJIUzI1NiIsInR5cCI6IkpXVCJ9.eyJpZCI6IjZhNGZkNTQ2NDQwMjVkMWU5YzlkODIzMSIsInJvbGUiOiJhZG1pbiIsImlhdCI6MTc4MzY5NzMzMCwiZXhwIjoxNzgzNjk4MjMwfQ.zAdMGvjzUEroTAtxZU4vZQjmHNu9M4BGmc0ojrLhpyE',
  'user-agent': 'Mozilla/5.0 (Windows NT 10.0; Win64; x64) AppleWebKit/537.36 (KHTML, like Gecko) Chrome/149.0.0.0 Safari/537.36',
  'sec-ch-ua': '"Google Chrome";v="149", "Chromium";v="149", "Not)A;Brand";v="24"',
  'content-type': 'application/json',
  'sec-ch-ua-mobile': '?0',
  accept: '*/*',
  origin: 'http://localhost:5173',
  'sec-fetch-site': 'same-site',
  'sec-fetch-mode': 'cors',
  'sec-fetch-dest': 'empty',
  referer: 'http://localhost:5173/',
  'accept-encoding': 'gzip, deflate, br, zstd',
  'accept-language': 'en-US,en;q=0.9'
}
Bearer eyJhbGciOiJIUzI1NiIsInR5cCI6IkpXVCJ9.eyJpZCI6IjZhNGZkNTQ2NDQwMjVkMWU5YzlkODIzMSIsInJvbGUiOiJhZG1pbiIsImlhdCI6MTc4MzY5NzMzMCwiZXhwIjoxNzgzNjk4MjMwfQ.zAdMGvjzUEroTAtxZU4vZQjmHNu9M4BGmc0ojrLhpyE
{
  host: 'localhost:3000',
  connection: 'keep-alive',
  'content-length': '273',
  'sec-ch-ua-platform': '"Windows"',
  authorization: 'Bearer eyJhbGciOiJIUzI1NiIsInR5cCI6IkpXVCJ9.eyJpZCI6IjZhNGZkNTQ2NDQwMjVkMWU5YzlkODIzMSIsInJvbGUiOiJhZG1pbiIsImlhdCI6MTc4MzY5NzMzMCwiZXhwIjoxNzgzNjk4MjMwfQ.zAdMGvjzUEroTAtxZU4vZQjmHNu9M4BGmc0ojrLhpyE',
  'user-agent': 'Mozilla/5.0 (Windows NT 10.0; Win64; x64) AppleWebKit/537.36 (KHTML, like Gecko) Chrome/149.0.0.0 Safari/537.36',
  'sec-ch-ua': '"Google Chrome";v="149", "Chromium";v="149", "Not)A;Brand";v="24"',
  'content-type': 'application/json',
  'sec-ch-ua-mobile': '?0',
  accept: '*/*',
  origin: 'http://localhost:5173',
  'sec-fetch-site': 'same-site',
  'sec-fetch-mode': 'cors',
  'sec-fetch-dest': 'empty',
  referer: 'http://localhost:5173/',
  'accept-encoding': 'gzip, deflate, br, zstd',
  'accept-language': 'en-US,en;q=0.9'
}
Bearer eyJhbGciOiJIUzI1NiIsInR5cCI6IkpXVCJ9.eyJpZCI6IjZhNGZkNTQ2NDQwMjVkMWU5YzlkODIzMSIsInJvbGUiOiJhZG1pbiIsImlhdCI6MTc4MzY5NzMzMCwiZXhwIjoxNzgzNjk4MjMwfQ.zAdMGvjzUEroTAtxZU4vZQjmHNu9M4BGmc0ojrLhpyE
{
  host: 'localhost:3000',
  connection: 'keep-alive',
  'sec-ch-ua-platform': '"Windows"',
  authorization: 'Bearer eyJhbGciOiJIUzI1NiIsInR5cCI6IkpXVCJ9.eyJpZCI6IjZhNGZkNTQ2NDQwMjVkMWU5YzlkODIzMSIsInJvbGUiOiJhZG1pbiIsImlhdCI6MTc4MzY5NzMzMCwiZXhwIjoxNzgzNjk4MjMwfQ.zAdMGvjzUEroTAtxZU4vZQjmHNu9M4BGmc0ojrLhpyE',
  'user-agent': 'Mozilla/5.0 (Windows NT 10.0; Win64; x64) AppleWebKit/537.36 (KHTML, like Gecko) Chrome/149.0.0.0 Safari/537.36',
  'sec-ch-ua': '"Google Chrome";v="149", "Chromium";v="149", "Not)A;Brand";v="24"',
  'sec-ch-ua-mobile': '?0',
  accept: '*/*',
  origin: 'http://localhost:5173',
  'sec-fetch-site': 'same-site',
  'sec-fetch-mode': 'cors',
  'sec-fetch-dest': 'empty',
  referer: 'http://localhost:5173/',
  'accept-encoding': 'gzip, deflate, br, zstd',
  'accept-language': 'en-US,en;q=0.9'
}
Bearer eyJhbGciOiJIUzI1NiIsInR5cCI6IkpXVCJ9.eyJpZCI6IjZhNGZkNTQ2NDQwMjVkMWU5YzlkODIzMSIsInJvbGUiOiJhZG1pbiIsImlhdCI6MTc4MzY5NzMzMCwiZXhwIjoxNzgzNjk4MjMwfQ.zAdMGvjzUEroTAtxZU4vZQjmHNu9M4BGmc0ojrLhpyE
{
  host: 'localhost:3000',
  connection: 'keep-alive',
  'sec-ch-ua-platform': '"Windows"',
  authorization: 'Bearer eyJhbGciOiJIUzI1NiIsInR5cCI6IkpXVCJ9.eyJpZCI6IjZhNGZkNTQ2NDQwMjVkMWU5YzlkODIzMSIsInJvbGUiOiJhZG1pbiIsImlhdCI6MTc4MzY5NzMzMCwiZXhwIjoxNzgzNjk4MjMwfQ.zAdMGvjzUEroTAtxZU4vZQjmHNu9M4BGmc0ojrLhpyE',
  'user-agent': 'Mozilla/5.0 (Windows NT 10.0; Win64; x64) AppleWebKit/537.36 (KHTML, like Gecko) Chrome/149.0.0.0 Safari/537.36',
  'sec-ch-ua': '"Google Chrome";v="149", "Chromium";v="149", "Not)A;Brand";v="24"',
  'sec-ch-ua-mobile': '?0',
  accept: '*/*',
  origin: 'http://localhost:5173',
  'sec-fetch-site': 'same-site',
  'sec-fetch-mode': 'cors',
  'sec-fetch-dest': 'empty',
  referer: 'http://localhost:5173/',
  'accept-encoding': 'gzip, deflate, br, zstd',
  'accept-language': 'en-US,en;q=0.9'
}
Bearer eyJhbGciOiJIUzI1NiIsInR5cCI6IkpXVCJ9.eyJpZCI6IjZhNGZkNTQ2NDQwMjVkMWU5YzlkODIzMSIsInJvbGUiOiJhZG1pbiIsImlhdCI6MTc4MzY5NzMzMCwiZXhwIjoxNzgzNjk4MjMwfQ.zAdMGvjzUEroTAtxZU4vZQjmHNu9M4BGmc0ojrLhpyE
{
  host: 'localhost:3000',
  connection: 'keep-alive',
  'sec-ch-ua-platform': '"Windows"',
  authorization: 'Bearer eyJhbGciOiJIUzI1NiIsInR5cCI6IkpXVCJ9.eyJpZCI6IjZhNGZkNTQ2NDQwMjVkMWU5YzlkODIzMSIsInJvbGUiOiJhZG1pbiIsImlhdCI6MTc4MzY5NzMzMCwiZXhwIjoxNzgzNjk4MjMwfQ.zAdMGvjzUEroTAtxZU4vZQjmHNu9M4BGmc0ojrLhpyE',
  'user-agent': 'Mozilla/5.0 (Windows NT 10.0; Win64; x64) AppleWebKit/537.36 (KHTML, like Gecko) Chrome/149.0.0.0 Safari/537.36',
  'sec-ch-ua': '"Google Chrome";v="149", "Chromium";v="149", "Not)A;Brand";v="24"',
  'sec-ch-ua-mobile': '?0',
  accept: '*/*',
  origin: 'http://localhost:5173',
  'sec-fetch-site': 'same-site',
  'sec-fetch-mode': 'cors',
  'sec-fetch-dest': 'empty',
  referer: 'http://localhost:5173/',
  'accept-encoding': 'gzip, deflate, br, zstd',
  'accept-language': 'en-US,en;q=0.9',
  'if-none-match': 'W/"7c-eOXo3RJuDDEvIybIvVWLkrNw3Ss"'
}
Bearer eyJhbGciOiJIUzI1NiIsInR5cCI6IkpXVCJ9.eyJpZCI6IjZhNGZkNTQ2NDQwMjVkMWU5YzlkODIzMSIsInJvbGUiOiJhZG1pbiIsImlhdCI6MTc4MzY5NzMzMCwiZXhwIjoxNzgzNjk4MjMwfQ.zAdMGvjzUEroTAtxZU4vZQjmHNu9M4BGmc0ojrLhpyE
{
  host: 'localhost:3000',
  connection: 'keep-alive',
  'sec-ch-ua-platform': '"Windows"',
  authorization: 'Bearer eyJhbGciOiJIUzI1NiIsInR5cCI6IkpXVCJ9.eyJpZCI6IjZhNGZkNTQ2NDQwMjVkMWU5YzlkODIzMSIsInJvbGUiOiJhZG1pbiIsImlhdCI6MTc4MzY5NzMzMCwiZXhwIjoxNzgzNjk4MjMwfQ.zAdMGvjzUEroTAtxZU4vZQjmHNu9M4BGmc0ojrLhpyE',
  'user-agent': 'Mozilla/5.0 (Windows NT 10.0; Win64; x64) AppleWebKit/537.36 (KHTML, like Gecko) Chrome/149.0.0.0 Safari/537.36',
  'sec-ch-ua': '"Google Chrome";v="149", "Chromium";v="149", "Not)A;Brand";v="24"',
  'sec-ch-ua-mobile': '?0',
  accept: '*/*',
  origin: 'http://localhost:5173',
  'sec-fetch-site': 'same-site',
  'sec-fetch-mode': 'cors',
  'sec-fetch-dest': 'empty',
  referer: 'http://localhost:5173/',
  'accept-encoding': 'gzip, deflate, br, zstd',
  'accept-language': 'en-US,en;q=0.9',
  'if-none-match': 'W/"1f7-2pSk44nDeQj0xEGw378uZ3Jjp98"'
}
Bearer eyJhbGciOiJIUzI1NiIsInR5cCI6IkpXVCJ9.eyJpZCI6IjZhNGZkNTQ2NDQwMjVkMWU5YzlkODIzMSIsInJvbGUiOiJhZG1pbiIsImlhdCI6MTc4MzY5NzMzMCwiZXhwIjoxNzgzNjk4MjMwfQ.zAdMGvjzUEroTAtxZU4vZQjmHNu9M4BGmc0ojrLhpyE
{
  host: 'localhost:3000',
  connection: 'keep-alive',
  'content-length': '120',
  'sec-ch-ua-platform': '"Windows"',
  authorization: 'Bearer eyJhbGciOiJIUzI1NiIsInR5cCI6IkpXVCJ9.eyJpZCI6IjZhNGZkNTQ2NDQwMjVkMWU5YzlkODIzMSIsInJvbGUiOiJhZG1pbiIsImlhdCI6MTc4MzY5NzMzMCwiZXhwIjoxNzgzNjk4MjMwfQ.zAdMGvjzUEroTAtxZU4vZQjmHNu9M4BGmc0ojrLhpyE',
  'user-agent': 'Mozilla/5.0 (Windows NT 10.0; Win64; x64) AppleWebKit/537.36 (KHTML, like Gecko) Chrome/149.0.0.0 Safari/537.36',
  'sec-ch-ua': '"Google Chrome";v="149", "Chromium";v="149", "Not)A;Brand";v="24"',
  'content-type': 'application/json',
  'sec-ch-ua-mobile': '?0',
  accept: '*/*',
  origin: 'http://localhost:5173',
  'sec-fetch-site': 'same-site',
  'sec-fetch-mode': 'cors',
  'sec-fetch-dest': 'empty',
  referer: 'http://localhost:5173/',
  'accept-encoding': 'gzip, deflate, br, zstd',
  'accept-language': 'en-US,en;q=0.9'
}
Bearer eyJhbGciOiJIUzI1NiIsInR5cCI6IkpXVCJ9.eyJpZCI6IjZhNGZkNTQ2NDQwMjVkMWU5YzlkODIzMSIsInJvbGUiOiJhZG1pbiIsImlhdCI6MTc4MzY5NzMzMCwiZXhwIjoxNzgzNjk4MjMwfQ.zAdMGvjzUEroTAtxZU4vZQjmHNu9M4BGmc0ojrLhpyE
{
  host: 'localhost:3000',
  connection: 'keep-alive',
  'sec-ch-ua-platform': '"Windows"',
  authorization: 'Bearer eyJhbGciOiJIUzI1NiIsInR5cCI6IkpXVCJ9.eyJpZCI6IjZhNGZkNTQ2NDQwMjVkMWU5YzlkODIzMSIsInJvbGUiOiJhZG1pbiIsImlhdCI6MTc4MzY5NzMzMCwiZXhwIjoxNzgzNjk4MjMwfQ.zAdMGvjzUEroTAtxZU4vZQjmHNu9M4BGmc0ojrLhpyE',
  'user-agent': 'Mozilla/5.0 (Windows NT 10.0; Win64; x64) AppleWebKit/537.36 (KHTML, like Gecko) Chrome/149.0.0.0 Safari/537.36',
  'sec-ch-ua': '"Google Chrome";v="149", "Chromium";v="149", "Not)A;Brand";v="24"',
  'sec-ch-ua-mobile': '?0',
  accept: '*/*',
  origin: 'http://localhost:5173',
  'sec-fetch-site': 'same-site',
  'sec-fetch-mode': 'cors',
  'sec-fetch-dest': 'empty',
  referer: 'http://localhost:5173/',
  'accept-encoding': 'gzip, deflate, br, zstd',
  'accept-language': 'en-US,en;q=0.9'
}
Bearer eyJhbGciOiJIUzI1NiIsInR5cCI6IkpXVCJ9.eyJpZCI6IjZhNGZkNTQ2NDQwMjVkMWU5YzlkODIzMSIsInJvbGUiOiJhZG1pbiIsImlhdCI6MTc4MzY5NzMzMCwiZXhwIjoxNzgzNjk4MjMwfQ.zAdMGvjzUEroTAtxZU4vZQjmHNu9M4BGmc0ojrLhpyE
{
  host: 'localhost:3000',
  connection: 'keep-alive',
  'sec-ch-ua-platform': '"Windows"',
  authorization: 'Bearer eyJhbGciOiJIUzI1NiIsInR5cCI6IkpXVCJ9.eyJpZCI6IjZhNGZkNTQ2NDQwMjVkMWU5YzlkODIzMSIsInJvbGUiOiJhZG1pbiIsImlhdCI6MTc4MzY5NzMzMCwiZXhwIjoxNzgzNjk4MjMwfQ.zAdMGvjzUEroTAtxZU4vZQjmHNu9M4BGmc0ojrLhpyE',
  'user-agent': 'Mozilla/5.0 (Windows NT 10.0; Win64; x64) AppleWebKit/537.36 (KHTML, like Gecko) Chrome/149.0.0.0 Safari/537.36',
  'sec-ch-ua': '"Google Chrome";v="149", "Chromium";v="149", "Not)A;Brand";v="24"',
  'sec-ch-ua-mobile': '?0',
  accept: '*/*',
  origin: 'http://localhost:5173',
  'sec-fetch-site': 'same-site',
  'sec-fetch-mode': 'cors',
  'sec-fetch-dest': 'empty',
  referer: 'http://localhost:5173/',
  'accept-encoding': 'gzip, deflate, br, zstd',
  'accept-language': 'en-US,en;q=0.9',
  'if-none-match': 'W/"59e-jN90TNSVREnEuXCyb+tAddu24Vo"'
}
Bearer eyJhbGciOiJIUzI1NiIsInR5cCI6IkpXVCJ9.eyJpZCI6IjZhNGZkNTQ2NDQwMjVkMWU5YzlkODIzMSIsInJvbGUiOiJhZG1pbiIsImlhdCI6MTc4MzY5NzMzMCwiZXhwIjoxNzgzNjk4MjMwfQ.zAdMGvjzUEroTAtxZU4vZQjmHNu9M4BGmc0ojrLhpyE
{
  host: 'localhost:3000',
  connection: 'keep-alive',
  'content-length': '178',
  'sec-ch-ua-platform': '"Windows"',
  authorization: 'Bearer eyJhbGciOiJIUzI1NiIsInR5cCI6IkpXVCJ9.eyJpZCI6IjZhNGZkNTQ2NDQwMjVkMWU5YzlkODIzMSIsInJvbGUiOiJhZG1pbiIsImlhdCI6MTc4MzY5NzMzMCwiZXhwIjoxNzgzNjk4MjMwfQ.zAdMGvjzUEroTAtxZU4vZQjmHNu9M4BGmc0ojrLhpyE',
  'user-agent': 'Mozilla/5.0 (Windows NT 10.0; Win64; x64) AppleWebKit/537.36 (KHTML, like Gecko) Chrome/149.0.0.0 Safari/537.36',
  'sec-ch-ua': '"Google Chrome";v="149", "Chromium";v="149", "Not)A;Brand";v="24"',
  'content-type': 'application/json',
  'sec-ch-ua-mobile': '?0',
  accept: '*/*',
  origin: 'http://localhost:5173',
  'sec-fetch-site': 'same-site',
  'sec-fetch-mode': 'cors',
  'sec-fetch-dest': 'empty',
  referer: 'http://localhost:5173/',
  'accept-encoding': 'gzip, deflate, br, zstd',
  'accept-language': 'en-US,en;q=0.9'
}
Bearer eyJhbGciOiJIUzI1NiIsInR5cCI6IkpXVCJ9.eyJpZCI6IjZhNGZkNTQ2NDQwMjVkMWU5YzlkODIzMSIsInJvbGUiOiJhZG1pbiIsImlhdCI6MTc4MzY5NzMzMCwiZXhwIjoxNzgzNjk4MjMwfQ.zAdMGvjzUEroTAtxZU4vZQjmHNu9M4BGmc0ojrLhpyE
{
  host: 'localhost:3000',
  connection: 'keep-alive',
  'content-length': '273',
  'sec-ch-ua-platform': '"Windows"',
  authorization: 'Bearer eyJhbGciOiJIUzI1NiIsInR5cCI6IkpXVCJ9.eyJpZCI6IjZhNGZkNTQ2NDQwMjVkMWU5YzlkODIzMSIsInJvbGUiOiJhZG1pbiIsImlhdCI6MTc4MzY5NzMzMCwiZXhwIjoxNzgzNjk4MjMwfQ.zAdMGvjzUEroTAtxZU4vZQjmHNu9M4BGmc0ojrLhpyE',
  'user-agent': 'Mozilla/5.0 (Windows NT 10.0; Win64; x64) AppleWebKit/537.36 (KHTML, like Gecko) Chrome/149.0.0.0 Safari/537.36',
  'sec-ch-ua': '"Google Chrome";v="149", "Chromium";v="149", "Not)A;Brand";v="24"',
  'content-type': 'application/json',
  'sec-ch-ua-mobile': '?0',
  accept: '*/*',
  origin: 'http://localhost:5173',
  'sec-fetch-site': 'same-site',
  'sec-fetch-mode': 'cors',
  'sec-fetch-dest': 'empty',
  referer: 'http://localhost:5173/',
  'accept-encoding': 'gzip, deflate, br, zstd',
  'accept-language': 'en-US,en;q=0.9'
}
Bearer eyJhbGciOiJIUzI1NiIsInR5cCI6IkpXVCJ9.eyJpZCI6IjZhNGZkNTQ2NDQwMjVkMWU5YzlkODIzMSIsInJvbGUiOiJhZG1pbiIsImlhdCI6MTc4MzY5NzMzMCwiZXhwIjoxNzgzNjk4MjMwfQ.zAdMGvjzUEroTAtxZU4vZQjmHNu9M4BGmc0ojrLhpyE
{
  host: 'localhost:3000',
  connection: 'keep-alive',
  'sec-ch-ua-platform': '"Windows"',
  authorization: 'Bearer eyJhbGciOiJIUzI1NiIsInR5cCI6IkpXVCJ9.eyJpZCI6IjZhNGZkNTQ2NDQwMjVkMWU5YzlkODIzMSIsInJvbGUiOiJhZG1pbiIsImlhdCI6MTc4MzY5NzMzMCwiZXhwIjoxNzgzNjk4MjMwfQ.zAdMGvjzUEroTAtxZU4vZQjmHNu9M4BGmc0ojrLhpyE',
  'user-agent': 'Mozilla/5.0 (Windows NT 10.0; Win64; x64) AppleWebKit/537.36 (KHTML, like Gecko) Chrome/149.0.0.0 Safari/537.36',
  'sec-ch-ua': '"Google Chrome";v="149", "Chromium";v="149", "Not)A;Brand";v="24"',
  'sec-ch-ua-mobile': '?0',
  accept: '*/*',
  origin: 'http://localhost:5173',
  'sec-fetch-site': 'same-site',
  'sec-fetch-mode': 'cors',
  'sec-fetch-dest': 'empty',
  referer: 'http://localhost:5173/',
  'accept-encoding': 'gzip, deflate, br, zstd',
  'accept-language': 'en-US,en;q=0.9'
}
Bearer eyJhbGciOiJIUzI1NiIsInR5cCI6IkpXVCJ9.eyJpZCI6IjZhNGZkNTQ2NDQwMjVkMWU5YzlkODIzMSIsInJvbGUiOiJhZG1pbiIsImlhdCI6MTc4MzY5NzMzMCwiZXhwIjoxNzgzNjk4MjMwfQ.zAdMGvjzUEroTAtxZU4vZQjmHNu9M4BGmc0ojrLhpyE
{
  host: 'localhost:3000',
  connection: 'keep-alive',
  'sec-ch-ua-platform': '"Windows"',
  authorization: 'Bearer eyJhbGciOiJIUzI1NiIsInR5cCI6IkpXVCJ9.eyJpZCI6IjZhNGZkNTQ2NDQwMjVkMWU5YzlkODIzMSIsInJvbGUiOiJhZG1pbiIsImlhdCI6MTc4MzY5NzMzMCwiZXhwIjoxNzgzNjk4MjMwfQ.zAdMGvjzUEroTAtxZU4vZQjmHNu9M4BGmc0ojrLhpyE',
  'user-agent': 'Mozilla/5.0 (Windows NT 10.0; Win64; x64) AppleWebKit/537.36 (KHTML, like Gecko) Chrome/149.0.0.0 Safari/537.36',
  'sec-ch-ua': '"Google Chrome";v="149", "Chromium";v="149", "Not)A;Brand";v="24"',
  'sec-ch-ua-mobile': '?0',
  accept: '*/*',
  origin: 'http://localhost:5173',
  'sec-fetch-site': 'same-site',
  'sec-fetch-mode': 'cors',
  'sec-fetch-dest': 'empty',
  referer: 'http://localhost:5173/',
  'accept-encoding': 'gzip, deflate, br, zstd',
  'accept-language': 'en-US,en;q=0.9',
  'if-none-match': 'W/"120a-PZGY+6cB2ihsdc/edngZtbCcSi8"'
}
Bearer eyJhbGciOiJIUzI1NiIsInR5cCI6IkpXVCJ9.eyJpZCI6IjZhNGZkNTQ2NDQwMjVkMWU5YzlkODIzMSIsInJvbGUiOiJhZG1pbiIsImlhdCI6MTc4MzY5NzMzMCwiZXhwIjoxNzgzNjk4MjMwfQ.zAdMGvjzUEroTAtxZU4vZQjmHNu9M4BGmc0ojrLhpyE
admin
{
  host: 'localhost:3000',
  connection: 'keep-alive',
  'sec-ch-ua-platform': '"Windows"',
  authorization: 'Bearer eyJhbGciOiJIUzI1NiIsInR5cCI6IkpXVCJ9.eyJpZCI6IjZhNGZkNTQ2NDQwMjVkMWU5YzlkODIzMSIsInJvbGUiOiJhZG1pbiIsImlhdCI6MTc4MzY5NzMzMCwiZXhwIjoxNzgzNjk4MjMwfQ.zAdMGvjzUEroTAtxZU4vZQjmHNu9M4BGmc0ojrLhpyE',
  'user-agent': 'Mozilla/5.0 (Windows NT 10.0; Win64; x64) AppleWebKit/537.36 (KHTML, like Gecko) Chrome/149.0.0.0 Safari/537.36',
  'sec-ch-ua': '"Google Chrome";v="149", "Chromium";v="149", "Not)A;Brand";v="24"',
  'sec-ch-ua-mobile': '?0',
  accept: '*/*',
  origin: 'http://localhost:5173',
  'sec-fetch-site': 'same-site',
  'sec-fetch-mode': 'cors',
  'sec-fetch-dest': 'empty',
  referer: 'http://localhost:5173/',
  'accept-encoding': 'gzip, deflate, br, zstd',
  'accept-language': 'en-US,en;q=0.9',
  'if-none-match': 'W/"1c40-VGR2GC42DFYXXZulANzztKCmOYI"'
}
Bearer eyJhbGciOiJIUzI1NiIsInR5cCI6IkpXVCJ9.eyJpZCI6IjZhNGZkNTQ2NDQwMjVkMWU5YzlkODIzMSIsInJvbGUiOiJhZG1pbiIsImlhdCI6MTc4MzY5NzMzMCwiZXhwIjoxNzgzNjk4MjMwfQ.zAdMGvjzUEroTAtxZU4vZQjmHNu9M4BGmc0ojrLhpyE
admin
{
  host: 'localhost:3000',
  connection: 'keep-alive',
  'sec-ch-ua-platform': '"Windows"',
  authorization: 'Bearer eyJhbGciOiJIUzI1NiIsInR5cCI6IkpXVCJ9.eyJpZCI6IjZhNGZkNTQ2NDQwMjVkMWU5YzlkODIzMSIsInJvbGUiOiJhZG1pbiIsImlhdCI6MTc4MzY5ODAwOSwiZXhwIjoxNzgzNjk4OTA5fQ.Uy38aiWu_p5hPXC4sigDYlowmPK8D672MiGCeKc7ssk',
  'user-agent': 'Mozilla/5.0 (Windows NT 10.0; Win64; x64) AppleWebKit/537.36 (KHTML, like Gecko) Chrome/149.0.0.0 Safari/537.36',
  'sec-ch-ua': '"Google Chrome";v="149", "Chromium";v="149", "Not)A;Brand";v="24"',
  'sec-ch-ua-mobile': '?0',
  accept: '*/*',
  origin: 'http://localhost:5173',
  'sec-fetch-site': 'same-site',
  'sec-fetch-mode': 'cors',
  'sec-fetch-dest': 'empty',
  referer: 'http://localhost:5173/',
  'accept-encoding': 'gzip, deflate, br, zstd',
  'accept-language': 'en-US,en;q=0.9',
  'if-none-match': 'W/"3e1-4rDKaJBqKOCFoNnZ3M8WPI4E1oI"'
}
Bearer eyJhbGciOiJIUzI1NiIsInR5cCI6IkpXVCJ9.eyJpZCI6IjZhNGZkNTQ2NDQwMjVkMWU5YzlkODIzMSIsInJvbGUiOiJhZG1pbiIsImlhdCI6MTc4MzY5ODAwOSwiZXhwIjoxNzgzNjk4OTA5fQ.Uy38aiWu_p5hPXC4sigDYlowmPK8D672MiGCeKc7ssk
{
  host: 'localhost:3000',
  connection: 'keep-alive',
  'sec-ch-ua-platform': '"Windows"',
  authorization: 'Bearer eyJhbGciOiJIUzI1NiIsInR5cCI6IkpXVCJ9.eyJpZCI6IjZhNGZkNTQ2NDQwMjVkMWU5YzlkODIzMSIsInJvbGUiOiJhZG1pbiIsImlhdCI6MTc4MzY5ODAwOSwiZXhwIjoxNzgzNjk4OTA5fQ.Uy38aiWu_p5hPXC4sigDYlowmPK8D672MiGCeKc7ssk',
  'user-agent': 'Mozilla/5.0 (Windows NT 10.0; Win64; x64) AppleWebKit/537.36 (KHTML, like Gecko) Chrome/149.0.0.0 Safari/537.36',
  'sec-ch-ua': '"Google Chrome";v="149", "Chromium";v="149", "Not)A;Brand";v="24"',
  'sec-ch-ua-mobile': '?0',
  accept: '*/*',
  origin: 'http://localhost:5173',
  'sec-fetch-site': 'same-site',
  'sec-fetch-mode': 'cors',
  'sec-fetch-dest': 'empty',
  referer: 'http://localhost:5173/',
  'accept-encoding': 'gzip, deflate, br, zstd',
  'accept-language': 'en-US,en;q=0.9',
  'if-none-match': 'W/"cb-zbkJMFORwaV0I3joPCu3LGgZqo8"'
}
Bearer eyJhbGciOiJIUzI1NiIsInR5cCI6IkpXVCJ9.eyJpZCI6IjZhNGZkNTQ2NDQwMjVkMWU5YzlkODIzMSIsInJvbGUiOiJhZG1pbiIsImlhdCI6MTc4MzY5ODAwOSwiZXhwIjoxNzgzNjk4OTA5fQ.Uy38aiWu_p5hPXC4sigDYlowmPK8D672MiGCeKc7ssk
{
  host: 'localhost:3000',
  connection: 'keep-alive',
  'sec-ch-ua-platform': '"Windows"',
  authorization: 'Bearer eyJhbGciOiJIUzI1NiIsInR5cCI6IkpXVCJ9.eyJpZCI6IjZhNGZkNTQ2NDQwMjVkMWU5YzlkODIzMSIsInJvbGUiOiJhZG1pbiIsImlhdCI6MTc4MzY5ODAwOSwiZXhwIjoxNzgzNjk4OTA5fQ.Uy38aiWu_p5hPXC4sigDYlowmPK8D672MiGCeKc7ssk',
  'user-agent': 'Mozilla/5.0 (Windows NT 10.0; Win64; x64) AppleWebKit/537.36 (KHTML, like Gecko) Chrome/149.0.0.0 Safari/537.36',
  'sec-ch-ua': '"Google Chrome";v="149", "Chromium";v="149", "Not)A;Brand";v="24"',
  'sec-ch-ua-mobile': '?0',
  accept: '*/*',
  origin: 'http://localhost:5173',
  'sec-fetch-site': 'same-site',
  'sec-fetch-mode': 'cors',
  'sec-fetch-dest': 'empty',
  referer: 'http://localhost:5173/',
  'accept-encoding': 'gzip, deflate, br, zstd',
  'accept-language': 'en-US,en;q=0.9',
  'if-none-match': 'W/"1c40-VGR2GC42DFYXXZulANzztKCmOYI"'
}
Bearer eyJhbGciOiJIUzI1NiIsInR5cCI6IkpXVCJ9.eyJpZCI6IjZhNGZkNTQ2NDQwMjVkMWU5YzlkODIzMSIsInJvbGUiOiJhZG1pbiIsImlhdCI6MTc4MzY5ODAwOSwiZXhwIjoxNzgzNjk4OTA5fQ.Uy38aiWu_p5hPXC4sigDYlowmPK8D672MiGCeKc7ssk
admin
admin
{
  host: 'localhost:3000',
  connection: 'keep-alive',
  'sec-ch-ua-platform': '"Windows"',
  authorization: 'Bearer eyJhbGciOiJIUzI1NiIsInR5cCI6IkpXVCJ9.eyJpZCI6IjZhNGZkNTQ2NDQwMjVkMWU5YzlkODIzMSIsInJvbGUiOiJhZG1pbiIsImlhdCI6MTc4MzY5ODAwOSwiZXhwIjoxNzgzNjk4OTA5fQ.Uy38aiWu_p5hPXC4sigDYlowmPK8D672MiGCeKc7ssk',
  'user-agent': 'Mozilla/5.0 (Windows NT 10.0; Win64; x64) AppleWebKit/537.36 (KHTML, like Gecko) Chrome/149.0.0.0 Safari/537.36',
  'sec-ch-ua': '"Google Chrome";v="149", "Chromium";v="149", "Not)A;Brand";v="24"',
  'sec-ch-ua-mobile': '?0',
  accept: '*/*',
  origin: 'http://localhost:5173',
  'sec-fetch-site': 'same-site',
  'sec-fetch-mode': 'cors',
  'sec-fetch-dest': 'empty',
  referer: 'http://localhost:5173/',
  'accept-encoding': 'gzip, deflate, br, zstd',
  'accept-language': 'en-US,en;q=0.9',
  'if-none-match': 'W/"1c40-VGR2GC42DFYXXZulANzztKCmOYI"'
}
Bearer eyJhbGciOiJIUzI1NiIsInR5cCI6IkpXVCJ9.eyJpZCI6IjZhNGZkNTQ2NDQwMjVkMWU5YzlkODIzMSIsInJvbGUiOiJhZG1pbiIsImlhdCI6MTc4MzY5ODAwOSwiZXhwIjoxNzgzNjk4OTA5fQ.Uy38aiWu_p5hPXC4sigDYlowmPK8D672MiGCeKc7ssk
{
  host: 'localhost:3000',
  connection: 'keep-alive',
  'sec-ch-ua-platform': '"Windows"',
  authorization: 'Bearer eyJhbGciOiJIUzI1NiIsInR5cCI6IkpXVCJ9.eyJpZCI6IjZhNGZkNTQ2NDQwMjVkMWU5YzlkODIzMSIsInJvbGUiOiJhZG1pbiIsImlhdCI6MTc4MzY5ODAwOSwiZXhwIjoxNzgzNjk4OTA5fQ.Uy38aiWu_p5hPXC4sigDYlowmPK8D672MiGCeKc7ssk',
  'user-agent': 'Mozilla/5.0 (Windows NT 10.0; Win64; x64) AppleWebKit/537.36 (KHTML, like Gecko) Chrome/149.0.0.0 Safari/537.36',
  'sec-ch-ua': '"Google Chrome";v="149", "Chromium";v="149", "Not)A;Brand";v="24"',
  'sec-ch-ua-mobile': '?0',
  accept: '*/*',
  origin: 'http://localhost:5173',
  'sec-fetch-site': 'same-site',
  'sec-fetch-mode': 'cors',
  'sec-fetch-dest': 'empty',
  referer: 'http://localhost:5173/',
  'accept-encoding': 'gzip, deflate, br, zstd',
  'accept-language': 'en-US,en;q=0.9',
  'if-none-match': 'W/"1c40-VGR2GC42DFYXXZulANzztKCmOYI"'
}
Bearer eyJhbGciOiJIUzI1NiIsInR5cCI6IkpXVCJ9.eyJpZCI6IjZhNGZkNTQ2NDQwMjVkMWU5YzlkODIzMSIsInJvbGUiOiJhZG1pbiIsImlhdCI6MTc4MzY5ODAwOSwiZXhwIjoxNzgzNjk4OTA5fQ.Uy38aiWu_p5hPXC4sigDYlowmPK8D672MiGCeKc7ssk
admin
admin
{
  host: 'localhost:3000',
  connection: 'keep-alive',
  'sec-ch-ua-platform': '"Windows"',
  authorization: 'Bearer eyJhbGciOiJIUzI1NiIsInR5cCI6IkpXVCJ9.eyJpZCI6IjZhNGZkNTQ2NDQwMjVkMWU5YzlkODIzMSIsInJvbGUiOiJhZG1pbiIsImlhdCI6MTc4MzY5ODAwOSwiZXhwIjoxNzgzNjk4OTA5fQ.Uy38aiWu_p5hPXC4sigDYlowmPK8D672MiGCeKc7ssk',
  'user-agent': 'Mozilla/5.0 (Windows NT 10.0; Win64; x64) AppleWebKit/537.36 (KHTML, like Gecko) Chrome/149.0.0.0 Safari/537.36',
  'sec-ch-ua': '"Google Chrome";v="149", "Chromium";v="149", "Not)A;Brand";v="24"',
  'sec-ch-ua-mobile': '?0',
  accept: '*/*',
  origin: 'http://localhost:5173',
  'sec-fetch-site': 'same-site',
  'sec-fetch-mode': 'cors',
  'sec-fetch-dest': 'empty',
  referer: 'http://localhost:5173/',
  'accept-encoding': 'gzip, deflate, br, zstd',
  'accept-language': 'en-US,en;q=0.9',
  'if-none-match': 'W/"1c40-VGR2GC42DFYXXZulANzztKCmOYI"'
}
Bearer eyJhbGciOiJIUzI1NiIsInR5cCI6IkpXVCJ9.eyJpZCI6IjZhNGZkNTQ2NDQwMjVkMWU5YzlkODIzMSIsInJvbGUiOiJhZG1pbiIsImlhdCI6MTc4MzY5ODAwOSwiZXhwIjoxNzgzNjk4OTA5fQ.Uy38aiWu_p5hPXC4sigDYlowmPK8D672MiGCeKc7ssk
{
  host: 'localhost:3000',
  connection: 'keep-alive',
  'sec-ch-ua-platform': '"Windows"',
  authorization: 'Bearer eyJhbGciOiJIUzI1NiIsInR5cCI6IkpXVCJ9.eyJpZCI6IjZhNGZkNTQ2NDQwMjVkMWU5YzlkODIzMSIsInJvbGUiOiJhZG1pbiIsImlhdCI6MTc4MzY5ODAwOSwiZXhwIjoxNzgzNjk4OTA5fQ.Uy38aiWu_p5hPXC4sigDYlowmPK8D672MiGCeKc7ssk',
  'user-agent': 'Mozilla/5.0 (Windows NT 10.0; Win64; x64) AppleWebKit/537.36 (KHTML, like Gecko) Chrome/149.0.0.0 Safari/537.36',
  'sec-ch-ua': '"Google Chrome";v="149", "Chromium";v="149", "Not)A;Brand";v="24"',
  'sec-ch-ua-mobile': '?0',
  accept: '*/*',
  origin: 'http://localhost:5173',
  'sec-fetch-site': 'same-site',
  'sec-fetch-mode': 'cors',
  'sec-fetch-dest': 'empty',
  referer: 'http://localhost:5173/',
  'accept-encoding': 'gzip, deflate, br, zstd',
  'accept-language': 'en-US,en;q=0.9',
  'if-none-match': 'W/"7c-eOXo3RJuDDEvIybIvVWLkrNw3Ss"'
}
Bearer eyJhbGciOiJIUzI1NiIsInR5cCI6IkpXVCJ9.eyJpZCI6IjZhNGZkNTQ2NDQwMjVkMWU5YzlkODIzMSIsInJvbGUiOiJhZG1pbiIsImlhdCI6MTc4MzY5ODAwOSwiZXhwIjoxNzgzNjk4OTA5fQ.Uy38aiWu_p5hPXC4sigDYlowmPK8D672MiGCeKc7ssk
{
  host: 'localhost:3000',
  connection: 'keep-alive',
  'sec-ch-ua-platform': '"Windows"',
  authorization: 'Bearer eyJhbGciOiJIUzI1NiIsInR5cCI6IkpXVCJ9.eyJpZCI6IjZhNGZkNTQ2NDQwMjVkMWU5YzlkODIzMSIsInJvbGUiOiJhZG1pbiIsImlhdCI6MTc4MzY5ODAwOSwiZXhwIjoxNzgzNjk4OTA5fQ.Uy38aiWu_p5hPXC4sigDYlowmPK8D672MiGCeKc7ssk',
  'user-agent': 'Mozilla/5.0 (Windows NT 10.0; Win64; x64) AppleWebKit/537.36 (KHTML, like Gecko) Chrome/149.0.0.0 Safari/537.36',
  'sec-ch-ua': '"Google Chrome";v="149", "Chromium";v="149", "Not)A;Brand";v="24"',
  'sec-ch-ua-mobile': '?0',
  accept: '*/*',
  origin: 'http://localhost:5173',
  'sec-fetch-site': 'same-site',
  'sec-fetch-mode': 'cors',
  'sec-fetch-dest': 'empty',
  referer: 'http://localhost:5173/',
  'accept-encoding': 'gzip, deflate, br, zstd',
  'accept-language': 'en-US,en;q=0.9',
  'if-none-match': 'W/"6b-k7zZEnu7xeiGOvUBvO2NLPXXA3c"'
}
Bearer eyJhbGciOiJIUzI1NiIsInR5cCI6IkpXVCJ9.eyJpZCI6IjZhNGZkNTQ2NDQwMjVkMWU5YzlkODIzMSIsInJvbGUiOiJhZG1pbiIsImlhdCI6MTc4MzY5ODAwOSwiZXhwIjoxNzgzNjk4OTA5fQ.Uy38aiWu_p5hPXC4sigDYlowmPK8D672MiGCeKc7ssk
{
  host: 'localhost:3000',
  connection: 'keep-alive',
  'sec-ch-ua-platform': '"Windows"',
  authorization: 'Bearer eyJhbGciOiJIUzI1NiIsInR5cCI6IkpXVCJ9.eyJpZCI6IjZhNGZkNTQ2NDQwMjVkMWU5YzlkODIzMSIsInJvbGUiOiJhZG1pbiIsImlhdCI6MTc4MzY5ODA2MSwiZXhwIjoxNzgzNjk4OTYxfQ.k_fFfdJCEVmlyK2gLJN4002-9k7apRhkmXPE49rpQG8',
  'user-agent': 'Mozilla/5.0 (Windows NT 10.0; Win64; x64) AppleWebKit/537.36 (KHTML, like Gecko) Chrome/149.0.0.0 Safari/537.36',
  'sec-ch-ua': '"Google Chrome";v="149", "Chromium";v="149", "Not)A;Brand";v="24"',
  'sec-ch-ua-mobile': '?0',
  accept: '*/*',
  origin: 'http://localhost:5173',
  'sec-fetch-site': 'same-site',
  'sec-fetch-mode': 'cors',
  'sec-fetch-dest': 'empty',
  referer: 'http://localhost:5173/',
  'accept-encoding': 'gzip, deflate, br, zstd',
  'accept-language': 'en-US,en;q=0.9',
  'if-none-match': 'W/"d7-Y0+hoRws0KIMm41NFiVinhgx/ps"'
}
Bearer eyJhbGciOiJIUzI1NiIsInR5cCI6IkpXVCJ9.eyJpZCI6IjZhNGZkNTQ2NDQwMjVkMWU5YzlkODIzMSIsInJvbGUiOiJhZG1pbiIsImlhdCI6MTc4MzY5ODA2MSwiZXhwIjoxNzgzNjk4OTYxfQ.k_fFfdJCEVmlyK2gLJN4002-9k7apRhkmXPE49rpQG8
{
  host: 'localhost:3000',
  connection: 'keep-alive',
  'sec-ch-ua-platform': '"Windows"',
  authorization: 'Bearer eyJhbGciOiJIUzI1NiIsInR5cCI6IkpXVCJ9.eyJpZCI6IjZhNGZkNTQ2NDQwMjVkMWU5YzlkODIzMSIsInJvbGUiOiJhZG1pbiIsImlhdCI6MTc4MzY5ODA2MSwiZXhwIjoxNzgzNjk4OTYxfQ.k_fFfdJCEVmlyK2gLJN4002-9k7apRhkmXPE49rpQG8',
  'user-agent': 'Mozilla/5.0 (Windows NT 10.0; Win64; x64) AppleWebKit/537.36 (KHTML, like Gecko) Chrome/149.0.0.0 Safari/537.36',
  'sec-ch-ua': '"Google Chrome";v="149", "Chromium";v="149", "Not)A;Brand";v="24"',
  'sec-ch-ua-mobile': '?0',
  accept: '*/*',
  origin: 'http://localhost:5173',
  'sec-fetch-site': 'same-site',
  'sec-fetch-mode': 'cors',
  'sec-fetch-dest': 'empty',
  referer: 'http://localhost:5173/',
  'accept-encoding': 'gzip, deflate, br, zstd',
  'accept-language': 'en-US,en;q=0.9',
  'if-none-match': 'W/"cb-zbkJMFORwaV0I3joPCu3LGgZqo8"'
}
Bearer eyJhbGciOiJIUzI1NiIsInR5cCI6IkpXVCJ9.eyJpZCI6IjZhNGZkNTQ2NDQwMjVkMWU5YzlkODIzMSIsInJvbGUiOiJhZG1pbiIsImlhdCI6MTc4MzY5ODA2MSwiZXhwIjoxNzgzNjk4OTYxfQ.k_fFfdJCEVmlyK2gLJN4002-9k7apRhkmXPE49rpQG8
{
  host: 'localhost:3000',
  connection: 'keep-alive',
  'sec-ch-ua-platform': '"Windows"',
  authorization: 'Bearer eyJhbGciOiJIUzI1NiIsInR5cCI6IkpXVCJ9.eyJpZCI6IjZhNGZkNTQ2NDQwMjVkMWU5YzlkODIzMSIsInJvbGUiOiJhZG1pbiIsImlhdCI6MTc4MzY5ODA2MSwiZXhwIjoxNzgzNjk4OTYxfQ.k_fFfdJCEVmlyK2gLJN4002-9k7apRhkmXPE49rpQG8',
  'user-agent': 'Mozilla/5.0 (Windows NT 10.0; Win64; x64) AppleWebKit/537.36 (KHTML, like Gecko) Chrome/149.0.0.0 Safari/537.36',
  'sec-ch-ua': '"Google Chrome";v="149", "Chromium";v="149", "Not)A;Brand";v="24"',
  'sec-ch-ua-mobile': '?0',
  accept: '*/*',
  origin: 'http://localhost:5173',
  'sec-fetch-site': 'same-site',
  'sec-fetch-mode': 'cors',
  'sec-fetch-dest': 'empty',
  referer: 'http://localhost:5173/',
  'accept-encoding': 'gzip, deflate, br, zstd',
  'accept-language': 'en-US,en;q=0.9',
  'if-none-match': 'W/"1c40-VGR2GC42DFYXXZulANzztKCmOYI"'
}
Bearer eyJhbGciOiJIUzI1NiIsInR5cCI6IkpXVCJ9.eyJpZCI6IjZhNGZkNTQ2NDQwMjVkMWU5YzlkODIzMSIsInJvbGUiOiJhZG1pbiIsImlhdCI6MTc4MzY5ODA2MSwiZXhwIjoxNzgzNjk4OTYxfQ.k_fFfdJCEVmlyK2gLJN4002-9k7apRhkmXPE49rpQG8
admin
admin
{
  host: 'localhost:3000',
  connection: 'keep-alive',
  'sec-ch-ua-platform': '"Windows"',
  authorization: 'Bearer eyJhbGciOiJIUzI1NiIsInR5cCI6IkpXVCJ9.eyJpZCI6IjZhNGZkNTQ2NDQwMjVkMWU5YzlkODIzMSIsInJvbGUiOiJhZG1pbiIsImlhdCI6MTc4MzY5ODA2MSwiZXhwIjoxNzgzNjk4OTYxfQ.k_fFfdJCEVmlyK2gLJN4002-9k7apRhkmXPE49rpQG8',
  'user-agent': 'Mozilla/5.0 (Windows NT 10.0; Win64; x64) AppleWebKit/537.36 (KHTML, like Gecko) Chrome/149.0.0.0 Safari/537.36',
  'sec-ch-ua': '"Google Chrome";v="149", "Chromium";v="149", "Not)A;Brand";v="24"',
  'sec-ch-ua-mobile': '?0',
  accept: '*/*',
  origin: 'http://localhost:5173',
  'sec-fetch-site': 'same-site',
  'sec-fetch-mode': 'cors',
  'sec-fetch-dest': 'empty',
  referer: 'http://localhost:5173/',
  'accept-encoding': 'gzip, deflate, br, zstd',
  'accept-language': 'en-US,en;q=0.9',
  'if-none-match': 'W/"1c40-VGR2GC42DFYXXZulANzztKCmOYI"'
}
Bearer eyJhbGciOiJIUzI1NiIsInR5cCI6IkpXVCJ9.eyJpZCI6IjZhNGZkNTQ2NDQwMjVkMWU5YzlkODIzMSIsInJvbGUiOiJhZG1pbiIsImlhdCI6MTc4MzY5ODA2MSwiZXhwIjoxNzgzNjk4OTYxfQ.k_fFfdJCEVmlyK2gLJN4002-9k7apRhkmXPE49rpQG8
{
  host: 'localhost:3000',
  connection: 'keep-alive',
  'sec-ch-ua-platform': '"Windows"',
  authorization: 'Bearer eyJhbGciOiJIUzI1NiIsInR5cCI6IkpXVCJ9.eyJpZCI6IjZhNGZjZDBhMjgxYzBiOTVjMmFkODEyOCIsInJvbGUiOiJ1c2VyIiwiaWF0IjoxNzgzNjk4MDcwLCJleHAiOjE3ODM2OTg5NzB9.QzP7mgkkT-z48reJjVaZTMTaj5KFLHIWHFBX2tKs2x4',
  'user-agent': 'Mozilla/5.0 (Windows NT 10.0; Win64; x64) AppleWebKit/537.36 (KHTML, like Gecko) Chrome/149.0.0.0 Safari/537.36',
  'sec-ch-ua': '"Google Chrome";v="149", "Chromium";v="149", "Not)A;Brand";v="24"',
  'sec-ch-ua-mobile': '?0',
  accept: '*/*',
  origin: 'http://localhost:5173',
  'sec-fetch-site': 'same-site',
  'sec-fetch-mode': 'cors',
  'sec-fetch-dest': 'empty',
  referer: 'http://localhost:5173/',
  'accept-encoding': 'gzip, deflate, br, zstd',
  'accept-language': 'en-US,en;q=0.9',
  'if-none-match': 'W/"d7-Y0+hoRws0KIMm41NFiVinhgx/ps"'
}
Bearer eyJhbGciOiJIUzI1NiIsInR5cCI6IkpXVCJ9.eyJpZCI6IjZhNGZjZDBhMjgxYzBiOTVjMmFkODEyOCIsInJvbGUiOiJ1c2VyIiwiaWF0IjoxNzgzNjk4MDcwLCJleHAiOjE3ODM2OTg5NzB9.QzP7mgkkT-z48reJjVaZTMTaj5KFLHIWHFBX2tKs2x4
{
  host: 'localhost:3000',
  connection: 'keep-alive',
  'sec-ch-ua-platform': '"Windows"',
  authorization: 'Bearer eyJhbGciOiJIUzI1NiIsInR5cCI6IkpXVCJ9.eyJpZCI6IjZhNGZjZDBhMjgxYzBiOTVjMmFkODEyOCIsInJvbGUiOiJ1c2VyIiwiaWF0IjoxNzgzNjk4MDcwLCJleHAiOjE3ODM2OTg5NzB9.QzP7mgkkT-z48reJjVaZTMTaj5KFLHIWHFBX2tKs2x4',
  'user-agent': 'Mozilla/5.0 (Windows NT 10.0; Win64; x64) AppleWebKit/537.36 (KHTML, like Gecko) Chrome/149.0.0.0 Safari/537.36',
  'sec-ch-ua': '"Google Chrome";v="149", "Chromium";v="149", "Not)A;Brand";v="24"',
  'sec-ch-ua-mobile': '?0',
  accept: '*/*',
  origin: 'http://localhost:5173',
  'sec-fetch-site': 'same-site',
  'sec-fetch-mode': 'cors',
  'sec-fetch-dest': 'empty',
  referer: 'http://localhost:5173/',
  'accept-encoding': 'gzip, deflate, br, zstd',
  'accept-language': 'en-US,en;q=0.9',
  'if-none-match': 'W/"cb-zbkJMFORwaV0I3joPCu3LGgZqo8"'
}
Bearer eyJhbGciOiJIUzI1NiIsInR5cCI6IkpXVCJ9.eyJpZCI6IjZhNGZjZDBhMjgxYzBiOTVjMmFkODEyOCIsInJvbGUiOiJ1c2VyIiwiaWF0IjoxNzgzNjk4MDcwLCJleHAiOjE3ODM2OTg5NzB9.QzP7mgkkT-z48reJjVaZTMTaj5KFLHIWHFBX2tKs2x4
{
  host: 'localhost:3000',
  connection: 'keep-alive',
  'sec-ch-ua-platform': '"Windows"',
  authorization: 'Bearer eyJhbGciOiJIUzI1NiIsInR5cCI6IkpXVCJ9.eyJpZCI6IjZhNGZjZDBhMjgxYzBiOTVjMmFkODEyOCIsInJvbGUiOiJ1c2VyIiwiaWF0IjoxNzgzNjk4MDcwLCJleHAiOjE3ODM2OTg5NzB9.QzP7mgkkT-z48reJjVaZTMTaj5KFLHIWHFBX2tKs2x4',
  'user-agent': 'Mozilla/5.0 (Windows NT 10.0; Win64; x64) AppleWebKit/537.36 (KHTML, like Gecko) Chrome/149.0.0.0 Safari/537.36',
  'sec-ch-ua': '"Google Chrome";v="149", "Chromium";v="149", "Not)A;Brand";v="24"',
  'sec-ch-ua-mobile': '?0',
  accept: '*/*',
  origin: 'http://localhost:5173',
  'sec-fetch-site': 'same-site',
  'sec-fetch-mode': 'cors',
  'sec-fetch-dest': 'empty',
  referer: 'http://localhost:5173/',
  'accept-encoding': 'gzip, deflate, br, zstd',
  'accept-language': 'en-US,en;q=0.9',
  'if-none-match': 'W/"1999-r/qdJy0+dWnGlgzzWbu/JVB20pQ"'
}
Bearer eyJhbGciOiJIUzI1NiIsInR5cCI6IkpXVCJ9.eyJpZCI6IjZhNGZjZDBhMjgxYzBiOTVjMmFkODEyOCIsInJvbGUiOiJ1c2VyIiwiaWF0IjoxNzgzNjk4MDcwLCJleHAiOjE3ODM2OTg5NzB9.QzP7mgkkT-z48reJjVaZTMTaj5KFLHIWHFBX2tKs2x4
{
  host: 'localhost:3000',
  connection: 'keep-alive',
  'sec-ch-ua-platform': '"Windows"',
  authorization: 'Bearer eyJhbGciOiJIUzI1NiIsInR5cCI6IkpXVCJ9.eyJpZCI6IjZhNGZjZDBhMjgxYzBiOTVjMmFkODEyOCIsInJvbGUiOiJ1c2VyIiwiaWF0IjoxNzgzNjk4MDcwLCJleHAiOjE3ODM2OTg5NzB9.QzP7mgkkT-z48reJjVaZTMTaj5KFLHIWHFBX2tKs2x4',
  'user-agent': 'Mozilla/5.0 (Windows NT 10.0; Win64; x64) AppleWebKit/537.36 (KHTML, like Gecko) Chrome/149.0.0.0 Safari/537.36',
  'sec-ch-ua': '"Google Chrome";v="149", "Chromium";v="149", "Not)A;Brand";v="24"',
  'sec-ch-ua-mobile': '?0',
  accept: '*/*',
  origin: 'http://localhost:5173',
  'sec-fetch-site': 'same-site',
  'sec-fetch-mode': 'cors',
  'sec-fetch-dest': 'empty',
  referer: 'http://localhost:5173/',
  'accept-encoding': 'gzip, deflate, br, zstd',
  'accept-language': 'en-US,en;q=0.9',
  'if-none-match': 'W/"110b-nbOQoGr7if1u4Qwlm+7I2w8Z3FQ"'
}
Bearer eyJhbGciOiJIUzI1NiIsInR5cCI6IkpXVCJ9.eyJpZCI6IjZhNGZjZDBhMjgxYzBiOTVjMmFkODEyOCIsInJvbGUiOiJ1c2VyIiwiaWF0IjoxNzgzNjk4MDcwLCJleHAiOjE3ODM2OTg5NzB9.QzP7mgkkT-z48reJjVaZTMTaj5KFLHIWHFBX2tKs2x4
{
  host: 'localhost:3000',
  connection: 'keep-alive',
  'sec-ch-ua-platform': '"Windows"',
  authorization: 'Bearer eyJhbGciOiJIUzI1NiIsInR5cCI6IkpXVCJ9.eyJpZCI6IjZhNGZjZDBhMjgxYzBiOTVjMmFkODEyOCIsInJvbGUiOiJ1c2VyIiwiaWF0IjoxNzgzNjk4MDcwLCJleHAiOjE3ODM2OTg5NzB9.QzP7mgkkT-z48reJjVaZTMTaj5KFLHIWHFBX2tKs2x4',
  'user-agent': 'Mozilla/5.0 (Windows NT 10.0; Win64; x64) AppleWebKit/537.36 (KHTML, like Gecko) Chrome/149.0.0.0 Safari/537.36',
  'sec-ch-ua': '"Google Chrome";v="149", "Chromium";v="149", "Not)A;Brand";v="24"',
  'sec-ch-ua-mobile': '?0',
  accept: '*/*',
  origin: 'http://localhost:5173',
  'sec-fetch-site': 'same-site',
  'sec-fetch-mode': 'cors',
  'sec-fetch-dest': 'empty',
  referer: 'http://localhost:5173/',
  'accept-encoding': 'gzip, deflate, br, zstd',
  'accept-language': 'en-US,en;q=0.9',
  'if-none-match': 'W/"110b-nbOQoGr7if1u4Qwlm+7I2w8Z3FQ"'
}
Bearer eyJhbGciOiJIUzI1NiIsInR5cCI6IkpXVCJ9.eyJpZCI6IjZhNGZjZDBhMjgxYzBiOTVjMmFkODEyOCIsInJvbGUiOiJ1c2VyIiwiaWF0IjoxNzgzNjk4MDcwLCJleHAiOjE3ODM2OTg5NzB9.QzP7mgkkT-z48reJjVaZTMTaj5KFLHIWHFBX2tKs2x4
{
  host: 'localhost:3000',
  connection: 'keep-alive',
  'sec-ch-ua-platform': '"Windows"',
  authorization: 'Bearer eyJhbGciOiJIUzI1NiIsInR5cCI6IkpXVCJ9.eyJpZCI6IjZhNGZjZDBhMjgxYzBiOTVjMmFkODEyOCIsInJvbGUiOiJ1c2VyIiwiaWF0IjoxNzgzNjk4MDcwLCJleHAiOjE3ODM2OTg5NzB9.QzP7mgkkT-z48reJjVaZTMTaj5KFLHIWHFBX2tKs2x4',
  'user-agent': 'Mozilla/5.0 (Windows NT 10.0; Win64; x64) AppleWebKit/537.36 (KHTML, like Gecko) Chrome/149.0.0.0 Safari/537.36',
  'sec-ch-ua': '"Google Chrome";v="149", "Chromium";v="149", "Not)A;Brand";v="24"',
  'sec-ch-ua-mobile': '?0',
  accept: '*/*',
  origin: 'http://localhost:5173',
  'sec-fetch-site': 'same-site',
  'sec-fetch-mode': 'cors',
  'sec-fetch-dest': 'empty',
  referer: 'http://localhost:5173/',
  'accept-encoding': 'gzip, deflate, br, zstd',
  'accept-language': 'en-US,en;q=0.9',
  'if-none-match': 'W/"110b-nbOQoGr7if1u4Qwlm+7I2w8Z3FQ"'
}
Bearer eyJhbGciOiJIUzI1NiIsInR5cCI6IkpXVCJ9.eyJpZCI6IjZhNGZjZDBhMjgxYzBiOTVjMmFkODEyOCIsInJvbGUiOiJ1c2VyIiwiaWF0IjoxNzgzNjk4MDcwLCJleHAiOjE3ODM2OTg5NzB9.QzP7mgkkT-z48reJjVaZTMTaj5KFLHIWHFBX2tKs2x4
{
  host: 'localhost:3000',
  connection: 'keep-alive',
  'sec-ch-ua-platform': '"Windows"',
  authorization: 'Bearer eyJhbGciOiJIUzI1NiIsInR5cCI6IkpXVCJ9.eyJpZCI6IjZhNGZjZDBhMjgxYzBiOTVjMmFkODEyOCIsInJvbGUiOiJ1c2VyIiwiaWF0IjoxNzgzNjk4MDcwLCJleHAiOjE3ODM2OTg5NzB9.QzP7mgkkT-z48reJjVaZTMTaj5KFLHIWHFBX2tKs2x4',
  'user-agent': 'Mozilla/5.0 (Windows NT 10.0; Win64; x64) AppleWebKit/537.36 (KHTML, like Gecko) Chrome/149.0.0.0 Safari/537.36',
  'sec-ch-ua': '"Google Chrome";v="149", "Chromium";v="149", "Not)A;Brand";v="24"',
  'sec-ch-ua-mobile': '?0',
  accept: '*/*',
  origin: 'http://localhost:5173',
  'sec-fetch-site': 'same-site',
  'sec-fetch-mode': 'cors',
  'sec-fetch-dest': 'empty',
  referer: 'http://localhost:5173/',
  'accept-encoding': 'gzip, deflate, br, zstd',
  'accept-language': 'en-US,en;q=0.9',
  'if-none-match': 'W/"110b-nbOQoGr7if1u4Qwlm+7I2w8Z3FQ"'
}
Bearer eyJhbGciOiJIUzI1NiIsInR5cCI6IkpXVCJ9.eyJpZCI6IjZhNGZjZDBhMjgxYzBiOTVjMmFkODEyOCIsInJvbGUiOiJ1c2VyIiwiaWF0IjoxNzgzNjk4MDcwLCJleHAiOjE3ODM2OTg5NzB9.QzP7mgkkT-z48reJjVaZTMTaj5KFLHIWHFBX2tKs2x4
{
  host: 'localhost:3000',
  connection: 'keep-alive',
  'sec-ch-ua-platform': '"Windows"',
  authorization: 'Bearer eyJhbGciOiJIUzI1NiIsInR5cCI6IkpXVCJ9.eyJpZCI6IjZhNGZjZDBhMjgxYzBiOTVjMmFkODEyOCIsInJvbGUiOiJ1c2VyIiwiaWF0IjoxNzgzNjk4MDcwLCJleHAiOjE3ODM2OTg5NzB9.QzP7mgkkT-z48reJjVaZTMTaj5KFLHIWHFBX2tKs2x4',
  'user-agent': 'Mozilla/5.0 (Windows NT 10.0; Win64; x64) AppleWebKit/537.36 (KHTML, like Gecko) Chrome/149.0.0.0 Safari/537.36',
  'sec-ch-ua': '"Google Chrome";v="149", "Chromium";v="149", "Not)A;Brand";v="24"',
  'sec-ch-ua-mobile': '?0',
  accept: '*/*',
  origin: 'http://localhost:5173',
  'sec-fetch-site': 'same-site',
  'sec-fetch-mode': 'cors',
  'sec-fetch-dest': 'empty',
  referer: 'http://localhost:5173/',
  'accept-encoding': 'gzip, deflate, br, zstd',
  'accept-language': 'en-US,en;q=0.9',
  'if-none-match': 'W/"110b-nbOQoGr7if1u4Qwlm+7I2w8Z3FQ"'
}
Bearer eyJhbGciOiJIUzI1NiIsInR5cCI6IkpXVCJ9.eyJpZCI6IjZhNGZjZDBhMjgxYzBiOTVjMmFkODEyOCIsInJvbGUiOiJ1c2VyIiwiaWF0IjoxNzgzNjk4MDcwLCJleHAiOjE3ODM2OTg5NzB9.QzP7mgkkT-z48reJjVaZTMTaj5KFLHIWHFBX2tKs2x4
{
  host: 'localhost:3000',
  connection: 'keep-alive',
  'sec-ch-ua-platform': '"Windows"',
  authorization: 'Bearer eyJhbGciOiJIUzI1NiIsInR5cCI6IkpXVCJ9.eyJpZCI6IjZhNGZjZDBhMjgxYzBiOTVjMmFkODEyOCIsInJvbGUiOiJ1c2VyIiwiaWF0IjoxNzgzNjk4MDcwLCJleHAiOjE3ODM2OTg5NzB9.QzP7mgkkT-z48reJjVaZTMTaj5KFLHIWHFBX2tKs2x4',
  'user-agent': 'Mozilla/5.0 (Windows NT 10.0; Win64; x64) AppleWebKit/537.36 (KHTML, like Gecko) Chrome/149.0.0.0 Safari/537.36',
  'sec-ch-ua': '"Google Chrome";v="149", "Chromium";v="149", "Not)A;Brand";v="24"',
  'sec-ch-ua-mobile': '?0',
  accept: '*/*',
  origin: 'http://localhost:5173',
  'sec-fetch-site': 'same-site',
  'sec-fetch-mode': 'cors',
  'sec-fetch-dest': 'empty',
  referer: 'http://localhost:5173/',
  'accept-encoding': 'gzip, deflate, br, zstd',
  'accept-language': 'en-US,en;q=0.9'
}
Bearer eyJhbGciOiJIUzI1NiIsInR5cCI6IkpXVCJ9.eyJpZCI6IjZhNGZjZDBhMjgxYzBiOTVjMmFkODEyOCIsInJvbGUiOiJ1c2VyIiwiaWF0IjoxNzgzNjk4MDcwLCJleHAiOjE3ODM2OTg5NzB9.QzP7mgkkT-z48reJjVaZTMTaj5KFLHIWHFBX2tKs2x4
{
  host: 'localhost:3000',
  connection: 'keep-alive',
  'sec-ch-ua-platform': '"Windows"',
  authorization: 'Bearer eyJhbGciOiJIUzI1NiIsInR5cCI6IkpXVCJ9.eyJpZCI6IjZhNGZjZDBhMjgxYzBiOTVjMmFkODEyOCIsInJvbGUiOiJ1c2VyIiwiaWF0IjoxNzgzNjk4MDcwLCJleHAiOjE3ODM2OTg5NzB9.QzP7mgkkT-z48reJjVaZTMTaj5KFLHIWHFBX2tKs2x4',
  'user-agent': 'Mozilla/5.0 (Windows NT 10.0; Win64; x64) AppleWebKit/537.36 (KHTML, like Gecko) Chrome/149.0.0.0 Safari/537.36',
  'sec-ch-ua': '"Google Chrome";v="149", "Chromium";v="149", "Not)A;Brand";v="24"',
  'sec-ch-ua-mobile': '?0',
  accept: '*/*',
  origin: 'http://localhost:5173',
  'sec-fetch-site': 'same-site',
  'sec-fetch-mode': 'cors',
  'sec-fetch-dest': 'empty',
  referer: 'http://localhost:5173/',
  'accept-encoding': 'gzip, deflate, br, zstd',
  'accept-language': 'en-US,en;q=0.9',
  'if-none-match': 'W/"341-H/ISUP7totvRw9aawMkTiuHZxmE"'
}
Bearer eyJhbGciOiJIUzI1NiIsInR5cCI6IkpXVCJ9.eyJpZCI6IjZhNGZjZDBhMjgxYzBiOTVjMmFkODEyOCIsInJvbGUiOiJ1c2VyIiwiaWF0IjoxNzgzNjk4MDcwLCJleHAiOjE3ODM2OTg5NzB9.QzP7mgkkT-z48reJjVaZTMTaj5KFLHIWHFBX2tKs2x4
{
  host: 'localhost:3000',
  connection: 'keep-alive',
  'sec-ch-ua-platform': '"Windows"',
  authorization: 'Bearer eyJhbGciOiJIUzI1NiIsInR5cCI6IkpXVCJ9.eyJpZCI6IjZhNGZjZDBhMjgxYzBiOTVjMmFkODEyOCIsInJvbGUiOiJ1c2VyIiwiaWF0IjoxNzgzNjk4MDcwLCJleHAiOjE3ODM2OTg5NzB9.QzP7mgkkT-z48reJjVaZTMTaj5KFLHIWHFBX2tKs2x4',
  'user-agent': 'Mozilla/5.0 (Windows NT 10.0; Win64; x64) AppleWebKit/537.36 (KHTML, like Gecko) Chrome/149.0.0.0 Safari/537.36',
  'sec-ch-ua': '"Google Chrome";v="149", "Chromium";v="149", "Not)A;Brand";v="24"',
  'sec-ch-ua-mobile': '?0',
  accept: '*/*',
  origin: 'http://localhost:5173',
  'sec-fetch-site': 'same-site',
  'sec-fetch-mode': 'cors',
  'sec-fetch-dest': 'empty',
  referer: 'http://localhost:5173/',
  'accept-encoding': 'gzip, deflate, br, zstd',
  'accept-language': 'en-US,en;q=0.9',
  'if-none-match': 'W/"341-H/ISUP7totvRw9aawMkTiuHZxmE"'
}
Bearer eyJhbGciOiJIUzI1NiIsInR5cCI6IkpXVCJ9.eyJpZCI6IjZhNGZjZDBhMjgxYzBiOTVjMmFkODEyOCIsInJvbGUiOiJ1c2VyIiwiaWF0IjoxNzgzNjk4MDcwLCJleHAiOjE3ODM2OTg5NzB9.QzP7mgkkT-z48reJjVaZTMTaj5KFLHIWHFBX2tKs2x4
{
  host: 'localhost:3000',
  connection: 'keep-alive',
  'sec-ch-ua-platform': '"Windows"',
  authorization: 'Bearer eyJhbGciOiJIUzI1NiIsInR5cCI6IkpXVCJ9.eyJpZCI6IjZhNGZjZDBhMjgxYzBiOTVjMmFkODEyOCIsInJvbGUiOiJ1c2VyIiwiaWF0IjoxNzgzNjk4MDcwLCJleHAiOjE3ODM2OTg5NzB9.QzP7mgkkT-z48reJjVaZTMTaj5KFLHIWHFBX2tKs2x4',
  'user-agent': 'Mozilla/5.0 (Windows NT 10.0; Win64; x64) AppleWebKit/537.36 (KHTML, like Gecko) Chrome/149.0.0.0 Safari/537.36',
  'sec-ch-ua': '"Google Chrome";v="149", "Chromium";v="149", "Not)A;Brand";v="24"',
  'sec-ch-ua-mobile': '?0',
  accept: '*/*',
  origin: 'http://localhost:5173',
  'sec-fetch-site': 'same-site',
  'sec-fetch-mode': 'cors',
  'sec-fetch-dest': 'empty',
  referer: 'http://localhost:5173/',
  'accept-encoding': 'gzip, deflate, br, zstd',
  'accept-language': 'en-US,en;q=0.9',
  'if-none-match': 'W/"341-H/ISUP7totvRw9aawMkTiuHZxmE"'
}
Bearer eyJhbGciOiJIUzI1NiIsInR5cCI6IkpXVCJ9.eyJpZCI6IjZhNGZjZDBhMjgxYzBiOTVjMmFkODEyOCIsInJvbGUiOiJ1c2VyIiwiaWF0IjoxNzgzNjk4MDcwLCJleHAiOjE3ODM2OTg5NzB9.QzP7mgkkT-z48reJjVaZTMTaj5KFLHIWHFBX2tKs2x4
{
  host: 'localhost:3000',
  connection: 'keep-alive',
  'sec-ch-ua-platform': '"Windows"',
  authorization: 'Bearer eyJhbGciOiJIUzI1NiIsInR5cCI6IkpXVCJ9.eyJpZCI6IjZhNGZjZDBhMjgxYzBiOTVjMmFkODEyOCIsInJvbGUiOiJ1c2VyIiwiaWF0IjoxNzgzNjk4MDcwLCJleHAiOjE3ODM2OTg5NzB9.QzP7mgkkT-z48reJjVaZTMTaj5KFLHIWHFBX2tKs2x4',
  'user-agent': 'Mozilla/5.0 (Windows NT 10.0; Win64; x64) AppleWebKit/537.36 (KHTML, like Gecko) Chrome/149.0.0.0 Safari/537.36',
  'sec-ch-ua': '"Google Chrome";v="149", "Chromium";v="149", "Not)A;Brand";v="24"',
  'sec-ch-ua-mobile': '?0',
  accept: '*/*',
  origin: 'http://localhost:5173',
  'sec-fetch-site': 'same-site',
  'sec-fetch-mode': 'cors',
  'sec-fetch-dest': 'empty',
  referer: 'http://localhost:5173/',
  'accept-encoding': 'gzip, deflate, br, zstd',
  'accept-language': 'en-US,en;q=0.9',
  'if-none-match': 'W/"1f7-XUF7kkTB8HH+7CIbIW5TVSr4dVQ"'
}
Bearer eyJhbGciOiJIUzI1NiIsInR5cCI6IkpXVCJ9.eyJpZCI6IjZhNGZjZDBhMjgxYzBiOTVjMmFkODEyOCIsInJvbGUiOiJ1c2VyIiwiaWF0IjoxNzgzNjk4MDcwLCJleHAiOjE3ODM2OTg5NzB9.QzP7mgkkT-z48reJjVaZTMTaj5KFLHIWHFBX2tKs2x4
{
  host: 'localhost:3000',
  connection: 'keep-alive',
  'sec-ch-ua-platform': '"Windows"',
  authorization: 'Bearer eyJhbGciOiJIUzI1NiIsInR5cCI6IkpXVCJ9.eyJpZCI6IjZhNGZjZDBhMjgxYzBiOTVjMmFkODEyOCIsInJvbGUiOiJ1c2VyIiwiaWF0IjoxNzgzNjk4MDcwLCJleHAiOjE3ODM2OTg5NzB9.QzP7mgkkT-z48reJjVaZTMTaj5KFLHIWHFBX2tKs2x4',
  'user-agent': 'Mozilla/5.0 (Windows NT 10.0; Win64; x64) AppleWebKit/537.36 (KHTML, like Gecko) Chrome/149.0.0.0 Safari/537.36',
  'sec-ch-ua': '"Google Chrome";v="149", "Chromium";v="149", "Not)A;Brand";v="24"',
  'sec-ch-ua-mobile': '?0',
  accept: '*/*',
  origin: 'http://localhost:5173',
  'sec-fetch-site': 'same-site',
  'sec-fetch-mode': 'cors',
  'sec-fetch-dest': 'empty',
  referer: 'http://localhost:5173/',
  'accept-encoding': 'gzip, deflate, br, zstd',
  'accept-language': 'en-US,en;q=0.9',
  'if-none-match': 'W/"1fa-mQ1N/BePu7jjfOBEhTymecB7Cqw"'
}
Bearer eyJhbGciOiJIUzI1NiIsInR5cCI6IkpXVCJ9.eyJpZCI6IjZhNGZjZDBhMjgxYzBiOTVjMmFkODEyOCIsInJvbGUiOiJ1c2VyIiwiaWF0IjoxNzgzNjk4MDcwLCJleHAiOjE3ODM2OTg5NzB9.QzP7mgkkT-z48reJjVaZTMTaj5KFLHIWHFBX2tKs2x4
{
  host: 'localhost:3000',
  connection: 'keep-alive',
  'sec-ch-ua-platform': '"Windows"',
  authorization: 'Bearer eyJhbGciOiJIUzI1NiIsInR5cCI6IkpXVCJ9.eyJpZCI6IjZhNGZjZDBhMjgxYzBiOTVjMmFkODEyOCIsInJvbGUiOiJ1c2VyIiwiaWF0IjoxNzgzNjk4MDcwLCJleHAiOjE3ODM2OTg5NzB9.QzP7mgkkT-z48reJjVaZTMTaj5KFLHIWHFBX2tKs2x4',
  'user-agent': 'Mozilla/5.0 (Windows NT 10.0; Win64; x64) AppleWebKit/537.36 (KHTML, like Gecko) Chrome/149.0.0.0 Safari/537.36',
  'sec-ch-ua': '"Google Chrome";v="149", "Chromium";v="149", "Not)A;Brand";v="24"',
  'sec-ch-ua-mobile': '?0',
  accept: '*/*',
  origin: 'http://localhost:5173',
  'sec-fetch-site': 'same-site',
  'sec-fetch-mode': 'cors',
  'sec-fetch-dest': 'empty',
  referer: 'http://localhost:5173/',
  'accept-encoding': 'gzip, deflate, br, zstd',
  'accept-language': 'en-US,en;q=0.9',
  'if-none-match': 'W/"1fa-mQ1N/BePu7jjfOBEhTymecB7Cqw"'
}
Bearer eyJhbGciOiJIUzI1NiIsInR5cCI6IkpXVCJ9.eyJpZCI6IjZhNGZjZDBhMjgxYzBiOTVjMmFkODEyOCIsInJvbGUiOiJ1c2VyIiwiaWF0IjoxNzgzNjk4MDcwLCJleHAiOjE3ODM2OTg5NzB9.QzP7mgkkT-z48reJjVaZTMTaj5KFLHIWHFBX2tKs2x4
{
  host: 'localhost:3000',
  connection: 'keep-alive',
  'sec-ch-ua-platform': '"Windows"',
  authorization: 'Bearer eyJhbGciOiJIUzI1NiIsInR5cCI6IkpXVCJ9.eyJpZCI6IjZhNGZjZDBhMjgxYzBiOTVjMmFkODEyOCIsInJvbGUiOiJ1c2VyIiwiaWF0IjoxNzgzNjk4MDcwLCJleHAiOjE3ODM2OTg5NzB9.QzP7mgkkT-z48reJjVaZTMTaj5KFLHIWHFBX2tKs2x4',
  'user-agent': 'Mozilla/5.0 (Windows NT 10.0; Win64; x64) AppleWebKit/537.36 (KHTML, like Gecko) Chrome/149.0.0.0 Safari/537.36',
  'sec-ch-ua': '"Google Chrome";v="149", "Chromium";v="149", "Not)A;Brand";v="24"',
  'sec-ch-ua-mobile': '?0',
  accept: '*/*',
  origin: 'http://localhost:5173',
  'sec-fetch-site': 'same-site',
  'sec-fetch-mode': 'cors',
  'sec-fetch-dest': 'empty',
  referer: 'http://localhost:5173/',
  'accept-encoding': 'gzip, deflate, br, zstd',
  'accept-language': 'en-US,en;q=0.9',
  'if-none-match': 'W/"1fa-mQ1N/BePu7jjfOBEhTymecB7Cqw"'
}
Bearer eyJhbGciOiJIUzI1NiIsInR5cCI6IkpXVCJ9.eyJpZCI6IjZhNGZjZDBhMjgxYzBiOTVjMmFkODEyOCIsInJvbGUiOiJ1c2VyIiwiaWF0IjoxNzgzNjk4MDcwLCJleHAiOjE3ODM2OTg5NzB9.QzP7mgkkT-z48reJjVaZTMTaj5KFLHIWHFBX2tKs2x4
{
  host: 'localhost:3000',
  connection: 'keep-alive',
  'sec-ch-ua-platform': '"Windows"',
  authorization: 'Bearer eyJhbGciOiJIUzI1NiIsInR5cCI6IkpXVCJ9.eyJpZCI6IjZhNGZkNTQ2NDQwMjVkMWU5YzlkODIzMSIsInJvbGUiOiJhZG1pbiIsImlhdCI6MTc4MzY5ODIwNiwiZXhwIjoxNzgzNjk5MTA2fQ.KXGIhxu3OnMhSnsbSfrmJAKczILVSleIMENfc6U2jTI',
  'user-agent': 'Mozilla/5.0 (Windows NT 10.0; Win64; x64) AppleWebKit/537.36 (KHTML, like Gecko) Chrome/149.0.0.0 Safari/537.36',
  'sec-ch-ua': '"Google Chrome";v="149", "Chromium";v="149", "Not)A;Brand";v="24"',
  'sec-ch-ua-mobile': '?0',
  accept: '*/*',
  origin: 'http://localhost:5173',
  'sec-fetch-site': 'same-site',
  'sec-fetch-mode': 'cors',
  'sec-fetch-dest': 'empty',
  referer: 'http://localhost:5173/',
  'accept-encoding': 'gzip, deflate, br, zstd',
  'accept-language': 'en-US,en;q=0.9',
  'if-none-match': 'W/"d7-c2BkuO2F0P4jhkqv+apRe7nRmJs"'
}
Bearer eyJhbGciOiJIUzI1NiIsInR5cCI6IkpXVCJ9.eyJpZCI6IjZhNGZkNTQ2NDQwMjVkMWU5YzlkODIzMSIsInJvbGUiOiJhZG1pbiIsImlhdCI6MTc4MzY5ODIwNiwiZXhwIjoxNzgzNjk5MTA2fQ.KXGIhxu3OnMhSnsbSfrmJAKczILVSleIMENfc6U2jTI
{
  host: 'localhost:3000',
  connection: 'keep-alive',
  'sec-ch-ua-platform': '"Windows"',
  authorization: 'Bearer eyJhbGciOiJIUzI1NiIsInR5cCI6IkpXVCJ9.eyJpZCI6IjZhNGZkNTQ2NDQwMjVkMWU5YzlkODIzMSIsInJvbGUiOiJhZG1pbiIsImlhdCI6MTc4MzY5ODIwNiwiZXhwIjoxNzgzNjk5MTA2fQ.KXGIhxu3OnMhSnsbSfrmJAKczILVSleIMENfc6U2jTI',
  'user-agent': 'Mozilla/5.0 (Windows NT 10.0; Win64; x64) AppleWebKit/537.36 (KHTML, like Gecko) Chrome/149.0.0.0 Safari/537.36',
  'sec-ch-ua': '"Google Chrome";v="149", "Chromium";v="149", "Not)A;Brand";v="24"',
  'sec-ch-ua-mobile': '?0',
  accept: '*/*',
  origin: 'http://localhost:5173',
  'sec-fetch-site': 'same-site',
  'sec-fetch-mode': 'cors',
  'sec-fetch-dest': 'empty',
  referer: 'http://localhost:5173/',
  'accept-encoding': 'gzip, deflate, br, zstd',
  'accept-language': 'en-US,en;q=0.9',
  'if-none-match': 'W/"ca-QJF0w7qlz04EAzx1xFYNEdw+FyY"'
}
Bearer eyJhbGciOiJIUzI1NiIsInR5cCI6IkpXVCJ9.eyJpZCI6IjZhNGZkNTQ2NDQwMjVkMWU5YzlkODIzMSIsInJvbGUiOiJhZG1pbiIsImlhdCI6MTc4MzY5ODIwNiwiZXhwIjoxNzgzNjk5MTA2fQ.KXGIhxu3OnMhSnsbSfrmJAKczILVSleIMENfc6U2jTI
{
  host: 'localhost:3000',
  connection: 'keep-alive',
  'sec-ch-ua-platform': '"Windows"',
  authorization: 'Bearer eyJhbGciOiJIUzI1NiIsInR5cCI6IkpXVCJ9.eyJpZCI6IjZhNGZkNTQ2NDQwMjVkMWU5YzlkODIzMSIsInJvbGUiOiJhZG1pbiIsImlhdCI6MTc4MzY5ODIwNiwiZXhwIjoxNzgzNjk5MTA2fQ.KXGIhxu3OnMhSnsbSfrmJAKczILVSleIMENfc6U2jTI',
  'user-agent': 'Mozilla/5.0 (Windows NT 10.0; Win64; x64) AppleWebKit/537.36 (KHTML, like Gecko) Chrome/149.0.0.0 Safari/537.36',
  'sec-ch-ua': '"Google Chrome";v="149", "Chromium";v="149", "Not)A;Brand";v="24"',
  'sec-ch-ua-mobile': '?0',
  accept: '*/*',
  origin: 'http://localhost:5173',
  'sec-fetch-site': 'same-site',
  'sec-fetch-mode': 'cors',
  'sec-fetch-dest': 'empty',
  referer: 'http://localhost:5173/',
  'accept-encoding': 'gzip, deflate, br, zstd',
  'accept-language': 'en-US,en;q=0.9',
  'if-none-match': 'W/"1c40-VGR2GC42DFYXXZulANzztKCmOYI"'
}
Bearer eyJhbGciOiJIUzI1NiIsInR5cCI6IkpXVCJ9.eyJpZCI6IjZhNGZkNTQ2NDQwMjVkMWU5YzlkODIzMSIsInJvbGUiOiJhZG1pbiIsImlhdCI6MTc4MzY5ODIwNiwiZXhwIjoxNzgzNjk5MTA2fQ.KXGIhxu3OnMhSnsbSfrmJAKczILVSleIMENfc6U2jTI
admin
admin
{
  host: 'localhost:3000',
  connection: 'keep-alive',
  'sec-ch-ua-platform': '"Windows"',
  authorization: 'Bearer eyJhbGciOiJIUzI1NiIsInR5cCI6IkpXVCJ9.eyJpZCI6IjZhNGZkNTQ2NDQwMjVkMWU5YzlkODIzMSIsInJvbGUiOiJhZG1pbiIsImlhdCI6MTc4MzY5ODIwNiwiZXhwIjoxNzgzNjk5MTA2fQ.KXGIhxu3OnMhSnsbSfrmJAKczILVSleIMENfc6U2jTI',
  'user-agent': 'Mozilla/5.0 (Windows NT 10.0; Win64; x64) AppleWebKit/537.36 (KHTML, like Gecko) Chrome/149.0.0.0 Safari/537.36',
  'sec-ch-ua': '"Google Chrome";v="149", "Chromium";v="149", "Not)A;Brand";v="24"',
  'sec-ch-ua-mobile': '?0',
  accept: '*/*',
  origin: 'http://localhost:5173',
  'sec-fetch-site': 'same-site',
  'sec-fetch-mode': 'cors',
  'sec-fetch-dest': 'empty',
  referer: 'http://localhost:5173/',
  'accept-encoding': 'gzip, deflate, br, zstd',
  'accept-language': 'en-US,en;q=0.9',
  'if-none-match': 'W/"1c40-VGR2GC42DFYXXZulANzztKCmOYI"'
}
Bearer eyJhbGciOiJIUzI1NiIsInR5cCI6IkpXVCJ9.eyJpZCI6IjZhNGZkNTQ2NDQwMjVkMWU5YzlkODIzMSIsInJvbGUiOiJhZG1pbiIsImlhdCI6MTc4MzY5ODIwNiwiZXhwIjoxNzgzNjk5MTA2fQ.KXGIhxu3OnMhSnsbSfrmJAKczILVSleIMENfc6U2jTI
{
  host: 'localhost:3000',
  connection: 'keep-alive',
  'sec-ch-ua-platform': '"Windows"',
  authorization: 'Bearer eyJhbGciOiJIUzI1NiIsInR5cCI6IkpXVCJ9.eyJpZCI6IjZhNGZkNTQ2NDQwMjVkMWU5YzlkODIzMSIsInJvbGUiOiJhZG1pbiIsImlhdCI6MTc4MzY5ODIwNiwiZXhwIjoxNzgzNjk5MTA2fQ.KXGIhxu3OnMhSnsbSfrmJAKczILVSleIMENfc6U2jTI',
  'user-agent': 'Mozilla/5.0 (Windows NT 10.0; Win64; x64) AppleWebKit/537.36 (KHTML, like Gecko) Chrome/149.0.0.0 Safari/537.36',
  'sec-ch-ua': '"Google Chrome";v="149", "Chromium";v="149", "Not)A;Brand";v="24"',
  'sec-ch-ua-mobile': '?0',
  accept: '*/*',
  origin: 'http://localhost:5173',
  'sec-fetch-site': 'same-site',
  'sec-fetch-mode': 'cors',
  'sec-fetch-dest': 'empty',
  referer: 'http://localhost:5173/',
  'accept-encoding': 'gzip, deflate, br, zstd',
  'accept-language': 'en-US,en;q=0.9',
  'if-none-match': 'W/"110b-nbOQoGr7if1u4Qwlm+7I2w8Z3FQ"'
}
Bearer eyJhbGciOiJIUzI1NiIsInR5cCI6IkpXVCJ9.eyJpZCI6IjZhNGZkNTQ2NDQwMjVkMWU5YzlkODIzMSIsInJvbGUiOiJhZG1pbiIsImlhdCI6MTc4MzY5ODIwNiwiZXhwIjoxNzgzNjk5MTA2fQ.KXGIhxu3OnMhSnsbSfrmJAKczILVSleIMENfc6U2jTI
{
  host: 'localhost:3000',
  connection: 'keep-alive',
  'sec-ch-ua-platform': '"Windows"',
  authorization: 'Bearer eyJhbGciOiJIUzI1NiIsInR5cCI6IkpXVCJ9.eyJpZCI6IjZhNGZkNTQ2NDQwMjVkMWU5YzlkODIzMSIsInJvbGUiOiJhZG1pbiIsImlhdCI6MTc4MzY5ODIwNiwiZXhwIjoxNzgzNjk5MTA2fQ.KXGIhxu3OnMhSnsbSfrmJAKczILVSleIMENfc6U2jTI',
  'user-agent': 'Mozilla/5.0 (Windows NT 10.0; Win64; x64) AppleWebKit/537.36 (KHTML, like Gecko) Chrome/149.0.0.0 Safari/537.36',
  'sec-ch-ua': '"Google Chrome";v="149", "Chromium";v="149", "Not)A;Brand";v="24"',
  'sec-ch-ua-mobile': '?0',
  accept: '*/*',
  origin: 'http://localhost:5173',
  'sec-fetch-site': 'same-site',
  'sec-fetch-mode': 'cors',
  'sec-fetch-dest': 'empty',
  referer: 'http://localhost:5173/',
  'accept-encoding': 'gzip, deflate, br, zstd',
  'accept-language': 'en-US,en;q=0.9',
  'if-none-match': 'W/"cb-zbkJMFORwaV0I3joPCu3LGgZqo8"'
}
Bearer eyJhbGciOiJIUzI1NiIsInR5cCI6IkpXVCJ9.eyJpZCI6IjZhNGZkNTQ2NDQwMjVkMWU5YzlkODIzMSIsInJvbGUiOiJhZG1pbiIsImlhdCI6MTc4MzY5ODIwNiwiZXhwIjoxNzgzNjk5MTA2fQ.KXGIhxu3OnMhSnsbSfrmJAKczILVSleIMENfc6U2jTI
{
  host: 'localhost:3000',
  connection: 'keep-alive',
  'sec-ch-ua-platform': '"Windows"',
  authorization: 'Bearer eyJhbGciOiJIUzI1NiIsInR5cCI6IkpXVCJ9.eyJpZCI6IjZhNGZkNTQ2NDQwMjVkMWU5YzlkODIzMSIsInJvbGUiOiJhZG1pbiIsImlhdCI6MTc4MzY5ODIwNiwiZXhwIjoxNzgzNjk5MTA2fQ.KXGIhxu3OnMhSnsbSfrmJAKczILVSleIMENfc6U2jTI',
  'user-agent': 'Mozilla/5.0 (Windows NT 10.0; Win64; x64) AppleWebKit/537.36 (KHTML, like Gecko) Chrome/149.0.0.0 Safari/537.36',
  'sec-ch-ua': '"Google Chrome";v="149", "Chromium";v="149", "Not)A;Brand";v="24"',
  'sec-ch-ua-mobile': '?0',
  accept: '*/*',
  origin: 'http://localhost:5173',
  'sec-fetch-site': 'same-site',
  'sec-fetch-mode': 'cors',
  'sec-fetch-dest': 'empty',
  referer: 'http://localhost:5173/',
  'accept-encoding': 'gzip, deflate, br, zstd',
  'accept-language': 'en-US,en;q=0.9',
  'if-none-match': 'W/"d7-Y0+hoRws0KIMm41NFiVinhgx/ps"'
}
Bearer eyJhbGciOiJIUzI1NiIsInR5cCI6IkpXVCJ9.eyJpZCI6IjZhNGZkNTQ2NDQwMjVkMWU5YzlkODIzMSIsInJvbGUiOiJhZG1pbiIsImlhdCI6MTc4MzY5ODIwNiwiZXhwIjoxNzgzNjk5MTA2fQ.KXGIhxu3OnMhSnsbSfrmJAKczILVSleIMENfc6U2jTI
{
  host: 'localhost:3000',
  connection: 'keep-alive',
  'sec-ch-ua-platform': '"Windows"',
  authorization: 'Bearer eyJhbGciOiJIUzI1NiIsInR5cCI6IkpXVCJ9.eyJpZCI6IjZhNGZkNTQ2NDQwMjVkMWU5YzlkODIzMSIsInJvbGUiOiJhZG1pbiIsImlhdCI6MTc4MzY5ODIwNiwiZXhwIjoxNzgzNjk5MTA2fQ.KXGIhxu3OnMhSnsbSfrmJAKczILVSleIMENfc6U2jTI',
  'user-agent': 'Mozilla/5.0 (Windows NT 10.0; Win64; x64) AppleWebKit/537.36 (KHTML, like Gecko) Chrome/149.0.0.0 Safari/537.36',
  'sec-ch-ua': '"Google Chrome";v="149", "Chromium";v="149", "Not)A;Brand";v="24"',
  'sec-ch-ua-mobile': '?0',
  accept: '*/*',
  origin: 'http://localhost:5173',
  'sec-fetch-site': 'same-site',
  'sec-fetch-mode': 'cors',
  'sec-fetch-dest': 'empty',
  referer: 'http://localhost:5173/',
  'accept-encoding': 'gzip, deflate, br, zstd',
  'accept-language': 'en-US,en;q=0.9',
  'if-none-match': 'W/"d7-Y0+hoRws0KIMm41NFiVinhgx/ps"'
}
Bearer eyJhbGciOiJIUzI1NiIsInR5cCI6IkpXVCJ9.eyJpZCI6IjZhNGZkNTQ2NDQwMjVkMWU5YzlkODIzMSIsInJvbGUiOiJhZG1pbiIsImlhdCI6MTc4MzY5ODIwNiwiZXhwIjoxNzgzNjk5MTA2fQ.KXGIhxu3OnMhSnsbSfrmJAKczILVSleIMENfc6U2jTI
{
  host: 'localhost:3000',
  connection: 'keep-alive',
  'sec-ch-ua-platform': '"Windows"',
  authorization: 'Bearer eyJhbGciOiJIUzI1NiIsInR5cCI6IkpXVCJ9.eyJpZCI6IjZhNGZkNTQ2NDQwMjVkMWU5YzlkODIzMSIsInJvbGUiOiJhZG1pbiIsImlhdCI6MTc4MzY5ODIwNiwiZXhwIjoxNzgzNjk5MTA2fQ.KXGIhxu3OnMhSnsbSfrmJAKczILVSleIMENfc6U2jTI',
  'user-agent': 'Mozilla/5.0 (Windows NT 10.0; Win64; x64) AppleWebKit/537.36 (KHTML, like Gecko) Chrome/149.0.0.0 Safari/537.36',
  'sec-ch-ua': '"Google Chrome";v="149", "Chromium";v="149", "Not)A;Brand";v="24"',
  'sec-ch-ua-mobile': '?0',
  accept: '*/*',
  origin: 'http://localhost:5173',
  'sec-fetch-site': 'same-site',
  'sec-fetch-mode': 'cors',
  'sec-fetch-dest': 'empty',
  referer: 'http://localhost:5173/',
  'accept-encoding': 'gzip, deflate, br, zstd',
  'accept-language': 'en-US,en;q=0.9',
  'if-none-match': 'W/"9ed-Ev4NIaDJVbIdt0MhTtHenfk+aNs"'
}
Bearer eyJhbGciOiJIUzI1NiIsInR5cCI6IkpXVCJ9.eyJpZCI6IjZhNGZkNTQ2NDQwMjVkMWU5YzlkODIzMSIsInJvbGUiOiJhZG1pbiIsImlhdCI6MTc4MzY5ODIwNiwiZXhwIjoxNzgzNjk5MTA2fQ.KXGIhxu3OnMhSnsbSfrmJAKczILVSleIMENfc6U2jTI
{
  host: 'localhost:3000',
  connection: 'keep-alive',
  'sec-ch-ua-platform': '"Windows"',
  authorization: 'Bearer eyJhbGciOiJIUzI1NiIsInR5cCI6IkpXVCJ9.eyJpZCI6IjZhNGZkNTQ2NDQwMjVkMWU5YzlkODIzMSIsInJvbGUiOiJhZG1pbiIsImlhdCI6MTc4MzY5ODIwNiwiZXhwIjoxNzgzNjk5MTA2fQ.KXGIhxu3OnMhSnsbSfrmJAKczILVSleIMENfc6U2jTI',
  'user-agent': 'Mozilla/5.0 (Windows NT 10.0; Win64; x64) AppleWebKit/537.36 (KHTML, like Gecko) Chrome/149.0.0.0 Safari/537.36',
  'sec-ch-ua': '"Google Chrome";v="149", "Chromium";v="149", "Not)A;Brand";v="24"',
  'sec-ch-ua-mobile': '?0',
  accept: '*/*',
  origin: 'http://localhost:5173',
  'sec-fetch-site': 'same-site',
  'sec-fetch-mode': 'cors',
  'sec-fetch-dest': 'empty',
  referer: 'http://localhost:5173/',
  'accept-encoding': 'gzip, deflate, br, zstd',
  'accept-language': 'en-US,en;q=0.9',
  'if-none-match': 'W/"cb-zbkJMFORwaV0I3joPCu3LGgZqo8"'
}
Bearer eyJhbGciOiJIUzI1NiIsInR5cCI6IkpXVCJ9.eyJpZCI6IjZhNGZkNTQ2NDQwMjVkMWU5YzlkODIzMSIsInJvbGUiOiJhZG1pbiIsImlhdCI6MTc4MzY5ODIwNiwiZXhwIjoxNzgzNjk5MTA2fQ.KXGIhxu3OnMhSnsbSfrmJAKczILVSleIMENfc6U2jTI
{
  host: 'localhost:3000',
  connection: 'keep-alive',
  'sec-ch-ua-platform': '"Windows"',
  authorization: 'Bearer eyJhbGciOiJIUzI1NiIsInR5cCI6IkpXVCJ9.eyJpZCI6IjZhNGZkNTQ2NDQwMjVkMWU5YzlkODIzMSIsInJvbGUiOiJhZG1pbiIsImlhdCI6MTc4MzY5ODIwNiwiZXhwIjoxNzgzNjk5MTA2fQ.KXGIhxu3OnMhSnsbSfrmJAKczILVSleIMENfc6U2jTI',
  'user-agent': 'Mozilla/5.0 (Windows NT 10.0; Win64; x64) AppleWebKit/537.36 (KHTML, like Gecko) Chrome/149.0.0.0 Safari/537.36',
  'sec-ch-ua': '"Google Chrome";v="149", "Chromium";v="149", "Not)A;Brand";v="24"',
  'sec-ch-ua-mobile': '?0',
  accept: '*/*',
  origin: 'http://localhost:5173',
  'sec-fetch-site': 'same-site',
  'sec-fetch-mode': 'cors',
  'sec-fetch-dest': 'empty',
  referer: 'http://localhost:5173/',
  'accept-encoding': 'gzip, deflate, br, zstd',
  'accept-language': 'en-US,en;q=0.9',
  'if-none-match': 'W/"341-H/ISUP7totvRw9aawMkTiuHZxmE"'
}
Bearer eyJhbGciOiJIUzI1NiIsInR5cCI6IkpXVCJ9.eyJpZCI6IjZhNGZkNTQ2NDQwMjVkMWU5YzlkODIzMSIsInJvbGUiOiJhZG1pbiIsImlhdCI6MTc4MzY5ODIwNiwiZXhwIjoxNzgzNjk5MTA2fQ.KXGIhxu3OnMhSnsbSfrmJAKczILVSleIMENfc6U2jTI
{
  host: 'localhost:3000',
  connection: 'keep-alive',
  'sec-ch-ua-platform': '"Windows"',
  authorization: 'Bearer eyJhbGciOiJIUzI1NiIsInR5cCI6IkpXVCJ9.eyJpZCI6IjZhNGZkNTQ2NDQwMjVkMWU5YzlkODIzMSIsInJvbGUiOiJhZG1pbiIsImlhdCI6MTc4MzY5ODIwNiwiZXhwIjoxNzgzNjk5MTA2fQ.KXGIhxu3OnMhSnsbSfrmJAKczILVSleIMENfc6U2jTI',
  'user-agent': 'Mozilla/5.0 (Windows NT 10.0; Win64; x64) AppleWebKit/537.36 (KHTML, like Gecko) Chrome/149.0.0.0 Safari/537.36',
  'sec-ch-ua': '"Google Chrome";v="149", "Chromium";v="149", "Not)A;Brand";v="24"',
  'sec-ch-ua-mobile': '?0',
  accept: '*/*',
  origin: 'http://localhost:5173',
  'sec-fetch-site': 'same-site',
  'sec-fetch-mode': 'cors',
  'sec-fetch-dest': 'empty',
  referer: 'http://localhost:5173/',
  'accept-encoding': 'gzip, deflate, br, zstd',
  'accept-language': 'en-US,en;q=0.9',
  'if-none-match': 'W/"1d-AaFOkrC4/GTKknFVVyp3ltN6LBU"'
}
Bearer eyJhbGciOiJIUzI1NiIsInR5cCI6IkpXVCJ9.eyJpZCI6IjZhNGZkNTQ2NDQwMjVkMWU5YzlkODIzMSIsInJvbGUiOiJhZG1pbiIsImlhdCI6MTc4MzY5ODIwNiwiZXhwIjoxNzgzNjk5MTA2fQ.KXGIhxu3OnMhSnsbSfrmJAKczILVSleIMENfc6U2jTI
{
  host: 'localhost:3000',
  connection: 'keep-alive',
  'sec-ch-ua-platform': '"Windows"',
  authorization: 'Bearer eyJhbGciOiJIUzI1NiIsInR5cCI6IkpXVCJ9.eyJpZCI6IjZhNGZkNTQ2NDQwMjVkMWU5YzlkODIzMSIsInJvbGUiOiJhZG1pbiIsImlhdCI6MTc4MzY5ODIwNiwiZXhwIjoxNzgzNjk5MTA2fQ.KXGIhxu3OnMhSnsbSfrmJAKczILVSleIMENfc6U2jTI',
  'user-agent': 'Mozilla/5.0 (Windows NT 10.0; Win64; x64) AppleWebKit/537.36 (KHTML, like Gecko) Chrome/149.0.0.0 Safari/537.36',
  'sec-ch-ua': '"Google Chrome";v="149", "Chromium";v="149", "Not)A;Brand";v="24"',
  'sec-ch-ua-mobile': '?0',
  accept: '*/*',
  origin: 'http://localhost:5173',
  'sec-fetch-site': 'same-site',
  'sec-fetch-mode': 'cors',
  'sec-fetch-dest': 'empty',
  referer: 'http://localhost:5173/',
  'accept-encoding': 'gzip, deflate, br, zstd',
  'accept-language': 'en-US,en;q=0.9',
  'if-none-match': 'W/"1fa-mQ1N/BePu7jjfOBEhTymecB7Cqw"'
}
Bearer eyJhbGciOiJIUzI1NiIsInR5cCI6IkpXVCJ9.eyJpZCI6IjZhNGZkNTQ2NDQwMjVkMWU5YzlkODIzMSIsInJvbGUiOiJhZG1pbiIsImlhdCI6MTc4MzY5ODIwNiwiZXhwIjoxNzgzNjk5MTA2fQ.KXGIhxu3OnMhSnsbSfrmJAKczILVSleIMENfc6U2jTI
{
  host: 'localhost:3000',
  connection: 'keep-alive',
  'sec-ch-ua-platform': '"Windows"',
  authorization: 'Bearer eyJhbGciOiJIUzI1NiIsInR5cCI6IkpXVCJ9.eyJpZCI6IjZhNGZkNTQ2NDQwMjVkMWU5YzlkODIzMSIsInJvbGUiOiJhZG1pbiIsImlhdCI6MTc4MzY5ODIwNiwiZXhwIjoxNzgzNjk5MTA2fQ.KXGIhxu3OnMhSnsbSfrmJAKczILVSleIMENfc6U2jTI',
  'user-agent': 'Mozilla/5.0 (Windows NT 10.0; Win64; x64) AppleWebKit/537.36 (KHTML, like Gecko) Chrome/149.0.0.0 Safari/537.36',
  'sec-ch-ua': '"Google Chrome";v="149", "Chromium";v="149", "Not)A;Brand";v="24"',
  'sec-ch-ua-mobile': '?0',
  accept: '*/*',
  origin: 'http://localhost:5173',
  'sec-fetch-site': 'same-site',
  'sec-fetch-mode': 'cors',
  'sec-fetch-dest': 'empty',
  referer: 'http://localhost:5173/',
  'accept-encoding': 'gzip, deflate, br, zstd',
  'accept-language': 'en-US,en;q=0.9',
  'if-none-match': 'W/"1f7-k0XwO550AMiqWJgh7UIG2nbW/iY"'
}
Bearer eyJhbGciOiJIUzI1NiIsInR5cCI6IkpXVCJ9.eyJpZCI6IjZhNGZkNTQ2NDQwMjVkMWU5YzlkODIzMSIsInJvbGUiOiJhZG1pbiIsImlhdCI6MTc4MzY5ODIwNiwiZXhwIjoxNzgzNjk5MTA2fQ.KXGIhxu3OnMhSnsbSfrmJAKczILVSleIMENfc6U2jTI
{
  host: 'localhost:3000',
  connection: 'keep-alive',
  'sec-ch-ua-platform': '"Windows"',
  authorization: 'Bearer eyJhbGciOiJIUzI1NiIsInR5cCI6IkpXVCJ9.eyJpZCI6IjZhNGZkNTQ2NDQwMjVkMWU5YzlkODIzMSIsInJvbGUiOiJhZG1pbiIsImlhdCI6MTc4MzY5ODIwNiwiZXhwIjoxNzgzNjk5MTA2fQ.KXGIhxu3OnMhSnsbSfrmJAKczILVSleIMENfc6U2jTI',
  'user-agent': 'Mozilla/5.0 (Windows NT 10.0; Win64; x64) AppleWebKit/537.36 (KHTML, like Gecko) Chrome/149.0.0.0 Safari/537.36',
  'sec-ch-ua': '"Google Chrome";v="149", "Chromium";v="149", "Not)A;Brand";v="24"',
  'sec-ch-ua-mobile': '?0',
  accept: '*/*',
  origin: 'http://localhost:5173',
  'sec-fetch-site': 'same-site',
  'sec-fetch-mode': 'cors',
  'sec-fetch-dest': 'empty',
  referer: 'http://localhost:5173/',
  'accept-encoding': 'gzip, deflate, br, zstd',
  'accept-language': 'en-US,en;q=0.9',
  'if-none-match': 'W/"6b-k7zZEnu7xeiGOvUBvO2NLPXXA3c"'
}
Bearer eyJhbGciOiJIUzI1NiIsInR5cCI6IkpXVCJ9.eyJpZCI6IjZhNGZkNTQ2NDQwMjVkMWU5YzlkODIzMSIsInJvbGUiOiJhZG1pbiIsImlhdCI6MTc4MzY5ODIwNiwiZXhwIjoxNzgzNjk5MTA2fQ.KXGIhxu3OnMhSnsbSfrmJAKczILVSleIMENfc6U2jTI
{
  host: 'localhost:3000',
  connection: 'keep-alive',
  'sec-ch-ua-platform': '"Windows"',
  authorization: 'Bearer eyJhbGciOiJIUzI1NiIsInR5cCI6IkpXVCJ9.eyJpZCI6IjZhNGZkNTQ2NDQwMjVkMWU5YzlkODIzMSIsInJvbGUiOiJhZG1pbiIsImlhdCI6MTc4MzY5ODIwNiwiZXhwIjoxNzgzNjk5MTA2fQ.KXGIhxu3OnMhSnsbSfrmJAKczILVSleIMENfc6U2jTI',
  'user-agent': 'Mozilla/5.0 (Windows NT 10.0; Win64; x64) AppleWebKit/537.36 (KHTML, like Gecko) Chrome/149.0.0.0 Safari/537.36',
  'sec-ch-ua': '"Google Chrome";v="149", "Chromium";v="149", "Not)A;Brand";v="24"',
  'sec-ch-ua-mobile': '?0',
  accept: '*/*',
  origin: 'http://localhost:5173',
  'sec-fetch-site': 'same-site',
  'sec-fetch-mode': 'cors',
  'sec-fetch-dest': 'empty',
  referer: 'http://localhost:5173/',
  'accept-encoding': 'gzip, deflate, br, zstd',
  'accept-language': 'en-US,en;q=0.9',
  'if-none-match': 'W/"d7-Y0+hoRws0KIMm41NFiVinhgx/ps"'
}
Bearer eyJhbGciOiJIUzI1NiIsInR5cCI6IkpXVCJ9.eyJpZCI6IjZhNGZkNTQ2NDQwMjVkMWU5YzlkODIzMSIsInJvbGUiOiJhZG1pbiIsImlhdCI6MTc4MzY5ODIwNiwiZXhwIjoxNzgzNjk5MTA2fQ.KXGIhxu3OnMhSnsbSfrmJAKczILVSleIMENfc6U2jTI
{
  host: 'localhost:3000',
  connection: 'keep-alive',
  'sec-ch-ua-platform': '"Windows"',
  authorization: 'Bearer eyJhbGciOiJIUzI1NiIsInR5cCI6IkpXVCJ9.eyJpZCI6IjZhNGZkNTQ2NDQwMjVkMWU5YzlkODIzMSIsInJvbGUiOiJhZG1pbiIsImlhdCI6MTc4MzY5ODIwNiwiZXhwIjoxNzgzNjk5MTA2fQ.KXGIhxu3OnMhSnsbSfrmJAKczILVSleIMENfc6U2jTI',
  'user-agent': 'Mozilla/5.0 (Windows NT 10.0; Win64; x64) AppleWebKit/537.36 (KHTML, like Gecko) Chrome/149.0.0.0 Safari/537.36',
  'sec-ch-ua': '"Google Chrome";v="149", "Chromium";v="149", "Not)A;Brand";v="24"',
  'sec-ch-ua-mobile': '?0',
  accept: '*/*',
  origin: 'http://localhost:5173',
  'sec-fetch-site': 'same-site',
  'sec-fetch-mode': 'cors',
  'sec-fetch-dest': 'empty',
  referer: 'http://localhost:5173/',
  'accept-encoding': 'gzip, deflate, br, zstd',
  'accept-language': 'en-US,en;q=0.9',
  'if-none-match': 'W/"cb-zbkJMFORwaV0I3joPCu3LGgZqo8"'
}
Bearer eyJhbGciOiJIUzI1NiIsInR5cCI6IkpXVCJ9.eyJpZCI6IjZhNGZkNTQ2NDQwMjVkMWU5YzlkODIzMSIsInJvbGUiOiJhZG1pbiIsImlhdCI6MTc4MzY5ODIwNiwiZXhwIjoxNzgzNjk5MTA2fQ.KXGIhxu3OnMhSnsbSfrmJAKczILVSleIMENfc6U2jTI
{
  host: 'localhost:3000',
  connection: 'keep-alive',
  'sec-ch-ua-platform': '"Windows"',
  authorization: 'Bearer eyJhbGciOiJIUzI1NiIsInR5cCI6IkpXVCJ9.eyJpZCI6IjZhNGZkNTQ2NDQwMjVkMWU5YzlkODIzMSIsInJvbGUiOiJhZG1pbiIsImlhdCI6MTc4MzY5ODIwNiwiZXhwIjoxNzgzNjk5MTA2fQ.KXGIhxu3OnMhSnsbSfrmJAKczILVSleIMENfc6U2jTI',
  'user-agent': 'Mozilla/5.0 (Windows NT 10.0; Win64; x64) AppleWebKit/537.36 (KHTML, like Gecko) Chrome/149.0.0.0 Safari/537.36',
  'sec-ch-ua': '"Google Chrome";v="149", "Chromium";v="149", "Not)A;Brand";v="24"',
  'sec-ch-ua-mobile': '?0',
  accept: '*/*',
  origin: 'http://localhost:5173',
  'sec-fetch-site': 'same-site',
  'sec-fetch-mode': 'cors',
  'sec-fetch-dest': 'empty',
  referer: 'http://localhost:5173/',
  'accept-encoding': 'gzip, deflate, br, zstd',
  'accept-language': 'en-US,en;q=0.9',
  'if-none-match': 'W/"d7-Y0+hoRws0KIMm41NFiVinhgx/ps"'
}
Bearer eyJhbGciOiJIUzI1NiIsInR5cCI6IkpXVCJ9.eyJpZCI6IjZhNGZkNTQ2NDQwMjVkMWU5YzlkODIzMSIsInJvbGUiOiJhZG1pbiIsImlhdCI6MTc4MzY5ODIwNiwiZXhwIjoxNzgzNjk5MTA2fQ.KXGIhxu3OnMhSnsbSfrmJAKczILVSleIMENfc6U2jTI
{
  host: 'localhost:3000',
  connection: 'keep-alive',
  'sec-ch-ua-platform': '"Windows"',
  authorization: 'Bearer eyJhbGciOiJIUzI1NiIsInR5cCI6IkpXVCJ9.eyJpZCI6IjZhNGZkNTQ2NDQwMjVkMWU5YzlkODIzMSIsInJvbGUiOiJhZG1pbiIsImlhdCI6MTc4MzY5ODIwNiwiZXhwIjoxNzgzNjk5MTA2fQ.KXGIhxu3OnMhSnsbSfrmJAKczILVSleIMENfc6U2jTI',
  'user-agent': 'Mozilla/5.0 (Windows NT 10.0; Win64; x64) AppleWebKit/537.36 (KHTML, like Gecko) Chrome/149.0.0.0 Safari/537.36',
  'sec-ch-ua': '"Google Chrome";v="149", "Chromium";v="149", "Not)A;Brand";v="24"',
  'sec-ch-ua-mobile': '?0',
  accept: '*/*',
  origin: 'http://localhost:5173',
  'sec-fetch-site': 'same-site',
  'sec-fetch-mode': 'cors',
  'sec-fetch-dest': 'empty',
  referer: 'http://localhost:5173/',
  'accept-encoding': 'gzip, deflate, br, zstd',
  'accept-language': 'en-US,en;q=0.9',
  'if-none-match': 'W/"7c-eOXo3RJuDDEvIybIvVWLkrNw3Ss"'
}
Bearer eyJhbGciOiJIUzI1NiIsInR5cCI6IkpXVCJ9.eyJpZCI6IjZhNGZkNTQ2NDQwMjVkMWU5YzlkODIzMSIsInJvbGUiOiJhZG1pbiIsImlhdCI6MTc4MzY5ODIwNiwiZXhwIjoxNzgzNjk5MTA2fQ.KXGIhxu3OnMhSnsbSfrmJAKczILVSleIMENfc6U2jTI
{
  host: 'localhost:3000',
  connection: 'keep-alive',
  'sec-ch-ua-platform': '"Windows"',
  authorization: 'Bearer eyJhbGciOiJIUzI1NiIsInR5cCI6IkpXVCJ9.eyJpZCI6IjZhNGZkNTQ2NDQwMjVkMWU5YzlkODIzMSIsInJvbGUiOiJhZG1pbiIsImlhdCI6MTc4MzY5ODIwNiwiZXhwIjoxNzgzNjk5MTA2fQ.KXGIhxu3OnMhSnsbSfrmJAKczILVSleIMENfc6U2jTI',
  'user-agent': 'Mozilla/5.0 (Windows NT 10.0; Win64; x64) AppleWebKit/537.36 (KHTML, like Gecko) Chrome/149.0.0.0 Safari/537.36',
  'sec-ch-ua': '"Google Chrome";v="149", "Chromium";v="149", "Not)A;Brand";v="24"',
  'sec-ch-ua-mobile': '?0',
  accept: '*/*',
  origin: 'http://localhost:5173',
  'sec-fetch-site': 'same-site',
  'sec-fetch-mode': 'cors',
  'sec-fetch-dest': 'empty',
  referer: 'http://localhost:5173/',
  'accept-encoding': 'gzip, deflate, br, zstd',
  'accept-language': 'en-US,en;q=0.9',
  'if-none-match': 'W/"cb-zbkJMFORwaV0I3joPCu3LGgZqo8"'
}
Bearer eyJhbGciOiJIUzI1NiIsInR5cCI6IkpXVCJ9.eyJpZCI6IjZhNGZkNTQ2NDQwMjVkMWU5YzlkODIzMSIsInJvbGUiOiJhZG1pbiIsImlhdCI6MTc4MzY5ODIwNiwiZXhwIjoxNzgzNjk5MTA2fQ.KXGIhxu3OnMhSnsbSfrmJAKczILVSleIMENfc6U2jTI
{
  host: 'localhost:3000',
  connection: 'keep-alive',
  'sec-ch-ua-platform': '"Windows"',
  authorization: 'Bearer eyJhbGciOiJIUzI1NiIsInR5cCI6IkpXVCJ9.eyJpZCI6IjZhNGZjZDBhMjgxYzBiOTVjMmFkODEyOCIsInJvbGUiOiJ1c2VyIiwiaWF0IjoxNzgzNjk4Mjk2LCJleHAiOjE3ODM2OTkxOTZ9.MVTHN7oPmVpJ8AdwaVqaEON4wZ8kLfXrk368rXREwRM',
  'user-agent': 'Mozilla/5.0 (Windows NT 10.0; Win64; x64) AppleWebKit/537.36 (KHTML, like Gecko) Chrome/149.0.0.0 Safari/537.36',
  'sec-ch-ua': '"Google Chrome";v="149", "Chromium";v="149", "Not)A;Brand";v="24"',
  'sec-ch-ua-mobile': '?0',
  accept: '*/*',
  origin: 'http://localhost:5173',
  'sec-fetch-site': 'same-site',
  'sec-fetch-mode': 'cors',
  'sec-fetch-dest': 'empty',
  referer: 'http://localhost:5173/',
  'accept-encoding': 'gzip, deflate, br, zstd',
  'accept-language': 'en-US,en;q=0.9',
  'if-none-match': 'W/"d7-Y0+hoRws0KIMm41NFiVinhgx/ps"'
}
Bearer eyJhbGciOiJIUzI1NiIsInR5cCI6IkpXVCJ9.eyJpZCI6IjZhNGZjZDBhMjgxYzBiOTVjMmFkODEyOCIsInJvbGUiOiJ1c2VyIiwiaWF0IjoxNzgzNjk4Mjk2LCJleHAiOjE3ODM2OTkxOTZ9.MVTHN7oPmVpJ8AdwaVqaEON4wZ8kLfXrk368rXREwRM
{
  host: 'localhost:3000',
  connection: 'keep-alive',
  'sec-ch-ua-platform': '"Windows"',
  authorization: 'Bearer eyJhbGciOiJIUzI1NiIsInR5cCI6IkpXVCJ9.eyJpZCI6IjZhNGZjZDBhMjgxYzBiOTVjMmFkODEyOCIsInJvbGUiOiJ1c2VyIiwiaWF0IjoxNzgzNjk4Mjk2LCJleHAiOjE3ODM2OTkxOTZ9.MVTHN7oPmVpJ8AdwaVqaEON4wZ8kLfXrk368rXREwRM',
  'user-agent': 'Mozilla/5.0 (Windows NT 10.0; Win64; x64) AppleWebKit/537.36 (KHTML, like Gecko) Chrome/149.0.0.0 Safari/537.36',
  'sec-ch-ua': '"Google Chrome";v="149", "Chromium";v="149", "Not)A;Brand";v="24"',
  'sec-ch-ua-mobile': '?0',
  accept: '*/*',
  origin: 'http://localhost:5173',
  'sec-fetch-site': 'same-site',
  'sec-fetch-mode': 'cors',
  'sec-fetch-dest': 'empty',
  referer: 'http://localhost:5173/',
  'accept-encoding': 'gzip, deflate, br, zstd',
  'accept-language': 'en-US,en;q=0.9',
  'if-none-match': 'W/"cb-zbkJMFORwaV0I3joPCu3LGgZqo8"'
}
Bearer eyJhbGciOiJIUzI1NiIsInR5cCI6IkpXVCJ9.eyJpZCI6IjZhNGZjZDBhMjgxYzBiOTVjMmFkODEyOCIsInJvbGUiOiJ1c2VyIiwiaWF0IjoxNzgzNjk4Mjk2LCJleHAiOjE3ODM2OTkxOTZ9.MVTHN7oPmVpJ8AdwaVqaEON4wZ8kLfXrk368rXREwRM
{
  host: 'localhost:3000',
  connection: 'keep-alive',
  'sec-ch-ua-platform': '"Windows"',
  authorization: 'Bearer eyJhbGciOiJIUzI1NiIsInR5cCI6IkpXVCJ9.eyJpZCI6IjZhNGZjZDBhMjgxYzBiOTVjMmFkODEyOCIsInJvbGUiOiJ1c2VyIiwiaWF0IjoxNzgzNjk4Mjk2LCJleHAiOjE3ODM2OTkxOTZ9.MVTHN7oPmVpJ8AdwaVqaEON4wZ8kLfXrk368rXREwRM',
  'user-agent': 'Mozilla/5.0 (Windows NT 10.0; Win64; x64) AppleWebKit/537.36 (KHTML, like Gecko) Chrome/149.0.0.0 Safari/537.36',
  'sec-ch-ua': '"Google Chrome";v="149", "Chromium";v="149", "Not)A;Brand";v="24"',
  'sec-ch-ua-mobile': '?0',
  accept: '*/*',
  origin: 'http://localhost:5173',
  'sec-fetch-site': 'same-site',
  'sec-fetch-mode': 'cors',
  'sec-fetch-dest': 'empty',
  referer: 'http://localhost:5173/',
  'accept-encoding': 'gzip, deflate, br, zstd',
  'accept-language': 'en-US,en;q=0.9',
  'if-none-match': 'W/"d7-c2BkuO2F0P4jhkqv+apRe7nRmJs"'
}
Bearer eyJhbGciOiJIUzI1NiIsInR5cCI6IkpXVCJ9.eyJpZCI6IjZhNGZjZDBhMjgxYzBiOTVjMmFkODEyOCIsInJvbGUiOiJ1c2VyIiwiaWF0IjoxNzgzNjk4Mjk2LCJleHAiOjE3ODM2OTkxOTZ9.MVTHN7oPmVpJ8AdwaVqaEON4wZ8kLfXrk368rXREwRM
{
  host: 'localhost:3000',
  connection: 'keep-alive',
  'sec-ch-ua-platform': '"Windows"',
  authorization: 'Bearer eyJhbGciOiJIUzI1NiIsInR5cCI6IkpXVCJ9.eyJpZCI6IjZhNGZjZDBhMjgxYzBiOTVjMmFkODEyOCIsInJvbGUiOiJ1c2VyIiwiaWF0IjoxNzgzNjk4Mjk2LCJleHAiOjE3ODM2OTkxOTZ9.MVTHN7oPmVpJ8AdwaVqaEON4wZ8kLfXrk368rXREwRM',
  'user-agent': 'Mozilla/5.0 (Windows NT 10.0; Win64; x64) AppleWebKit/537.36 (KHTML, like Gecko) Chrome/149.0.0.0 Safari/537.36',
  'sec-ch-ua': '"Google Chrome";v="149", "Chromium";v="149", "Not)A;Brand";v="24"',
  'sec-ch-ua-mobile': '?0',
  accept: '*/*',
  origin: 'http://localhost:5173',
  'sec-fetch-site': 'same-site',
  'sec-fetch-mode': 'cors',
  'sec-fetch-dest': 'empty',
  referer: 'http://localhost:5173/',
  'accept-encoding': 'gzip, deflate, br, zstd',
  'accept-language': 'en-US,en;q=0.9',
  'if-none-match': 'W/"ca-QJF0w7qlz04EAzx1xFYNEdw+FyY"'
}
Bearer eyJhbGciOiJIUzI1NiIsInR5cCI6IkpXVCJ9.eyJpZCI6IjZhNGZjZDBhMjgxYzBiOTVjMmFkODEyOCIsInJvbGUiOiJ1c2VyIiwiaWF0IjoxNzgzNjk4Mjk2LCJleHAiOjE3ODM2OTkxOTZ9.MVTHN7oPmVpJ8AdwaVqaEON4wZ8kLfXrk368rXREwRM
{
  host: 'localhost:3000',
  connection: 'keep-alive',
  'sec-ch-ua-platform': '"Windows"',
  authorization: 'Bearer eyJhbGciOiJIUzI1NiIsInR5cCI6IkpXVCJ9.eyJpZCI6IjZhNGZjZDBhMjgxYzBiOTVjMmFkODEyOCIsInJvbGUiOiJ1c2VyIiwiaWF0IjoxNzgzNjk4Mjk2LCJleHAiOjE3ODM2OTkxOTZ9.MVTHN7oPmVpJ8AdwaVqaEON4wZ8kLfXrk368rXREwRM',
  'user-agent': 'Mozilla/5.0 (Windows NT 10.0; Win64; x64) AppleWebKit/537.36 (KHTML, like Gecko) Chrome/149.0.0.0 Safari/537.36',
  'sec-ch-ua': '"Google Chrome";v="149", "Chromium";v="149", "Not)A;Brand";v="24"',
  'sec-ch-ua-mobile': '?0',
  accept: '*/*',
  origin: 'http://localhost:5173',
  'sec-fetch-site': 'same-site',
  'sec-fetch-mode': 'cors',
  'sec-fetch-dest': 'empty',
  referer: 'http://localhost:5173/',
  'accept-encoding': 'gzip, deflate, br, zstd',
  'accept-language': 'en-US,en;q=0.9',
  'if-none-match': 'W/"d7-c2BkuO2F0P4jhkqv+apRe7nRmJs"'
}
Bearer eyJhbGciOiJIUzI1NiIsInR5cCI6IkpXVCJ9.eyJpZCI6IjZhNGZjZDBhMjgxYzBiOTVjMmFkODEyOCIsInJvbGUiOiJ1c2VyIiwiaWF0IjoxNzgzNjk4Mjk2LCJleHAiOjE3ODM2OTkxOTZ9.MVTHN7oPmVpJ8AdwaVqaEON4wZ8kLfXrk368rXREwRM
{
  host: 'localhost:3000',
  connection: 'keep-alive',
  'sec-ch-ua-platform': '"Windows"',
  authorization: 'Bearer eyJhbGciOiJIUzI1NiIsInR5cCI6IkpXVCJ9.eyJpZCI6IjZhNGZjZDBhMjgxYzBiOTVjMmFkODEyOCIsInJvbGUiOiJ1c2VyIiwiaWF0IjoxNzgzNjk4Mjk2LCJleHAiOjE3ODM2OTkxOTZ9.MVTHN7oPmVpJ8AdwaVqaEON4wZ8kLfXrk368rXREwRM',
  'user-agent': 'Mozilla/5.0 (Windows NT 10.0; Win64; x64) AppleWebKit/537.36 (KHTML, like Gecko) Chrome/149.0.0.0 Safari/537.36',
  'sec-ch-ua': '"Google Chrome";v="149", "Chromium";v="149", "Not)A;Brand";v="24"',
  'sec-ch-ua-mobile': '?0',
  accept: '*/*',
  origin: 'http://localhost:5173',
  'sec-fetch-site': 'same-site',
  'sec-fetch-mode': 'cors',
  'sec-fetch-dest': 'empty',
  referer: 'http://localhost:5173/',
  'accept-encoding': 'gzip, deflate, br, zstd',
  'accept-language': 'en-US,en;q=0.9',
  'if-none-match': 'W/"ca-QJF0w7qlz04EAzx1xFYNEdw+FyY"'
}
Bearer eyJhbGciOiJIUzI1NiIsInR5cCI6IkpXVCJ9.eyJpZCI6IjZhNGZjZDBhMjgxYzBiOTVjMmFkODEyOCIsInJvbGUiOiJ1c2VyIiwiaWF0IjoxNzgzNjk4Mjk2LCJleHAiOjE3ODM2OTkxOTZ9.MVTHN7oPmVpJ8AdwaVqaEON4wZ8kLfXrk368rXREwRM
{
  host: 'localhost:3000',
  connection: 'keep-alive',
  'sec-ch-ua-platform': '"Windows"',
  authorization: 'Bearer eyJhbGciOiJIUzI1NiIsInR5cCI6IkpXVCJ9.eyJpZCI6IjZhNGZjZDBhMjgxYzBiOTVjMmFkODEyOCIsInJvbGUiOiJ1c2VyIiwiaWF0IjoxNzgzNjk4Mjk2LCJleHAiOjE3ODM2OTkxOTZ9.MVTHN7oPmVpJ8AdwaVqaEON4wZ8kLfXrk368rXREwRM',
  'user-agent': 'Mozilla/5.0 (Windows NT 10.0; Win64; x64) AppleWebKit/537.36 (KHTML, like Gecko) Chrome/149.0.0.0 Safari/537.36',
  'sec-ch-ua': '"Google Chrome";v="149", "Chromium";v="149", "Not)A;Brand";v="24"',
  'sec-ch-ua-mobile': '?0',
  accept: '*/*',
  origin: 'http://localhost:5173',
  'sec-fetch-site': 'same-site',
  'sec-fetch-mode': 'cors',
  'sec-fetch-dest': 'empty',
  referer: 'http://localhost:5173/',
  'accept-encoding': 'gzip, deflate, br, zstd',
  'accept-language': 'en-US,en;q=0.9',
  'if-none-match': 'W/"d7-c2BkuO2F0P4jhkqv+apRe7nRmJs"'
}
Bearer eyJhbGciOiJIUzI1NiIsInR5cCI6IkpXVCJ9.eyJpZCI6IjZhNGZjZDBhMjgxYzBiOTVjMmFkODEyOCIsInJvbGUiOiJ1c2VyIiwiaWF0IjoxNzgzNjk4Mjk2LCJleHAiOjE3ODM2OTkxOTZ9.MVTHN7oPmVpJ8AdwaVqaEON4wZ8kLfXrk368rXREwRM
{
  host: 'localhost:3000',
  connection: 'keep-alive',
  'sec-ch-ua-platform': '"Windows"',
  authorization: 'Bearer eyJhbGciOiJIUzI1NiIsInR5cCI6IkpXVCJ9.eyJpZCI6IjZhNGZjZDBhMjgxYzBiOTVjMmFkODEyOCIsInJvbGUiOiJ1c2VyIiwiaWF0IjoxNzgzNjk4Mjk2LCJleHAiOjE3ODM2OTkxOTZ9.MVTHN7oPmVpJ8AdwaVqaEON4wZ8kLfXrk368rXREwRM',
  'user-agent': 'Mozilla/5.0 (Windows NT 10.0; Win64; x64) AppleWebKit/537.36 (KHTML, like Gecko) Chrome/149.0.0.0 Safari/537.36',
  'sec-ch-ua': '"Google Chrome";v="149", "Chromium";v="149", "Not)A;Brand";v="24"',
  'sec-ch-ua-mobile': '?0',
  accept: '*/*',
  origin: 'http://localhost:5173',
  'sec-fetch-site': 'same-site',
  'sec-fetch-mode': 'cors',
  'sec-fetch-dest': 'empty',
  referer: 'http://localhost:5173/',
  'accept-encoding': 'gzip, deflate, br, zstd',
  'accept-language': 'en-US,en;q=0.9',
  'if-none-match': 'W/"ca-QJF0w7qlz04EAzx1xFYNEdw+FyY"'
}
Bearer eyJhbGciOiJIUzI1NiIsInR5cCI6IkpXVCJ9.eyJpZCI6IjZhNGZjZDBhMjgxYzBiOTVjMmFkODEyOCIsInJvbGUiOiJ1c2VyIiwiaWF0IjoxNzgzNjk4Mjk2LCJleHAiOjE3ODM2OTkxOTZ9.MVTHN7oPmVpJ8AdwaVqaEON4wZ8kLfXrk368rXREwRM
{
  host: 'localhost:3000',
  connection: 'keep-alive',
  'sec-ch-ua-platform': '"Windows"',
  authorization: 'Bearer eyJhbGciOiJIUzI1NiIsInR5cCI6IkpXVCJ9.eyJpZCI6IjZhNGZjZDBhMjgxYzBiOTVjMmFkODEyOCIsInJvbGUiOiJ1c2VyIiwiaWF0IjoxNzgzNjk4Mjk2LCJleHAiOjE3ODM2OTkxOTZ9.MVTHN7oPmVpJ8AdwaVqaEON4wZ8kLfXrk368rXREwRM',
  'user-agent': 'Mozilla/5.0 (Windows NT 10.0; Win64; x64) AppleWebKit/537.36 (KHTML, like Gecko) Chrome/149.0.0.0 Safari/537.36',
  'sec-ch-ua': '"Google Chrome";v="149", "Chromium";v="149", "Not)A;Brand";v="24"',
  'sec-ch-ua-mobile': '?0',
  accept: '*/*',
  origin: 'http://localhost:5173',
  'sec-fetch-site': 'same-site',
  'sec-fetch-mode': 'cors',
  'sec-fetch-dest': 'empty',
  referer: 'http://localhost:5173/',
  'accept-encoding': 'gzip, deflate, br, zstd',
  'accept-language': 'en-US,en;q=0.9',
  'if-none-match': 'W/"d7-c2BkuO2F0P4jhkqv+apRe7nRmJs"'
}
Bearer eyJhbGciOiJIUzI1NiIsInR5cCI6IkpXVCJ9.eyJpZCI6IjZhNGZjZDBhMjgxYzBiOTVjMmFkODEyOCIsInJvbGUiOiJ1c2VyIiwiaWF0IjoxNzgzNjk4Mjk2LCJleHAiOjE3ODM2OTkxOTZ9.MVTHN7oPmVpJ8AdwaVqaEON4wZ8kLfXrk368rXREwRM
{
  host: 'localhost:3000',
  connection: 'keep-alive',
  'sec-ch-ua-platform': '"Windows"',
  authorization: 'Bearer eyJhbGciOiJIUzI1NiIsInR5cCI6IkpXVCJ9.eyJpZCI6IjZhNGZjZDBhMjgxYzBiOTVjMmFkODEyOCIsInJvbGUiOiJ1c2VyIiwiaWF0IjoxNzgzNjk4Mjk2LCJleHAiOjE3ODM2OTkxOTZ9.MVTHN7oPmVpJ8AdwaVqaEON4wZ8kLfXrk368rXREwRM',
  'user-agent': 'Mozilla/5.0 (Windows NT 10.0; Win64; x64) AppleWebKit/537.36 (KHTML, like Gecko) Chrome/149.0.0.0 Safari/537.36',
  'sec-ch-ua': '"Google Chrome";v="149", "Chromium";v="149", "Not)A;Brand";v="24"',
  'sec-ch-ua-mobile': '?0',
  accept: '*/*',
  origin: 'http://localhost:5173',
  'sec-fetch-site': 'same-site',
  'sec-fetch-mode': 'cors',
  'sec-fetch-dest': 'empty',
  referer: 'http://localhost:5173/',
  'accept-encoding': 'gzip, deflate, br, zstd',
  'accept-language': 'en-US,en;q=0.9',
  'if-none-match': 'W/"ca-QJF0w7qlz04EAzx1xFYNEdw+FyY"'
}
Bearer eyJhbGciOiJIUzI1NiIsInR5cCI6IkpXVCJ9.eyJpZCI6IjZhNGZjZDBhMjgxYzBiOTVjMmFkODEyOCIsInJvbGUiOiJ1c2VyIiwiaWF0IjoxNzgzNjk4Mjk2LCJleHAiOjE3ODM2OTkxOTZ9.MVTHN7oPmVpJ8AdwaVqaEON4wZ8kLfXrk368rXREwRM
{
  host: 'localhost:3000',
  connection: 'keep-alive',
  'sec-ch-ua-platform': '"Windows"',
  authorization: 'Bearer eyJhbGciOiJIUzI1NiIsInR5cCI6IkpXVCJ9.eyJpZCI6IjZhNGZjZDBhMjgxYzBiOTVjMmFkODEyOCIsInJvbGUiOiJ1c2VyIiwiaWF0IjoxNzgzNjk4Mjk2LCJleHAiOjE3ODM2OTkxOTZ9.MVTHN7oPmVpJ8AdwaVqaEON4wZ8kLfXrk368rXREwRM',
  'user-agent': 'Mozilla/5.0 (Windows NT 10.0; Win64; x64) AppleWebKit/537.36 (KHTML, like Gecko) Chrome/149.0.0.0 Safari/537.36',
  'sec-ch-ua': '"Google Chrome";v="149", "Chromium";v="149", "Not)A;Brand";v="24"',
  'sec-ch-ua-mobile': '?0',
  accept: '*/*',
  origin: 'http://localhost:5173',
  'sec-fetch-site': 'same-site',
  'sec-fetch-mode': 'cors',
  'sec-fetch-dest': 'empty',
  referer: 'http://localhost:5173/',
  'accept-encoding': 'gzip, deflate, br, zstd',
  'accept-language': 'en-US,en;q=0.9'
}
Bearer eyJhbGciOiJIUzI1NiIsInR5cCI6IkpXVCJ9.eyJpZCI6IjZhNGZjZDBhMjgxYzBiOTVjMmFkODEyOCIsInJvbGUiOiJ1c2VyIiwiaWF0IjoxNzgzNjk4Mjk2LCJleHAiOjE3ODM2OTkxOTZ9.MVTHN7oPmVpJ8AdwaVqaEON4wZ8kLfXrk368rXREwRM
{
  host: 'localhost:3000',
  connection: 'keep-alive',
  'sec-ch-ua-platform': '"Windows"',
  authorization: 'Bearer eyJhbGciOiJIUzI1NiIsInR5cCI6IkpXVCJ9.eyJpZCI6IjZhNGZjZDBhMjgxYzBiOTVjMmFkODEyOCIsInJvbGUiOiJ1c2VyIiwiaWF0IjoxNzgzNjk4Mjk2LCJleHAiOjE3ODM2OTkxOTZ9.MVTHN7oPmVpJ8AdwaVqaEON4wZ8kLfXrk368rXREwRM',
  'user-agent': 'Mozilla/5.0 (Windows NT 10.0; Win64; x64) AppleWebKit/537.36 (KHTML, like Gecko) Chrome/149.0.0.0 Safari/537.36',
  'sec-ch-ua': '"Google Chrome";v="149", "Chromium";v="149", "Not)A;Brand";v="24"',
  'sec-ch-ua-mobile': '?0',
  accept: '*/*',
  origin: 'http://localhost:5173',
  'sec-fetch-site': 'same-site',
  'sec-fetch-mode': 'cors',
  'sec-fetch-dest': 'empty',
  referer: 'http://localhost:5173/',
  'accept-encoding': 'gzip, deflate, br, zstd',
  'accept-language': 'en-US,en;q=0.9',
  'if-none-match': 'W/"7c-eOXo3RJuDDEvIybIvVWLkrNw3Ss"'
}
Bearer eyJhbGciOiJIUzI1NiIsInR5cCI6IkpXVCJ9.eyJpZCI6IjZhNGZjZDBhMjgxYzBiOTVjMmFkODEyOCIsInJvbGUiOiJ1c2VyIiwiaWF0IjoxNzgzNjk4Mjk2LCJleHAiOjE3ODM2OTkxOTZ9.MVTHN7oPmVpJ8AdwaVqaEON4wZ8kLfXrk368rXREwRM
{
  host: 'localhost:3000',
  connection: 'keep-alive',
  'content-length': '111',
  'sec-ch-ua-platform': '"Windows"',
  authorization: 'Bearer eyJhbGciOiJIUzI1NiIsInR5cCI6IkpXVCJ9.eyJpZCI6IjZhNGZjZDBhMjgxYzBiOTVjMmFkODEyOCIsInJvbGUiOiJ1c2VyIiwiaWF0IjoxNzgzNjk4Mjk2LCJleHAiOjE3ODM2OTkxOTZ9.MVTHN7oPmVpJ8AdwaVqaEON4wZ8kLfXrk368rXREwRM',
  'user-agent': 'Mozilla/5.0 (Windows NT 10.0; Win64; x64) AppleWebKit/537.36 (KHTML, like Gecko) Chrome/149.0.0.0 Safari/537.36',
  'sec-ch-ua': '"Google Chrome";v="149", "Chromium";v="149", "Not)A;Brand";v="24"',
  'content-type': 'application/json',
  'sec-ch-ua-mobile': '?0',
  accept: '*/*',
  origin: 'http://localhost:5173',
  'sec-fetch-site': 'same-site',
  'sec-fetch-mode': 'cors',
  'sec-fetch-dest': 'empty',
  referer: 'http://localhost:5173/',
  'accept-encoding': 'gzip, deflate, br, zstd',
  'accept-language': 'en-US,en;q=0.9'
}
Bearer eyJhbGciOiJIUzI1NiIsInR5cCI6IkpXVCJ9.eyJpZCI6IjZhNGZjZDBhMjgxYzBiOTVjMmFkODEyOCIsInJvbGUiOiJ1c2VyIiwiaWF0IjoxNzgzNjk4Mjk2LCJleHAiOjE3ODM2OTkxOTZ9.MVTHN7oPmVpJ8AdwaVqaEON4wZ8kLfXrk368rXREwRM
{
  host: 'localhost:3000',
  connection: 'keep-alive',
  'sec-ch-ua-platform': '"Windows"',
  authorization: 'Bearer eyJhbGciOiJIUzI1NiIsInR5cCI6IkpXVCJ9.eyJpZCI6IjZhNGZjZDBhMjgxYzBiOTVjMmFkODEyOCIsInJvbGUiOiJ1c2VyIiwiaWF0IjoxNzgzNjk4Mjk2LCJleHAiOjE3ODM2OTkxOTZ9.MVTHN7oPmVpJ8AdwaVqaEON4wZ8kLfXrk368rXREwRM',
  'user-agent': 'Mozilla/5.0 (Windows NT 10.0; Win64; x64) AppleWebKit/537.36 (KHTML, like Gecko) Chrome/149.0.0.0 Safari/537.36',
  'sec-ch-ua': '"Google Chrome";v="149", "Chromium";v="149", "Not)A;Brand";v="24"',
  'sec-ch-ua-mobile': '?0',
  accept: '*/*',
  origin: 'http://localhost:5173',
  'sec-fetch-site': 'same-site',
  'sec-fetch-mode': 'cors',
  'sec-fetch-dest': 'empty',
  referer: 'http://localhost:5173/',
  'accept-encoding': 'gzip, deflate, br, zstd',
  'accept-language': 'en-US,en;q=0.9',
  'if-none-match': 'W/"d7-c2BkuO2F0P4jhkqv+apRe7nRmJs"'
}
Bearer eyJhbGciOiJIUzI1NiIsInR5cCI6IkpXVCJ9.eyJpZCI6IjZhNGZjZDBhMjgxYzBiOTVjMmFkODEyOCIsInJvbGUiOiJ1c2VyIiwiaWF0IjoxNzgzNjk4Mjk2LCJleHAiOjE3ODM2OTkxOTZ9.MVTHN7oPmVpJ8AdwaVqaEON4wZ8kLfXrk368rXREwRM
{
  host: 'localhost:3000',
  connection: 'keep-alive',
  'sec-ch-ua-platform': '"Windows"',
  authorization: 'Bearer eyJhbGciOiJIUzI1NiIsInR5cCI6IkpXVCJ9.eyJpZCI6IjZhNGZjZDBhMjgxYzBiOTVjMmFkODEyOCIsInJvbGUiOiJ1c2VyIiwiaWF0IjoxNzgzNjk4Mjk2LCJleHAiOjE3ODM2OTkxOTZ9.MVTHN7oPmVpJ8AdwaVqaEON4wZ8kLfXrk368rXREwRM',
  'user-agent': 'Mozilla/5.0 (Windows NT 10.0; Win64; x64) AppleWebKit/537.36 (KHTML, like Gecko) Chrome/149.0.0.0 Safari/537.36',
  'sec-ch-ua': '"Google Chrome";v="149", "Chromium";v="149", "Not)A;Brand";v="24"',
  'sec-ch-ua-mobile': '?0',
  accept: '*/*',
  origin: 'http://localhost:5173',
  'sec-fetch-site': 'same-site',
  'sec-fetch-mode': 'cors',
  'sec-fetch-dest': 'empty',
  referer: 'http://localhost:5173/',
  'accept-encoding': 'gzip, deflate, br, zstd',
  'accept-language': 'en-US,en;q=0.9',
  'if-none-match': 'W/"3c7-2njDhQaNuteh1cAWFjf5ptTi284"'
}
Bearer eyJhbGciOiJIUzI1NiIsInR5cCI6IkpXVCJ9.eyJpZCI6IjZhNGZjZDBhMjgxYzBiOTVjMmFkODEyOCIsInJvbGUiOiJ1c2VyIiwiaWF0IjoxNzgzNjk4Mjk2LCJleHAiOjE3ODM2OTkxOTZ9.MVTHN7oPmVpJ8AdwaVqaEON4wZ8kLfXrk368rXREwRM
{
  host: 'localhost:3000',
  connection: 'keep-alive',
  'content-length': '129',
  'sec-ch-ua-platform': '"Windows"',
  authorization: 'Bearer eyJhbGciOiJIUzI1NiIsInR5cCI6IkpXVCJ9.eyJpZCI6IjZhNGZjZDBhMjgxYzBiOTVjMmFkODEyOCIsInJvbGUiOiJ1c2VyIiwiaWF0IjoxNzgzNjk4Mjk2LCJleHAiOjE3ODM2OTkxOTZ9.MVTHN7oPmVpJ8AdwaVqaEON4wZ8kLfXrk368rXREwRM',
  'user-agent': 'Mozilla/5.0 (Windows NT 10.0; Win64; x64) AppleWebKit/537.36 (KHTML, like Gecko) Chrome/149.0.0.0 Safari/537.36',
  'sec-ch-ua': '"Google Chrome";v="149", "Chromium";v="149", "Not)A;Brand";v="24"',
  'content-type': 'application/json',
  'sec-ch-ua-mobile': '?0',
  accept: '*/*',
  origin: 'http://localhost:5173',
  'sec-fetch-site': 'same-site',
  'sec-fetch-mode': 'cors',
  'sec-fetch-dest': 'empty',
  referer: 'http://localhost:5173/',
  'accept-encoding': 'gzip, deflate, br, zstd',
  'accept-language': 'en-US,en;q=0.9'
}
Bearer eyJhbGciOiJIUzI1NiIsInR5cCI6IkpXVCJ9.eyJpZCI6IjZhNGZjZDBhMjgxYzBiOTVjMmFkODEyOCIsInJvbGUiOiJ1c2VyIiwiaWF0IjoxNzgzNjk4Mjk2LCJleHAiOjE3ODM2OTkxOTZ9.MVTHN7oPmVpJ8AdwaVqaEON4wZ8kLfXrk368rXREwRM
{
  host: 'localhost:3000',
  connection: 'keep-alive',
  'content-length': '129',
  'sec-ch-ua-platform': '"Windows"',
  authorization: 'Bearer eyJhbGciOiJIUzI1NiIsInR5cCI6IkpXVCJ9.eyJpZCI6IjZhNGZjZDBhMjgxYzBiOTVjMmFkODEyOCIsInJvbGUiOiJ1c2VyIiwiaWF0IjoxNzgzNjk4Mjk2LCJleHAiOjE3ODM2OTkxOTZ9.MVTHN7oPmVpJ8AdwaVqaEON4wZ8kLfXrk368rXREwRM',
  'user-agent': 'Mozilla/5.0 (Windows NT 10.0; Win64; x64) AppleWebKit/537.36 (KHTML, like Gecko) Chrome/149.0.0.0 Safari/537.36',
  'sec-ch-ua': '"Google Chrome";v="149", "Chromium";v="149", "Not)A;Brand";v="24"',
  'content-type': 'application/json',
  'sec-ch-ua-mobile': '?0',
  accept: '*/*',
  origin: 'http://localhost:5173',
  'sec-fetch-site': 'same-site',
  'sec-fetch-mode': 'cors',
  'sec-fetch-dest': 'empty',
  referer: 'http://localhost:5173/',
  'accept-encoding': 'gzip, deflate, br, zstd',
  'accept-language': 'en-US,en;q=0.9'
}
Bearer eyJhbGciOiJIUzI1NiIsInR5cCI6IkpXVCJ9.eyJpZCI6IjZhNGZjZDBhMjgxYzBiOTVjMmFkODEyOCIsInJvbGUiOiJ1c2VyIiwiaWF0IjoxNzgzNjk4Mjk2LCJleHAiOjE3ODM2OTkxOTZ9.MVTHN7oPmVpJ8AdwaVqaEON4wZ8kLfXrk368rXREwRM
{
  host: 'localhost:3000',
  connection: 'keep-alive',
  'content-length': '129',
  'sec-ch-ua-platform': '"Windows"',
  authorization: 'Bearer eyJhbGciOiJIUzI1NiIsInR5cCI6IkpXVCJ9.eyJpZCI6IjZhNGZjZDBhMjgxYzBiOTVjMmFkODEyOCIsInJvbGUiOiJ1c2VyIiwiaWF0IjoxNzgzNjk4Mjk2LCJleHAiOjE3ODM2OTkxOTZ9.MVTHN7oPmVpJ8AdwaVqaEON4wZ8kLfXrk368rXREwRM',
  'user-agent': 'Mozilla/5.0 (Windows NT 10.0; Win64; x64) AppleWebKit/537.36 (KHTML, like Gecko) Chrome/149.0.0.0 Safari/537.36',
  'sec-ch-ua': '"Google Chrome";v="149", "Chromium";v="149", "Not)A;Brand";v="24"',
  'content-type': 'application/json',
  'sec-ch-ua-mobile': '?0',
  accept: '*/*',
  origin: 'http://localhost:5173',
  'sec-fetch-site': 'same-site',
  'sec-fetch-mode': 'cors',
  'sec-fetch-dest': 'empty',
  referer: 'http://localhost:5173/',
  'accept-encoding': 'gzip, deflate, br, zstd',
  'accept-language': 'en-US,en;q=0.9'
}
Bearer eyJhbGciOiJIUzI1NiIsInR5cCI6IkpXVCJ9.eyJpZCI6IjZhNGZjZDBhMjgxYzBiOTVjMmFkODEyOCIsInJvbGUiOiJ1c2VyIiwiaWF0IjoxNzgzNjk4Mjk2LCJleHAiOjE3ODM2OTkxOTZ9.MVTHN7oPmVpJ8AdwaVqaEON4wZ8kLfXrk368rXREwRM
{
  host: 'localhost:3000',
  connection: 'keep-alive',
  'content-length': '129',
  'sec-ch-ua-platform': '"Windows"',
  authorization: 'Bearer eyJhbGciOiJIUzI1NiIsInR5cCI6IkpXVCJ9.eyJpZCI6IjZhNGZjZDBhMjgxYzBiOTVjMmFkODEyOCIsInJvbGUiOiJ1c2VyIiwiaWF0IjoxNzgzNjk4Mjk2LCJleHAiOjE3ODM2OTkxOTZ9.MVTHN7oPmVpJ8AdwaVqaEON4wZ8kLfXrk368rXREwRM',
  'user-agent': 'Mozilla/5.0 (Windows NT 10.0; Win64; x64) AppleWebKit/537.36 (KHTML, like Gecko) Chrome/149.0.0.0 Safari/537.36',
  'sec-ch-ua': '"Google Chrome";v="149", "Chromium";v="149", "Not)A;Brand";v="24"',
  'content-type': 'application/json',
  'sec-ch-ua-mobile': '?0',
  accept: '*/*',
  origin: 'http://localhost:5173',
  'sec-fetch-site': 'same-site',
  'sec-fetch-mode': 'cors',
  'sec-fetch-dest': 'empty',
  referer: 'http://localhost:5173/',
  'accept-encoding': 'gzip, deflate, br, zstd',
  'accept-language': 'en-US,en;q=0.9'
}
Bearer eyJhbGciOiJIUzI1NiIsInR5cCI6IkpXVCJ9.eyJpZCI6IjZhNGZjZDBhMjgxYzBiOTVjMmFkODEyOCIsInJvbGUiOiJ1c2VyIiwiaWF0IjoxNzgzNjk4Mjk2LCJleHAiOjE3ODM2OTkxOTZ9.MVTHN7oPmVpJ8AdwaVqaEON4wZ8kLfXrk368rXREwRM
{
  host: 'localhost:3000',
  connection: 'keep-alive',
  'content-length': '129',
  'sec-ch-ua-platform': '"Windows"',
  authorization: 'Bearer eyJhbGciOiJIUzI1NiIsInR5cCI6IkpXVCJ9.eyJpZCI6IjZhNGZjZDBhMjgxYzBiOTVjMmFkODEyOCIsInJvbGUiOiJ1c2VyIiwiaWF0IjoxNzgzNjk4Mjk2LCJleHAiOjE3ODM2OTkxOTZ9.MVTHN7oPmVpJ8AdwaVqaEON4wZ8kLfXrk368rXREwRM',
  'user-agent': 'Mozilla/5.0 (Windows NT 10.0; Win64; x64) AppleWebKit/537.36 (KHTML, like Gecko) Chrome/149.0.0.0 Safari/537.36',
  'sec-ch-ua': '"Google Chrome";v="149", "Chromium";v="149", "Not)A;Brand";v="24"',
  'content-type': 'application/json',
  'sec-ch-ua-mobile': '?0',
  accept: '*/*',
  origin: 'http://localhost:5173',
  'sec-fetch-site': 'same-site',
  'sec-fetch-mode': 'cors',
  'sec-fetch-dest': 'empty',
  referer: 'http://localhost:5173/',
  'accept-encoding': 'gzip, deflate, br, zstd',
  'accept-language': 'en-US,en;q=0.9'
}
Bearer eyJhbGciOiJIUzI1NiIsInR5cCI6IkpXVCJ9.eyJpZCI6IjZhNGZjZDBhMjgxYzBiOTVjMmFkODEyOCIsInJvbGUiOiJ1c2VyIiwiaWF0IjoxNzgzNjk4Mjk2LCJleHAiOjE3ODM2OTkxOTZ9.MVTHN7oPmVpJ8AdwaVqaEON4wZ8kLfXrk368rXREwRM
{
  host: 'localhost:3000',
  connection: 'keep-alive',
  'content-length': '129',
  'sec-ch-ua-platform': '"Windows"',
  authorization: 'Bearer eyJhbGciOiJIUzI1NiIsInR5cCI6IkpXVCJ9.eyJpZCI6IjZhNGZjZDBhMjgxYzBiOTVjMmFkODEyOCIsInJvbGUiOiJ1c2VyIiwiaWF0IjoxNzgzNjk4Mjk2LCJleHAiOjE3ODM2OTkxOTZ9.MVTHN7oPmVpJ8AdwaVqaEON4wZ8kLfXrk368rXREwRM',
  'user-agent': 'Mozilla/5.0 (Windows NT 10.0; Win64; x64) AppleWebKit/537.36 (KHTML, like Gecko) Chrome/149.0.0.0 Safari/537.36',
  'sec-ch-ua': '"Google Chrome";v="149", "Chromium";v="149", "Not)A;Brand";v="24"',
  'content-type': 'application/json',
  'sec-ch-ua-mobile': '?0',
  accept: '*/*',
  origin: 'http://localhost:5173',
  'sec-fetch-site': 'same-site',
  'sec-fetch-mode': 'cors',
  'sec-fetch-dest': 'empty',
  referer: 'http://localhost:5173/',
  'accept-encoding': 'gzip, deflate, br, zstd',
  'accept-language': 'en-US,en;q=0.9'
}
Bearer eyJhbGciOiJIUzI1NiIsInR5cCI6IkpXVCJ9.eyJpZCI6IjZhNGZjZDBhMjgxYzBiOTVjMmFkODEyOCIsInJvbGUiOiJ1c2VyIiwiaWF0IjoxNzgzNjk4Mjk2LCJleHAiOjE3ODM2OTkxOTZ9.MVTHN7oPmVpJ8AdwaVqaEON4wZ8kLfXrk368rXREwRM
{
  host: 'localhost:3000',
  connection: 'keep-alive',
  'content-length': '129',
  'sec-ch-ua-platform': '"Windows"',
  authorization: 'Bearer eyJhbGciOiJIUzI1NiIsInR5cCI6IkpXVCJ9.eyJpZCI6IjZhNGZjZDBhMjgxYzBiOTVjMmFkODEyOCIsInJvbGUiOiJ1c2VyIiwiaWF0IjoxNzgzNjk4Mjk2LCJleHAiOjE3ODM2OTkxOTZ9.MVTHN7oPmVpJ8AdwaVqaEON4wZ8kLfXrk368rXREwRM',
  'user-agent': 'Mozilla/5.0 (Windows NT 10.0; Win64; x64) AppleWebKit/537.36 (KHTML, like Gecko) Chrome/149.0.0.0 Safari/537.36',
  'sec-ch-ua': '"Google Chrome";v="149", "Chromium";v="149", "Not)A;Brand";v="24"',
  'content-type': 'application/json',
  'sec-ch-ua-mobile': '?0',
  accept: '*/*',
  origin: 'http://localhost:5173',
  'sec-fetch-site': 'same-site',
  'sec-fetch-mode': 'cors',
  'sec-fetch-dest': 'empty',
  referer: 'http://localhost:5173/',
  'accept-encoding': 'gzip, deflate, br, zstd',
  'accept-language': 'en-US,en;q=0.9'
}
Bearer eyJhbGciOiJIUzI1NiIsInR5cCI6IkpXVCJ9.eyJpZCI6IjZhNGZjZDBhMjgxYzBiOTVjMmFkODEyOCIsInJvbGUiOiJ1c2VyIiwiaWF0IjoxNzgzNjk4Mjk2LCJleHAiOjE3ODM2OTkxOTZ9.MVTHN7oPmVpJ8AdwaVqaEON4wZ8kLfXrk368rXREwRM
{
  host: 'localhost:3000',
  connection: 'keep-alive',
  'content-length': '129',
  'sec-ch-ua-platform': '"Windows"',
  authorization: 'Bearer eyJhbGciOiJIUzI1NiIsInR5cCI6IkpXVCJ9.eyJpZCI6IjZhNGZjZDBhMjgxYzBiOTVjMmFkODEyOCIsInJvbGUiOiJ1c2VyIiwiaWF0IjoxNzgzNjk4Mjk2LCJleHAiOjE3ODM2OTkxOTZ9.MVTHN7oPmVpJ8AdwaVqaEON4wZ8kLfXrk368rXREwRM',
  'user-agent': 'Mozilla/5.0 (Windows NT 10.0; Win64; x64) AppleWebKit/537.36 (KHTML, like Gecko) Chrome/149.0.0.0 Safari/537.36',
  'sec-ch-ua': '"Google Chrome";v="149", "Chromium";v="149", "Not)A;Brand";v="24"',
  'content-type': 'application/json',
  'sec-ch-ua-mobile': '?0',
  accept: '*/*',
  origin: 'http://localhost:5173',
  'sec-fetch-site': 'same-site',
  'sec-fetch-mode': 'cors',
  'sec-fetch-dest': 'empty',
  referer: 'http://localhost:5173/',
  'accept-encoding': 'gzip, deflate, br, zstd',
  'accept-language': 'en-US,en;q=0.9'
}
Bearer eyJhbGciOiJIUzI1NiIsInR5cCI6IkpXVCJ9.eyJpZCI6IjZhNGZjZDBhMjgxYzBiOTVjMmFkODEyOCIsInJvbGUiOiJ1c2VyIiwiaWF0IjoxNzgzNjk4Mjk2LCJleHAiOjE3ODM2OTkxOTZ9.MVTHN7oPmVpJ8AdwaVqaEON4wZ8kLfXrk368rXREwRM
{
  host: 'localhost:3000',
  connection: 'keep-alive',
  'content-length': '129',
  'sec-ch-ua-platform': '"Windows"',
  authorization: 'Bearer eyJhbGciOiJIUzI1NiIsInR5cCI6IkpXVCJ9.eyJpZCI6IjZhNGZjZDBhMjgxYzBiOTVjMmFkODEyOCIsInJvbGUiOiJ1c2VyIiwiaWF0IjoxNzgzNjk4Mjk2LCJleHAiOjE3ODM2OTkxOTZ9.MVTHN7oPmVpJ8AdwaVqaEON4wZ8kLfXrk368rXREwRM',
  'user-agent': 'Mozilla/5.0 (Windows NT 10.0; Win64; x64) AppleWebKit/537.36 (KHTML, like Gecko) Chrome/149.0.0.0 Safari/537.36',
  'sec-ch-ua': '"Google Chrome";v="149", "Chromium";v="149", "Not)A;Brand";v="24"',
  'content-type': 'application/json',
  'sec-ch-ua-mobile': '?0',
  accept: '*/*',
  origin: 'http://localhost:5173',
  'sec-fetch-site': 'same-site',
  'sec-fetch-mode': 'cors',
  'sec-fetch-dest': 'empty',
  referer: 'http://localhost:5173/',
  'accept-encoding': 'gzip, deflate, br, zstd',
  'accept-language': 'en-US,en;q=0.9'
}
Bearer eyJhbGciOiJIUzI1NiIsInR5cCI6IkpXVCJ9.eyJpZCI6IjZhNGZjZDBhMjgxYzBiOTVjMmFkODEyOCIsInJvbGUiOiJ1c2VyIiwiaWF0IjoxNzgzNjk4Mjk2LCJleHAiOjE3ODM2OTkxOTZ9.MVTHN7oPmVpJ8AdwaVqaEON4wZ8kLfXrk368rXREwRM
{
  host: 'localhost:3000',
  connection: 'keep-alive',
  'content-length': '129',
  'sec-ch-ua-platform': '"Windows"',
  authorization: 'Bearer eyJhbGciOiJIUzI1NiIsInR5cCI6IkpXVCJ9.eyJpZCI6IjZhNGZjZDBhMjgxYzBiOTVjMmFkODEyOCIsInJvbGUiOiJ1c2VyIiwiaWF0IjoxNzgzNjk4Mjk2LCJleHAiOjE3ODM2OTkxOTZ9.MVTHN7oPmVpJ8AdwaVqaEON4wZ8kLfXrk368rXREwRM',
  'user-agent': 'Mozilla/5.0 (Windows NT 10.0; Win64; x64) AppleWebKit/537.36 (KHTML, like Gecko) Chrome/149.0.0.0 Safari/537.36',
  'sec-ch-ua': '"Google Chrome";v="149", "Chromium";v="149", "Not)A;Brand";v="24"',
  'content-type': 'application/json',
  'sec-ch-ua-mobile': '?0',
  accept: '*/*',
  origin: 'http://localhost:5173',
  'sec-fetch-site': 'same-site',
  'sec-fetch-mode': 'cors',
  'sec-fetch-dest': 'empty',
  referer: 'http://localhost:5173/',
  'accept-encoding': 'gzip, deflate, br, zstd',
  'accept-language': 'en-US,en;q=0.9'
}
Bearer eyJhbGciOiJIUzI1NiIsInR5cCI6IkpXVCJ9.eyJpZCI6IjZhNGZjZDBhMjgxYzBiOTVjMmFkODEyOCIsInJvbGUiOiJ1c2VyIiwiaWF0IjoxNzgzNjk4Mjk2LCJleHAiOjE3ODM2OTkxOTZ9.MVTHN7oPmVpJ8AdwaVqaEON4wZ8kLfXrk368rXREwRM
{
  host: 'localhost:3000',
  connection: 'keep-alive',
  'content-length': '129',
  'sec-ch-ua-platform': '"Windows"',
  authorization: 'Bearer eyJhbGciOiJIUzI1NiIsInR5cCI6IkpXVCJ9.eyJpZCI6IjZhNGZjZDBhMjgxYzBiOTVjMmFkODEyOCIsInJvbGUiOiJ1c2VyIiwiaWF0IjoxNzgzNjk4Mjk2LCJleHAiOjE3ODM2OTkxOTZ9.MVTHN7oPmVpJ8AdwaVqaEON4wZ8kLfXrk368rXREwRM',
  'user-agent': 'Mozilla/5.0 (Windows NT 10.0; Win64; x64) AppleWebKit/537.36 (KHTML, like Gecko) Chrome/149.0.0.0 Safari/537.36',
  'sec-ch-ua': '"Google Chrome";v="149", "Chromium";v="149", "Not)A;Brand";v="24"',
  'content-type': 'application/json',
  'sec-ch-ua-mobile': '?0',
  accept: '*/*',
  origin: 'http://localhost:5173',
  'sec-fetch-site': 'same-site',
  'sec-fetch-mode': 'cors',
  'sec-fetch-dest': 'empty',
  referer: 'http://localhost:5173/',
  'accept-encoding': 'gzip, deflate, br, zstd',
  'accept-language': 'en-US,en;q=0.9'
}
Bearer eyJhbGciOiJIUzI1NiIsInR5cCI6IkpXVCJ9.eyJpZCI6IjZhNGZjZDBhMjgxYzBiOTVjMmFkODEyOCIsInJvbGUiOiJ1c2VyIiwiaWF0IjoxNzgzNjk4Mjk2LCJleHAiOjE3ODM2OTkxOTZ9.MVTHN7oPmVpJ8AdwaVqaEON4wZ8kLfXrk368rXREwRM
{
  host: 'localhost:3000',
  connection: 'keep-alive',
  'content-length': '129',
  'sec-ch-ua-platform': '"Windows"',
  authorization: 'Bearer eyJhbGciOiJIUzI1NiIsInR5cCI6IkpXVCJ9.eyJpZCI6IjZhNGZjZDBhMjgxYzBiOTVjMmFkODEyOCIsInJvbGUiOiJ1c2VyIiwiaWF0IjoxNzgzNjk4Mjk2LCJleHAiOjE3ODM2OTkxOTZ9.MVTHN7oPmVpJ8AdwaVqaEON4wZ8kLfXrk368rXREwRM',
  'user-agent': 'Mozilla/5.0 (Windows NT 10.0; Win64; x64) AppleWebKit/537.36 (KHTML, like Gecko) Chrome/149.0.0.0 Safari/537.36',
  'sec-ch-ua': '"Google Chrome";v="149", "Chromium";v="149", "Not)A;Brand";v="24"',
  'content-type': 'application/json',
  'sec-ch-ua-mobile': '?0',
  accept: '*/*',
  origin: 'http://localhost:5173',
  'sec-fetch-site': 'same-site',
  'sec-fetch-mode': 'cors',
  'sec-fetch-dest': 'empty',
  referer: 'http://localhost:5173/',
  'accept-encoding': 'gzip, deflate, br, zstd',
  'accept-language': 'en-US,en;q=0.9'
}
Bearer eyJhbGciOiJIUzI1NiIsInR5cCI6IkpXVCJ9.eyJpZCI6IjZhNGZjZDBhMjgxYzBiOTVjMmFkODEyOCIsInJvbGUiOiJ1c2VyIiwiaWF0IjoxNzgzNjk4Mjk2LCJleHAiOjE3ODM2OTkxOTZ9.MVTHN7oPmVpJ8AdwaVqaEON4wZ8kLfXrk368rXREwRM
{
  host: 'localhost:3000',
  connection: 'keep-alive',
  'content-length': '129',
  'sec-ch-ua-platform': '"Windows"',
  authorization: 'Bearer eyJhbGciOiJIUzI1NiIsInR5cCI6IkpXVCJ9.eyJpZCI6IjZhNGZjZDBhMjgxYzBiOTVjMmFkODEyOCIsInJvbGUiOiJ1c2VyIiwiaWF0IjoxNzgzNjk4Mjk2LCJleHAiOjE3ODM2OTkxOTZ9.MVTHN7oPmVpJ8AdwaVqaEON4wZ8kLfXrk368rXREwRM',
  'user-agent': 'Mozilla/5.0 (Windows NT 10.0; Win64; x64) AppleWebKit/537.36 (KHTML, like Gecko) Chrome/149.0.0.0 Safari/537.36',
  'sec-ch-ua': '"Google Chrome";v="149", "Chromium";v="149", "Not)A;Brand";v="24"',
  'content-type': 'application/json',
  'sec-ch-ua-mobile': '?0',
  accept: '*/*',
  origin: 'http://localhost:5173',
  'sec-fetch-site': 'same-site',
  'sec-fetch-mode': 'cors',
  'sec-fetch-dest': 'empty',
  referer: 'http://localhost:5173/',
  'accept-encoding': 'gzip, deflate, br, zstd',
  'accept-language': 'en-US,en;q=0.9'
}
Bearer eyJhbGciOiJIUzI1NiIsInR5cCI6IkpXVCJ9.eyJpZCI6IjZhNGZjZDBhMjgxYzBiOTVjMmFkODEyOCIsInJvbGUiOiJ1c2VyIiwiaWF0IjoxNzgzNjk4Mjk2LCJleHAiOjE3ODM2OTkxOTZ9.MVTHN7oPmVpJ8AdwaVqaEON4wZ8kLfXrk368rXREwRM
{
  host: 'localhost:3000',
  connection: 'keep-alive',
  'content-length': '129',
  'sec-ch-ua-platform': '"Windows"',
  authorization: 'Bearer eyJhbGciOiJIUzI1NiIsInR5cCI6IkpXVCJ9.eyJpZCI6IjZhNGZjZDBhMjgxYzBiOTVjMmFkODEyOCIsInJvbGUiOiJ1c2VyIiwiaWF0IjoxNzgzNjk4Mjk2LCJleHAiOjE3ODM2OTkxOTZ9.MVTHN7oPmVpJ8AdwaVqaEON4wZ8kLfXrk368rXREwRM',
  'user-agent': 'Mozilla/5.0 (Windows NT 10.0; Win64; x64) AppleWebKit/537.36 (KHTML, like Gecko) Chrome/149.0.0.0 Safari/537.36',
  'sec-ch-ua': '"Google Chrome";v="149", "Chromium";v="149", "Not)A;Brand";v="24"',
  'content-type': 'application/json',
  'sec-ch-ua-mobile': '?0',
  accept: '*/*',
  origin: 'http://localhost:5173',
  'sec-fetch-site': 'same-site',
  'sec-fetch-mode': 'cors',
  'sec-fetch-dest': 'empty',
  referer: 'http://localhost:5173/',
  'accept-encoding': 'gzip, deflate, br, zstd',
  'accept-language': 'en-US,en;q=0.9'
}
Bearer eyJhbGciOiJIUzI1NiIsInR5cCI6IkpXVCJ9.eyJpZCI6IjZhNGZjZDBhMjgxYzBiOTVjMmFkODEyOCIsInJvbGUiOiJ1c2VyIiwiaWF0IjoxNzgzNjk4Mjk2LCJleHAiOjE3ODM2OTkxOTZ9.MVTHN7oPmVpJ8AdwaVqaEON4wZ8kLfXrk368rXREwRM
{
  host: 'localhost:3000',
  connection: 'keep-alive',
  'content-length': '129',
  'sec-ch-ua-platform': '"Windows"',
  authorization: 'Bearer eyJhbGciOiJIUzI1NiIsInR5cCI6IkpXVCJ9.eyJpZCI6IjZhNGZjZDBhMjgxYzBiOTVjMmFkODEyOCIsInJvbGUiOiJ1c2VyIiwiaWF0IjoxNzgzNjk4Mjk2LCJleHAiOjE3ODM2OTkxOTZ9.MVTHN7oPmVpJ8AdwaVqaEON4wZ8kLfXrk368rXREwRM',
  'user-agent': 'Mozilla/5.0 (Windows NT 10.0; Win64; x64) AppleWebKit/537.36 (KHTML, like Gecko) Chrome/149.0.0.0 Safari/537.36',
  'sec-ch-ua': '"Google Chrome";v="149", "Chromium";v="149", "Not)A;Brand";v="24"',
  'content-type': 'application/json',
  'sec-ch-ua-mobile': '?0',
  accept: '*/*',
  origin: 'http://localhost:5173',
  'sec-fetch-site': 'same-site',
  'sec-fetch-mode': 'cors',
  'sec-fetch-dest': 'empty',
  referer: 'http://localhost:5173/',
  'accept-encoding': 'gzip, deflate, br, zstd',
  'accept-language': 'en-US,en;q=0.9'
}
Bearer eyJhbGciOiJIUzI1NiIsInR5cCI6IkpXVCJ9.eyJpZCI6IjZhNGZjZDBhMjgxYzBiOTVjMmFkODEyOCIsInJvbGUiOiJ1c2VyIiwiaWF0IjoxNzgzNjk4Mjk2LCJleHAiOjE3ODM2OTkxOTZ9.MVTHN7oPmVpJ8AdwaVqaEON4wZ8kLfXrk368rXREwRM
{
  host: 'localhost:3000',
  connection: 'keep-alive',
  'content-length': '129',
  'sec-ch-ua-platform': '"Windows"',
  authorization: 'Bearer eyJhbGciOiJIUzI1NiIsInR5cCI6IkpXVCJ9.eyJpZCI6IjZhNGZjZDBhMjgxYzBiOTVjMmFkODEyOCIsInJvbGUiOiJ1c2VyIiwiaWF0IjoxNzgzNjk4Mjk2LCJleHAiOjE3ODM2OTkxOTZ9.MVTHN7oPmVpJ8AdwaVqaEON4wZ8kLfXrk368rXREwRM',
  'user-agent': 'Mozilla/5.0 (Windows NT 10.0; Win64; x64) AppleWebKit/537.36 (KHTML, like Gecko) Chrome/149.0.0.0 Safari/537.36',
  'sec-ch-ua': '"Google Chrome";v="149", "Chromium";v="149", "Not)A;Brand";v="24"',
  'content-type': 'application/json',
  'sec-ch-ua-mobile': '?0',
  accept: '*/*',
  origin: 'http://localhost:5173',
  'sec-fetch-site': 'same-site',
  'sec-fetch-mode': 'cors',
  'sec-fetch-dest': 'empty',
  referer: 'http://localhost:5173/',
  'accept-encoding': 'gzip, deflate, br, zstd',
  'accept-language': 'en-US,en;q=0.9'
}
Bearer eyJhbGciOiJIUzI1NiIsInR5cCI6IkpXVCJ9.eyJpZCI6IjZhNGZjZDBhMjgxYzBiOTVjMmFkODEyOCIsInJvbGUiOiJ1c2VyIiwiaWF0IjoxNzgzNjk4Mjk2LCJleHAiOjE3ODM2OTkxOTZ9.MVTHN7oPmVpJ8AdwaVqaEON4wZ8kLfXrk368rXREwRM
{
  host: 'localhost:3000',
  connection: 'keep-alive',
  'content-length': '129',
  'sec-ch-ua-platform': '"Windows"',
  authorization: 'Bearer eyJhbGciOiJIUzI1NiIsInR5cCI6IkpXVCJ9.eyJpZCI6IjZhNGZjZDBhMjgxYzBiOTVjMmFkODEyOCIsInJvbGUiOiJ1c2VyIiwiaWF0IjoxNzgzNjk4Mjk2LCJleHAiOjE3ODM2OTkxOTZ9.MVTHN7oPmVpJ8AdwaVqaEON4wZ8kLfXrk368rXREwRM',
  'user-agent': 'Mozilla/5.0 (Windows NT 10.0; Win64; x64) AppleWebKit/537.36 (KHTML, like Gecko) Chrome/149.0.0.0 Safari/537.36',
  'sec-ch-ua': '"Google Chrome";v="149", "Chromium";v="149", "Not)A;Brand";v="24"',
  'content-type': 'application/json',
  'sec-ch-ua-mobile': '?0',
  accept: '*/*',
  origin: 'http://localhost:5173',
  'sec-fetch-site': 'same-site',
  'sec-fetch-mode': 'cors',
  'sec-fetch-dest': 'empty',
  referer: 'http://localhost:5173/',
  'accept-encoding': 'gzip, deflate, br, zstd',
  'accept-language': 'en-US,en;q=0.9'
}
Bearer eyJhbGciOiJIUzI1NiIsInR5cCI6IkpXVCJ9.eyJpZCI6IjZhNGZjZDBhMjgxYzBiOTVjMmFkODEyOCIsInJvbGUiOiJ1c2VyIiwiaWF0IjoxNzgzNjk4Mjk2LCJleHAiOjE3ODM2OTkxOTZ9.MVTHN7oPmVpJ8AdwaVqaEON4wZ8kLfXrk368rXREwRM
{
  host: 'localhost:3000',
  connection: 'keep-alive',
  'content-length': '116',
  'sec-ch-ua-platform': '"Windows"',
  authorization: 'Bearer eyJhbGciOiJIUzI1NiIsInR5cCI6IkpXVCJ9.eyJpZCI6IjZhNGZjZDBhMjgxYzBiOTVjMmFkODEyOCIsInJvbGUiOiJ1c2VyIiwiaWF0IjoxNzgzNjk4Mjk2LCJleHAiOjE3ODM2OTkxOTZ9.MVTHN7oPmVpJ8AdwaVqaEON4wZ8kLfXrk368rXREwRM',
  'user-agent': 'Mozilla/5.0 (Windows NT 10.0; Win64; x64) AppleWebKit/537.36 (KHTML, like Gecko) Chrome/149.0.0.0 Safari/537.36',
  'sec-ch-ua': '"Google Chrome";v="149", "Chromium";v="149", "Not)A;Brand";v="24"',
  'content-type': 'application/json',
  'sec-ch-ua-mobile': '?0',
  accept: '*/*',
  origin: 'http://localhost:5173',
  'sec-fetch-site': 'same-site',
  'sec-fetch-mode': 'cors',
  'sec-fetch-dest': 'empty',
  referer: 'http://localhost:5173/',
  'accept-encoding': 'gzip, deflate, br, zstd',
  'accept-language': 'en-US,en;q=0.9'
}
Bearer eyJhbGciOiJIUzI1NiIsInR5cCI6IkpXVCJ9.eyJpZCI6IjZhNGZjZDBhMjgxYzBiOTVjMmFkODEyOCIsInJvbGUiOiJ1c2VyIiwiaWF0IjoxNzgzNjk4Mjk2LCJleHAiOjE3ODM2OTkxOTZ9.MVTHN7oPmVpJ8AdwaVqaEON4wZ8kLfXrk368rXREwRM
{
  host: 'localhost:3000',
  connection: 'keep-alive',
  'sec-ch-ua-platform': '"Windows"',
  authorization: 'Bearer eyJhbGciOiJIUzI1NiIsInR5cCI6IkpXVCJ9.eyJpZCI6IjZhNGZjZDBhMjgxYzBiOTVjMmFkODEyOCIsInJvbGUiOiJ1c2VyIiwiaWF0IjoxNzgzNjk4Mjk2LCJleHAiOjE3ODM2OTkxOTZ9.MVTHN7oPmVpJ8AdwaVqaEON4wZ8kLfXrk368rXREwRM',
  'user-agent': 'Mozilla/5.0 (Windows NT 10.0; Win64; x64) AppleWebKit/537.36 (KHTML, like Gecko) Chrome/149.0.0.0 Safari/537.36',
  'sec-ch-ua': '"Google Chrome";v="149", "Chromium";v="149", "Not)A;Brand";v="24"',
  'sec-ch-ua-mobile': '?0',
  accept: '*/*',
  origin: 'http://localhost:5173',
  'sec-fetch-site': 'same-site',
  'sec-fetch-mode': 'cors',
  'sec-fetch-dest': 'empty',
  referer: 'http://localhost:5173/',
  'accept-encoding': 'gzip, deflate, br, zstd',
  'accept-language': 'en-US,en;q=0.9'
}
Bearer eyJhbGciOiJIUzI1NiIsInR5cCI6IkpXVCJ9.eyJpZCI6IjZhNGZjZDBhMjgxYzBiOTVjMmFkODEyOCIsInJvbGUiOiJ1c2VyIiwiaWF0IjoxNzgzNjk4Mjk2LCJleHAiOjE3ODM2OTkxOTZ9.MVTHN7oPmVpJ8AdwaVqaEON4wZ8kLfXrk368rXREwRM
{
  host: 'localhost:3000',
  connection: 'keep-alive',
  'sec-ch-ua-platform': '"Windows"',
  authorization: 'Bearer eyJhbGciOiJIUzI1NiIsInR5cCI6IkpXVCJ9.eyJpZCI6IjZhNGZjZDBhMjgxYzBiOTVjMmFkODEyOCIsInJvbGUiOiJ1c2VyIiwiaWF0IjoxNzgzNjk4Mjk2LCJleHAiOjE3ODM2OTkxOTZ9.MVTHN7oPmVpJ8AdwaVqaEON4wZ8kLfXrk368rXREwRM',
  'user-agent': 'Mozilla/5.0 (Windows NT 10.0; Win64; x64) AppleWebKit/537.36 (KHTML, like Gecko) Chrome/149.0.0.0 Safari/537.36',
  'sec-ch-ua': '"Google Chrome";v="149", "Chromium";v="149", "Not)A;Brand";v="24"',
  'sec-ch-ua-mobile': '?0',
  accept: '*/*',
  origin: 'http://localhost:5173',
  'sec-fetch-site': 'same-site',
  'sec-fetch-mode': 'cors',
  'sec-fetch-dest': 'empty',
  referer: 'http://localhost:5173/',
  'accept-encoding': 'gzip, deflate, br, zstd',
  'accept-language': 'en-US,en;q=0.9',
  'if-none-match': 'W/"7c-eOXo3RJuDDEvIybIvVWLkrNw3Ss"'
}
Bearer eyJhbGciOiJIUzI1NiIsInR5cCI6IkpXVCJ9.eyJpZCI6IjZhNGZjZDBhMjgxYzBiOTVjMmFkODEyOCIsInJvbGUiOiJ1c2VyIiwiaWF0IjoxNzgzNjk4Mjk2LCJleHAiOjE3ODM2OTkxOTZ9.MVTHN7oPmVpJ8AdwaVqaEON4wZ8kLfXrk368rXREwRM
{
  host: 'localhost:3000',
  connection: 'keep-alive',
  'content-length': '77',
  'sec-ch-ua-platform': '"Windows"',
  authorization: 'Bearer eyJhbGciOiJIUzI1NiIsInR5cCI6IkpXVCJ9.eyJpZCI6IjZhNGZjZDBhMjgxYzBiOTVjMmFkODEyOCIsInJvbGUiOiJ1c2VyIiwiaWF0IjoxNzgzNjk4Mjk2LCJleHAiOjE3ODM2OTkxOTZ9.MVTHN7oPmVpJ8AdwaVqaEON4wZ8kLfXrk368rXREwRM',
  'user-agent': 'Mozilla/5.0 (Windows NT 10.0; Win64; x64) AppleWebKit/537.36 (KHTML, like Gecko) Chrome/149.0.0.0 Safari/537.36',
  'sec-ch-ua': '"Google Chrome";v="149", "Chromium";v="149", "Not)A;Brand";v="24"',
  'content-type': 'application/json',
  'sec-ch-ua-mobile': '?0',
  accept: '*/*',
  origin: 'http://localhost:5173',
  'sec-fetch-site': 'same-site',
  'sec-fetch-mode': 'cors',
  'sec-fetch-dest': 'empty',
  referer: 'http://localhost:5173/',
  'accept-encoding': 'gzip, deflate, br, zstd',
  'accept-language': 'en-US,en;q=0.9'
}
Bearer eyJhbGciOiJIUzI1NiIsInR5cCI6IkpXVCJ9.eyJpZCI6IjZhNGZjZDBhMjgxYzBiOTVjMmFkODEyOCIsInJvbGUiOiJ1c2VyIiwiaWF0IjoxNzgzNjk4Mjk2LCJleHAiOjE3ODM2OTkxOTZ9.MVTHN7oPmVpJ8AdwaVqaEON4wZ8kLfXrk368rXREwRM
{
  host: 'localhost:3000',
  connection: 'keep-alive',
  'sec-ch-ua-platform': '"Windows"',
  authorization: 'Bearer eyJhbGciOiJIUzI1NiIsInR5cCI6IkpXVCJ9.eyJpZCI6IjZhNGZjZDBhMjgxYzBiOTVjMmFkODEyOCIsInJvbGUiOiJ1c2VyIiwiaWF0IjoxNzgzNjk4Mjk2LCJleHAiOjE3ODM2OTkxOTZ9.MVTHN7oPmVpJ8AdwaVqaEON4wZ8kLfXrk368rXREwRM',
  'user-agent': 'Mozilla/5.0 (Windows NT 10.0; Win64; x64) AppleWebKit/537.36 (KHTML, like Gecko) Chrome/149.0.0.0 Safari/537.36',
  'sec-ch-ua': '"Google Chrome";v="149", "Chromium";v="149", "Not)A;Brand";v="24"',
  'sec-ch-ua-mobile': '?0',
  accept: '*/*',
  origin: 'http://localhost:5173',
  'sec-fetch-site': 'same-site',
  'sec-fetch-mode': 'cors',
  'sec-fetch-dest': 'empty',
  referer: 'http://localhost:5173/',
  'accept-encoding': 'gzip, deflate, br, zstd',
  'accept-language': 'en-US,en;q=0.9',
  'if-none-match': 'W/"7c-eOXo3RJuDDEvIybIvVWLkrNw3Ss"'
}
Bearer eyJhbGciOiJIUzI1NiIsInR5cCI6IkpXVCJ9.eyJpZCI6IjZhNGZjZDBhMjgxYzBiOTVjMmFkODEyOCIsInJvbGUiOiJ1c2VyIiwiaWF0IjoxNzgzNjk4Mjk2LCJleHAiOjE3ODM2OTkxOTZ9.MVTHN7oPmVpJ8AdwaVqaEON4wZ8kLfXrk368rXREwRM
{
  host: 'localhost:3000',
  connection: 'keep-alive',
  'sec-ch-ua-platform': '"Windows"',
  authorization: 'Bearer eyJhbGciOiJIUzI1NiIsInR5cCI6IkpXVCJ9.eyJpZCI6IjZhNGZjZDBhMjgxYzBiOTVjMmFkODEyOCIsInJvbGUiOiJ1c2VyIiwiaWF0IjoxNzgzNjk4Mjk2LCJleHAiOjE3ODM2OTkxOTZ9.MVTHN7oPmVpJ8AdwaVqaEON4wZ8kLfXrk368rXREwRM',
  'user-agent': 'Mozilla/5.0 (Windows NT 10.0; Win64; x64) AppleWebKit/537.36 (KHTML, like Gecko) Chrome/149.0.0.0 Safari/537.36',
  'sec-ch-ua': '"Google Chrome";v="149", "Chromium";v="149", "Not)A;Brand";v="24"',
  'sec-ch-ua-mobile': '?0',
  accept: '*/*',
  origin: 'http://localhost:5173',
  'sec-fetch-site': 'same-site',
  'sec-fetch-mode': 'cors',
  'sec-fetch-dest': 'empty',
  referer: 'http://localhost:5173/',
  'accept-encoding': 'gzip, deflate, br, zstd',
  'accept-language': 'en-US,en;q=0.9',
  'if-none-match': 'W/"3c7-2njDhQaNuteh1cAWFjf5ptTi284"'
}
Bearer eyJhbGciOiJIUzI1NiIsInR5cCI6IkpXVCJ9.eyJpZCI6IjZhNGZjZDBhMjgxYzBiOTVjMmFkODEyOCIsInJvbGUiOiJ1c2VyIiwiaWF0IjoxNzgzNjk4Mjk2LCJleHAiOjE3ODM2OTkxOTZ9.MVTHN7oPmVpJ8AdwaVqaEON4wZ8kLfXrk368rXREwRM
{
  host: 'localhost:3000',
  connection: 'keep-alive',
  'sec-ch-ua-platform': '"Windows"',
  authorization: 'Bearer eyJhbGciOiJIUzI1NiIsInR5cCI6IkpXVCJ9.eyJpZCI6IjZhNGZjZDBhMjgxYzBiOTVjMmFkODEyOCIsInJvbGUiOiJ1c2VyIiwiaWF0IjoxNzgzNjk4Mjk2LCJleHAiOjE3ODM2OTkxOTZ9.MVTHN7oPmVpJ8AdwaVqaEON4wZ8kLfXrk368rXREwRM',
  'user-agent': 'Mozilla/5.0 (Windows NT 10.0; Win64; x64) AppleWebKit/537.36 (KHTML, like Gecko) Chrome/149.0.0.0 Safari/537.36',
  'sec-ch-ua': '"Google Chrome";v="149", "Chromium";v="149", "Not)A;Brand";v="24"',
  'sec-ch-ua-mobile': '?0',
  accept: '*/*',
  origin: 'http://localhost:5173',
  'sec-fetch-site': 'same-site',
  'sec-fetch-mode': 'cors',
  'sec-fetch-dest': 'empty',
  referer: 'http://localhost:5173/',
  'accept-encoding': 'gzip, deflate, br, zstd',
  'accept-language': 'en-US,en;q=0.9',
  'if-none-match': 'W/"ca-QJF0w7qlz04EAzx1xFYNEdw+FyY"'
}
Bearer eyJhbGciOiJIUzI1NiIsInR5cCI6IkpXVCJ9.eyJpZCI6IjZhNGZjZDBhMjgxYzBiOTVjMmFkODEyOCIsInJvbGUiOiJ1c2VyIiwiaWF0IjoxNzgzNjk4Mjk2LCJleHAiOjE3ODM2OTkxOTZ9.MVTHN7oPmVpJ8AdwaVqaEON4wZ8kLfXrk368rXREwRM
{
  host: 'localhost:3000',
  connection: 'keep-alive',
  'sec-ch-ua-platform': '"Windows"',
  authorization: 'Bearer eyJhbGciOiJIUzI1NiIsInR5cCI6IkpXVCJ9.eyJpZCI6IjZhNGZjZDBhMjgxYzBiOTVjMmFkODEyOCIsInJvbGUiOiJ1c2VyIiwiaWF0IjoxNzgzNjk4Mjk2LCJleHAiOjE3ODM2OTkxOTZ9.MVTHN7oPmVpJ8AdwaVqaEON4wZ8kLfXrk368rXREwRM',
  'user-agent': 'Mozilla/5.0 (Windows NT 10.0; Win64; x64) AppleWebKit/537.36 (KHTML, like Gecko) Chrome/149.0.0.0 Safari/537.36',
  'sec-ch-ua': '"Google Chrome";v="149", "Chromium";v="149", "Not)A;Brand";v="24"',
  'sec-ch-ua-mobile': '?0',
  accept: '*/*',
  origin: 'http://localhost:5173',
  'sec-fetch-site': 'same-site',
  'sec-fetch-mode': 'cors',
  'sec-fetch-dest': 'empty',
  referer: 'http://localhost:5173/',
  'accept-encoding': 'gzip, deflate, br, zstd',
  'accept-language': 'en-US,en;q=0.9',
  'if-none-match': 'W/"7c-eOXo3RJuDDEvIybIvVWLkrNw3Ss"'
}
Bearer eyJhbGciOiJIUzI1NiIsInR5cCI6IkpXVCJ9.eyJpZCI6IjZhNGZjZDBhMjgxYzBiOTVjMmFkODEyOCIsInJvbGUiOiJ1c2VyIiwiaWF0IjoxNzgzNjk4Mjk2LCJleHAiOjE3ODM2OTkxOTZ9.MVTHN7oPmVpJ8AdwaVqaEON4wZ8kLfXrk368rXREwRM
{
  host: 'localhost:3000',
  connection: 'keep-alive',
  'sec-ch-ua-platform': '"Windows"',
  authorization: 'Bearer eyJhbGciOiJIUzI1NiIsInR5cCI6IkpXVCJ9.eyJpZCI6IjZhNGZjZDBhMjgxYzBiOTVjMmFkODEyOCIsInJvbGUiOiJ1c2VyIiwiaWF0IjoxNzgzNjk4Mjk2LCJleHAiOjE3ODM2OTkxOTZ9.MVTHN7oPmVpJ8AdwaVqaEON4wZ8kLfXrk368rXREwRM',
  'user-agent': 'Mozilla/5.0 (Windows NT 10.0; Win64; x64) AppleWebKit/537.36 (KHTML, like Gecko) Chrome/149.0.0.0 Safari/537.36',
  'sec-ch-ua': '"Google Chrome";v="149", "Chromium";v="149", "Not)A;Brand";v="24"',
  'sec-ch-ua-mobile': '?0',
  accept: '*/*',
  origin: 'http://localhost:5173',
  'sec-fetch-site': 'same-site',
  'sec-fetch-mode': 'cors',
  'sec-fetch-dest': 'empty',
  referer: 'http://localhost:5173/',
  'accept-encoding': 'gzip, deflate, br, zstd',
  'accept-language': 'en-US,en;q=0.9',
  'if-none-match': 'W/"ca-QJF0w7qlz04EAzx1xFYNEdw+FyY"'
}
Bearer eyJhbGciOiJIUzI1NiIsInR5cCI6IkpXVCJ9.eyJpZCI6IjZhNGZjZDBhMjgxYzBiOTVjMmFkODEyOCIsInJvbGUiOiJ1c2VyIiwiaWF0IjoxNzgzNjk4Mjk2LCJleHAiOjE3ODM2OTkxOTZ9.MVTHN7oPmVpJ8AdwaVqaEON4wZ8kLfXrk368rXREwRM
{
  host: 'localhost:3000',
  connection: 'keep-alive',
  'sec-ch-ua-platform': '"Windows"',
  authorization: 'Bearer eyJhbGciOiJIUzI1NiIsInR5cCI6IkpXVCJ9.eyJpZCI6IjZhNGZjZDBhMjgxYzBiOTVjMmFkODEyOCIsInJvbGUiOiJ1c2VyIiwiaWF0IjoxNzgzNjk4Mjk2LCJleHAiOjE3ODM2OTkxOTZ9.MVTHN7oPmVpJ8AdwaVqaEON4wZ8kLfXrk368rXREwRM',
  'user-agent': 'Mozilla/5.0 (Windows NT 10.0; Win64; x64) AppleWebKit/537.36 (KHTML, like Gecko) Chrome/149.0.0.0 Safari/537.36',
  'sec-ch-ua': '"Google Chrome";v="149", "Chromium";v="149", "Not)A;Brand";v="24"',
  'sec-ch-ua-mobile': '?0',
  accept: '*/*',
  origin: 'http://localhost:5173',
  'sec-fetch-site': 'same-site',
  'sec-fetch-mode': 'cors',
  'sec-fetch-dest': 'empty',
  referer: 'http://localhost:5173/',
  'accept-encoding': 'gzip, deflate, br, zstd',
  'accept-language': 'en-US,en;q=0.9',
  'if-none-match': 'W/"3a2-KLjU8TLy4MsByHd4DaeWIiXX9Uc"'
}
Bearer eyJhbGciOiJIUzI1NiIsInR5cCI6IkpXVCJ9.eyJpZCI6IjZhNGZjZDBhMjgxYzBiOTVjMmFkODEyOCIsInJvbGUiOiJ1c2VyIiwiaWF0IjoxNzgzNjk4Mjk2LCJleHAiOjE3ODM2OTkxOTZ9.MVTHN7oPmVpJ8AdwaVqaEON4wZ8kLfXrk368rXREwRM
{
  host: 'localhost:3000',
  connection: 'keep-alive',
  'sec-ch-ua-platform': '"Windows"',
  authorization: 'Bearer eyJhbGciOiJIUzI1NiIsInR5cCI6IkpXVCJ9.eyJpZCI6IjZhNGZkNTQ2NDQwMjVkMWU5YzlkODIzMSIsInJvbGUiOiJhZG1pbiIsImlhdCI6MTc4MzY5OTIzMSwiZXhwIjoxNzgzNzAwMTMxfQ.55_6neUmQLLAMAeq2iScauZsO4Szz37iPm3e1z8aIUk',
  'user-agent': 'Mozilla/5.0 (Windows NT 10.0; Win64; x64) AppleWebKit/537.36 (KHTML, like Gecko) Chrome/149.0.0.0 Safari/537.36',
  'sec-ch-ua': '"Google Chrome";v="149", "Chromium";v="149", "Not)A;Brand";v="24"',
  'sec-ch-ua-mobile': '?0',
  accept: '*/*',
  origin: 'http://localhost:5173',
  'sec-fetch-site': 'same-site',
  'sec-fetch-mode': 'cors',
  'sec-fetch-dest': 'empty',
  referer: 'http://localhost:5173/',
  'accept-encoding': 'gzip, deflate, br, zstd',
  'accept-language': 'en-US,en;q=0.9',
  'if-none-match': 'W/"3a2-KLjU8TLy4MsByHd4DaeWIiXX9Uc"'
}
Bearer eyJhbGciOiJIUzI1NiIsInR5cCI6IkpXVCJ9.eyJpZCI6IjZhNGZkNTQ2NDQwMjVkMWU5YzlkODIzMSIsInJvbGUiOiJhZG1pbiIsImlhdCI6MTc4MzY5OTIzMSwiZXhwIjoxNzgzNzAwMTMxfQ.55_6neUmQLLAMAeq2iScauZsO4Szz37iPm3e1z8aIUk
{
  host: 'localhost:3000',
  connection: 'keep-alive',
  'sec-ch-ua-platform': '"Windows"',
  authorization: 'Bearer eyJhbGciOiJIUzI1NiIsInR5cCI6IkpXVCJ9.eyJpZCI6IjZhNGZkNTQ2NDQwMjVkMWU5YzlkODIzMSIsInJvbGUiOiJhZG1pbiIsImlhdCI6MTc4MzY5OTIzMSwiZXhwIjoxNzgzNzAwMTMxfQ.55_6neUmQLLAMAeq2iScauZsO4Szz37iPm3e1z8aIUk',
  'user-agent': 'Mozilla/5.0 (Windows NT 10.0; Win64; x64) AppleWebKit/537.36 (KHTML, like Gecko) Chrome/149.0.0.0 Safari/537.36',
  'sec-ch-ua': '"Google Chrome";v="149", "Chromium";v="149", "Not)A;Brand";v="24"',
  'sec-ch-ua-mobile': '?0',
  accept: '*/*',
  origin: 'http://localhost:5173',
  'sec-fetch-site': 'same-site',
  'sec-fetch-mode': 'cors',
  'sec-fetch-dest': 'empty',
  referer: 'http://localhost:5173/',
  'accept-encoding': 'gzip, deflate, br, zstd',
  'accept-language': 'en-US,en;q=0.9',
  'if-none-match': 'W/"ca-QJF0w7qlz04EAzx1xFYNEdw+FyY"'
}
Bearer eyJhbGciOiJIUzI1NiIsInR5cCI6IkpXVCJ9.eyJpZCI6IjZhNGZkNTQ2NDQwMjVkMWU5YzlkODIzMSIsInJvbGUiOiJhZG1pbiIsImlhdCI6MTc4MzY5OTIzMSwiZXhwIjoxNzgzNzAwMTMxfQ.55_6neUmQLLAMAeq2iScauZsO4Szz37iPm3e1z8aIUk
{
  host: 'localhost:3000',
  connection: 'keep-alive',
  'sec-ch-ua-platform': '"Windows"',
  authorization: 'Bearer eyJhbGciOiJIUzI1NiIsInR5cCI6IkpXVCJ9.eyJpZCI6IjZhNGZkNTQ2NDQwMjVkMWU5YzlkODIzMSIsInJvbGUiOiJhZG1pbiIsImlhdCI6MTc4MzY5OTIzMSwiZXhwIjoxNzgzNzAwMTMxfQ.55_6neUmQLLAMAeq2iScauZsO4Szz37iPm3e1z8aIUk',
  'user-agent': 'Mozilla/5.0 (Windows NT 10.0; Win64; x64) AppleWebKit/537.36 (KHTML, like Gecko) Chrome/149.0.0.0 Safari/537.36',
  'sec-ch-ua': '"Google Chrome";v="149", "Chromium";v="149", "Not)A;Brand";v="24"',
  'sec-ch-ua-mobile': '?0',
  accept: '*/*',
  origin: 'http://localhost:5173',
  'sec-fetch-site': 'same-site',
  'sec-fetch-mode': 'cors',
  'sec-fetch-dest': 'empty',
  referer: 'http://localhost:5173/',
  'accept-encoding': 'gzip, deflate, br, zstd',
  'accept-language': 'en-US,en;q=0.9',
  'if-none-match': 'W/"1c40-VGR2GC42DFYXXZulANzztKCmOYI"'
}
Bearer eyJhbGciOiJIUzI1NiIsInR5cCI6IkpXVCJ9.eyJpZCI6IjZhNGZkNTQ2NDQwMjVkMWU5YzlkODIzMSIsInJvbGUiOiJhZG1pbiIsImlhdCI6MTc4MzY5OTIzMSwiZXhwIjoxNzgzNzAwMTMxfQ.55_6neUmQLLAMAeq2iScauZsO4Szz37iPm3e1z8aIUk
admin
{
  host: 'localhost:3000',
  connection: 'keep-alive',
  'sec-ch-ua-platform': '"Windows"',
  authorization: 'Bearer eyJhbGciOiJIUzI1NiIsInR5cCI6IkpXVCJ9.eyJpZCI6IjZhNGZkNTQ2NDQwMjVkMWU5YzlkODIzMSIsInJvbGUiOiJhZG1pbiIsImlhdCI6MTc4MzY5OTIzMSwiZXhwIjoxNzgzNzAwMTMxfQ.55_6neUmQLLAMAeq2iScauZsO4Szz37iPm3e1z8aIUk',
  'user-agent': 'Mozilla/5.0 (Windows NT 10.0; Win64; x64) AppleWebKit/537.36 (KHTML, like Gecko) Chrome/149.0.0.0 Safari/537.36',
  'sec-ch-ua': '"Google Chrome";v="149", "Chromium";v="149", "Not)A;Brand";v="24"',
  'sec-ch-ua-mobile': '?0',
  accept: '*/*',
  origin: 'http://localhost:5173',
  'sec-fetch-site': 'same-site',
  'sec-fetch-mode': 'cors',
  'sec-fetch-dest': 'empty',
  referer: 'http://localhost:5173/',
  'accept-encoding': 'gzip, deflate, br, zstd',
  'accept-language': 'en-US,en;q=0.9',
  'if-none-match': 'W/"1c40-VGR2GC42DFYXXZulANzztKCmOYI"'
}
Bearer eyJhbGciOiJIUzI1NiIsInR5cCI6IkpXVCJ9.eyJpZCI6IjZhNGZkNTQ2NDQwMjVkMWU5YzlkODIzMSIsInJvbGUiOiJhZG1pbiIsImlhdCI6MTc4MzY5OTIzMSwiZXhwIjoxNzgzNzAwMTMxfQ.55_6neUmQLLAMAeq2iScauZsO4Szz37iPm3e1z8aIUk
admin
{
  host: 'localhost:3000',
  connection: 'keep-alive',
  'sec-ch-ua-platform': '"Windows"',
  authorization: 'Bearer eyJhbGciOiJIUzI1NiIsInR5cCI6IkpXVCJ9.eyJpZCI6IjZhNGZkNTQ2NDQwMjVkMWU5YzlkODIzMSIsInJvbGUiOiJhZG1pbiIsImlhdCI6MTc4MzY5OTIzMSwiZXhwIjoxNzgzNzAwMTMxfQ.55_6neUmQLLAMAeq2iScauZsO4Szz37iPm3e1z8aIUk',
  'user-agent': 'Mozilla/5.0 (Windows NT 10.0; Win64; x64) AppleWebKit/537.36 (KHTML, like Gecko) Chrome/149.0.0.0 Safari/537.36',
  'sec-ch-ua': '"Google Chrome";v="149", "Chromium";v="149", "Not)A;Brand";v="24"',
  'sec-ch-ua-mobile': '?0',
  accept: '*/*',
  origin: 'http://localhost:5173',
  'sec-fetch-site': 'same-site',
  'sec-fetch-mode': 'cors',
  'sec-fetch-dest': 'empty',
  referer: 'http://localhost:5173/',
  'accept-encoding': 'gzip, deflate, br, zstd',
  'accept-language': 'en-US,en;q=0.9',
  'if-none-match': 'W/"d7-Y0+hoRws0KIMm41NFiVinhgx/ps"'
}
Bearer eyJhbGciOiJIUzI1NiIsInR5cCI6IkpXVCJ9.eyJpZCI6IjZhNGZkNTQ2NDQwMjVkMWU5YzlkODIzMSIsInJvbGUiOiJhZG1pbiIsImlhdCI6MTc4MzY5OTIzMSwiZXhwIjoxNzgzNzAwMTMxfQ.55_6neUmQLLAMAeq2iScauZsO4Szz37iPm3e1z8aIUk
{
  host: 'localhost:3000',
  connection: 'keep-alive',
  'sec-ch-ua-platform': '"Windows"',
  authorization: 'Bearer eyJhbGciOiJIUzI1NiIsInR5cCI6IkpXVCJ9.eyJpZCI6IjZhNGZkNTQ2NDQwMjVkMWU5YzlkODIzMSIsInJvbGUiOiJhZG1pbiIsImlhdCI6MTc4MzY5OTIzMSwiZXhwIjoxNzgzNzAwMTMxfQ.55_6neUmQLLAMAeq2iScauZsO4Szz37iPm3e1z8aIUk',
  'user-agent': 'Mozilla/5.0 (Windows NT 10.0; Win64; x64) AppleWebKit/537.36 (KHTML, like Gecko) Chrome/149.0.0.0 Safari/537.36',
  'sec-ch-ua': '"Google Chrome";v="149", "Chromium";v="149", "Not)A;Brand";v="24"',
  'sec-ch-ua-mobile': '?0',
  accept: '*/*',
  origin: 'http://localhost:5173',
  'sec-fetch-site': 'same-site',
  'sec-fetch-mode': 'cors',
  'sec-fetch-dest': 'empty',
  referer: 'http://localhost:5173/',
  'accept-encoding': 'gzip, deflate, br, zstd',
  'accept-language': 'en-US,en;q=0.9',
  'if-none-match': 'W/"cb-zbkJMFORwaV0I3joPCu3LGgZqo8"'
}
Bearer eyJhbGciOiJIUzI1NiIsInR5cCI6IkpXVCJ9.eyJpZCI6IjZhNGZkNTQ2NDQwMjVkMWU5YzlkODIzMSIsInJvbGUiOiJhZG1pbiIsImlhdCI6MTc4MzY5OTIzMSwiZXhwIjoxNzgzNzAwMTMxfQ.55_6neUmQLLAMAeq2iScauZsO4Szz37iPm3e1z8aIUk
{
  host: 'localhost:3000',
  connection: 'keep-alive',
  'sec-ch-ua-platform': '"Windows"',
  authorization: 'Bearer eyJhbGciOiJIUzI1NiIsInR5cCI6IkpXVCJ9.eyJpZCI6IjZhNGZkNTQ2NDQwMjVkMWU5YzlkODIzMSIsInJvbGUiOiJhZG1pbiIsImlhdCI6MTc4MzY5OTIzMSwiZXhwIjoxNzgzNzAwMTMxfQ.55_6neUmQLLAMAeq2iScauZsO4Szz37iPm3e1z8aIUk',
  'user-agent': 'Mozilla/5.0 (Windows NT 10.0; Win64; x64) AppleWebKit/537.36 (KHTML, like Gecko) Chrome/149.0.0.0 Safari/537.36',
  'sec-ch-ua': '"Google Chrome";v="149", "Chromium";v="149", "Not)A;Brand";v="24"',
  'sec-ch-ua-mobile': '?0',
  accept: '*/*',
  origin: 'http://localhost:5173',
  'sec-fetch-site': 'same-site',
  'sec-fetch-mode': 'cors',
  'sec-fetch-dest': 'empty',
  referer: 'http://localhost:5173/',
  'accept-encoding': 'gzip, deflate, br, zstd',
  'accept-language': 'en-US,en;q=0.9',
  'if-none-match': 'W/"d7-Y0+hoRws0KIMm41NFiVinhgx/ps"'
}
Bearer eyJhbGciOiJIUzI1NiIsInR5cCI6IkpXVCJ9.eyJpZCI6IjZhNGZkNTQ2NDQwMjVkMWU5YzlkODIzMSIsInJvbGUiOiJhZG1pbiIsImlhdCI6MTc4MzY5OTIzMSwiZXhwIjoxNzgzNzAwMTMxfQ.55_6neUmQLLAMAeq2iScauZsO4Szz37iPm3e1z8aIUk
{
  host: 'localhost:3000',
  connection: 'keep-alive',
  'sec-ch-ua-platform': '"Windows"',
  authorization: 'Bearer eyJhbGciOiJIUzI1NiIsInR5cCI6IkpXVCJ9.eyJpZCI6IjZhNGZkNTQ2NDQwMjVkMWU5YzlkODIzMSIsInJvbGUiOiJhZG1pbiIsImlhdCI6MTc4MzY5OTIzMSwiZXhwIjoxNzgzNzAwMTMxfQ.55_6neUmQLLAMAeq2iScauZsO4Szz37iPm3e1z8aIUk',
  'user-agent': 'Mozilla/5.0 (Windows NT 10.0; Win64; x64) AppleWebKit/537.36 (KHTML, like Gecko) Chrome/149.0.0.0 Safari/537.36',
  'sec-ch-ua': '"Google Chrome";v="149", "Chromium";v="149", "Not)A;Brand";v="24"',
  'sec-ch-ua-mobile': '?0',
  accept: '*/*',
  origin: 'http://localhost:5173',
  'sec-fetch-site': 'same-site',
  'sec-fetch-mode': 'cors',
  'sec-fetch-dest': 'empty',
  referer: 'http://localhost:5173/',
  'accept-encoding': 'gzip, deflate, br, zstd',
  'accept-language': 'en-US,en;q=0.9',
  'if-none-match': 'W/"cb-zbkJMFORwaV0I3joPCu3LGgZqo8"'
}
Bearer eyJhbGciOiJIUzI1NiIsInR5cCI6IkpXVCJ9.eyJpZCI6IjZhNGZkNTQ2NDQwMjVkMWU5YzlkODIzMSIsInJvbGUiOiJhZG1pbiIsImlhdCI6MTc4MzY5OTIzMSwiZXhwIjoxNzgzNzAwMTMxfQ.55_6neUmQLLAMAeq2iScauZsO4Szz37iPm3e1z8aIUk
{
  host: 'localhost:3000',
  connection: 'keep-alive',
  'sec-ch-ua-platform': '"Windows"',
  authorization: 'Bearer eyJhbGciOiJIUzI1NiIsInR5cCI6IkpXVCJ9.eyJpZCI6IjZhNGZkNTQ2NDQwMjVkMWU5YzlkODIzMSIsInJvbGUiOiJhZG1pbiIsImlhdCI6MTc4MzY5OTIzMSwiZXhwIjoxNzgzNzAwMTMxfQ.55_6neUmQLLAMAeq2iScauZsO4Szz37iPm3e1z8aIUk',
  'user-agent': 'Mozilla/5.0 (Windows NT 10.0; Win64; x64) AppleWebKit/537.36 (KHTML, like Gecko) Chrome/149.0.0.0 Safari/537.36',
  'sec-ch-ua': '"Google Chrome";v="149", "Chromium";v="149", "Not)A;Brand";v="24"',
  'sec-ch-ua-mobile': '?0',
  accept: '*/*',
  origin: 'http://localhost:5173',
  'sec-fetch-site': 'same-site',
  'sec-fetch-mode': 'cors',
  'sec-fetch-dest': 'empty',
  referer: 'http://localhost:5173/',
  'accept-encoding': 'gzip, deflate, br, zstd',
  'accept-language': 'en-US,en;q=0.9',
  'if-none-match': 'W/"1c40-VGR2GC42DFYXXZulANzztKCmOYI"'
}
Bearer eyJhbGciOiJIUzI1NiIsInR5cCI6IkpXVCJ9.eyJpZCI6IjZhNGZkNTQ2NDQwMjVkMWU5YzlkODIzMSIsInJvbGUiOiJhZG1pbiIsImlhdCI6MTc4MzY5OTIzMSwiZXhwIjoxNzgzNzAwMTMxfQ.55_6neUmQLLAMAeq2iScauZsO4Szz37iPm3e1z8aIUk
admin
admin
{
  host: 'localhost:3000',
  connection: 'keep-alive',
  'sec-ch-ua-platform': '"Windows"',
  authorization: 'Bearer eyJhbGciOiJIUzI1NiIsInR5cCI6IkpXVCJ9.eyJpZCI6IjZhNGZkNTQ2NDQwMjVkMWU5YzlkODIzMSIsInJvbGUiOiJhZG1pbiIsImlhdCI6MTc4MzY5OTIzMSwiZXhwIjoxNzgzNzAwMTMxfQ.55_6neUmQLLAMAeq2iScauZsO4Szz37iPm3e1z8aIUk',
  'user-agent': 'Mozilla/5.0 (Windows NT 10.0; Win64; x64) AppleWebKit/537.36 (KHTML, like Gecko) Chrome/149.0.0.0 Safari/537.36',
  'sec-ch-ua': '"Google Chrome";v="149", "Chromium";v="149", "Not)A;Brand";v="24"',
  'sec-ch-ua-mobile': '?0',
  accept: '*/*',
  origin: 'http://localhost:5173',
  'sec-fetch-site': 'same-site',
  'sec-fetch-mode': 'cors',
  'sec-fetch-dest': 'empty',
  referer: 'http://localhost:5173/',
  'accept-encoding': 'gzip, deflate, br, zstd',
  'accept-language': 'en-US,en;q=0.9',
  'if-none-match': 'W/"1c40-VGR2GC42DFYXXZulANzztKCmOYI"'
}
Bearer eyJhbGciOiJIUzI1NiIsInR5cCI6IkpXVCJ9.eyJpZCI6IjZhNGZkNTQ2NDQwMjVkMWU5YzlkODIzMSIsInJvbGUiOiJhZG1pbiIsImlhdCI6MTc4MzY5OTIzMSwiZXhwIjoxNzgzNzAwMTMxfQ.55_6neUmQLLAMAeq2iScauZsO4Szz37iPm3e1z8aIUk
[32m[nodemon] restarting due to changes...[39m
[32m[nodemon] restarting due to changes...[39m
[32m[nodemon] restarting due to changes...[39m
[32m[nodemon] restarting due to changes...[39m
[32m[nodemon] restarting due to changes...[39m
[32m[nodemon] starting `node src/index.js`[39m
◇ injected env (16) from .env // tip: ⌘ suppress logs { quiet: true }
◇ injected env (0) from .env // tip: ⌘ override existing { override: true }
✅ Supabase client created
◇ injected env (0) from .env // tip: ⌘ multiple files { path: ['.env.local', '.env'] }
◇ injected env (0) from .env // tip: ⌘ enable debugging { debug: true }
◇ injected env (0) from .env // tip: ⌘ suppress logs { quiet: true }
◇ injected env (0) from .env // tip: ◈ encrypted .env [www.dotenvx.com]
◇ injected env (0) from .env // tip: ⌘ custom filepath { path: '/custom/path/.env' }
✅ MongoDB Connected
Server is running on port 3000
{
  host: 'localhost:3000',
  connection: 'keep-alive',
  'sec-ch-ua-platform': '"Windows"',
  authorization: 'Bearer eyJhbGciOiJIUzI1NiIsInR5cCI6IkpXVCJ9.eyJpZCI6IjZhNGZkNTQ2NDQwMjVkMWU5YzlkODIzMSIsInJvbGUiOiJhZG1pbiIsImlhdCI6MTc4MzY5OTIzMSwiZXhwIjoxNzgzNzAwMTMxfQ.55_6neUmQLLAMAeq2iScauZsO4Szz37iPm3e1z8aIUk',
  'user-agent': 'Mozilla/5.0 (Windows NT 10.0; Win64; x64) AppleWebKit/537.36 (KHTML, like Gecko) Chrome/149.0.0.0 Safari/537.36',
  'sec-ch-ua': '"Google Chrome";v="149", "Chromium";v="149", "Not)A;Brand";v="24"',
  'sec-ch-ua-mobile': '?0',
  accept: '*/*',
  origin: 'http://localhost:5173',
  'sec-fetch-site': 'same-site',
  'sec-fetch-mode': 'cors',
  'sec-fetch-dest': 'empty',
  referer: 'http://localhost:5173/',
  'accept-encoding': 'gzip, deflate, br, zstd',
  'accept-language': 'en-US,en;q=0.9',
  'if-none-match': 'W/"1c40-VGR2GC42DFYXXZulANzztKCmOYI"'
}
Bearer eyJhbGciOiJIUzI1NiIsInR5cCI6IkpXVCJ9.eyJpZCI6IjZhNGZkNTQ2NDQwMjVkMWU5YzlkODIzMSIsInJvbGUiOiJhZG1pbiIsImlhdCI6MTc4MzY5OTIzMSwiZXhwIjoxNzgzNzAwMTMxfQ.55_6neUmQLLAMAeq2iScauZsO4Szz37iPm3e1z8aIUk
{
  host: 'localhost:3000',
  connection: 'keep-alive',
  'sec-ch-ua-platform': '"Windows"',
  authorization: 'Bearer eyJhbGciOiJIUzI1NiIsInR5cCI6IkpXVCJ9.eyJpZCI6IjZhNGZkNTQ2NDQwMjVkMWU5YzlkODIzMSIsInJvbGUiOiJhZG1pbiIsImlhdCI6MTc4MzY5OTIzMSwiZXhwIjoxNzgzNzAwMTMxfQ.55_6neUmQLLAMAeq2iScauZsO4Szz37iPm3e1z8aIUk',
  'user-agent': 'Mozilla/5.0 (Windows NT 10.0; Win64; x64) AppleWebKit/537.36 (KHTML, like Gecko) Chrome/149.0.0.0 Safari/537.36',
  'sec-ch-ua': '"Google Chrome";v="149", "Chromium";v="149", "Not)A;Brand";v="24"',
  'sec-ch-ua-mobile': '?0',
  accept: '*/*',
  origin: 'http://localhost:5173',
  'sec-fetch-site': 'same-site',
  'sec-fetch-mode': 'cors',
  'sec-fetch-dest': 'empty',
  referer: 'http://localhost:5173/',
  'accept-encoding': 'gzip, deflate, br, zstd',
  'accept-language': 'en-US,en;q=0.9',
  'if-none-match': 'W/"1c40-VGR2GC42DFYXXZulANzztKCmOYI"'
}
Bearer eyJhbGciOiJIUzI1NiIsInR5cCI6IkpXVCJ9.eyJpZCI6IjZhNGZkNTQ2NDQwMjVkMWU5YzlkODIzMSIsInJvbGUiOiJhZG1pbiIsImlhdCI6MTc4MzY5OTIzMSwiZXhwIjoxNzgzNzAwMTMxfQ.55_6neUmQLLAMAeq2iScauZsO4Szz37iPm3e1z8aIUk
{
  host: 'localhost:3000',
  connection: 'keep-alive',
  'sec-ch-ua-platform': '"Windows"',
  authorization: 'Bearer eyJhbGciOiJIUzI1NiIsInR5cCI6IkpXVCJ9.eyJpZCI6IjZhNGZkNTQ2NDQwMjVkMWU5YzlkODIzMSIsInJvbGUiOiJhZG1pbiIsImlhdCI6MTc4MzcwMDMwMCwiZXhwIjoxNzgzNzAxMjAwfQ.A7qSKLIcnesCre4-csxuUK9sL8vQ3tVSU5CWQkrtPrk',
  'user-agent': 'Mozilla/5.0 (Windows NT 10.0; Win64; x64) AppleWebKit/537.36 (KHTML, like Gecko) Chrome/149.0.0.0 Safari/537.36',
  'sec-ch-ua': '"Google Chrome";v="149", "Chromium";v="149", "Not)A;Brand";v="24"',
  'sec-ch-ua-mobile': '?0',
  accept: '*/*',
  origin: 'http://localhost:5173',
  'sec-fetch-site': 'same-site',
  'sec-fetch-mode': 'cors',
  'sec-fetch-dest': 'empty',
  referer: 'http://localhost:5173/',
  'accept-encoding': 'gzip, deflate, br, zstd',
  'accept-language': 'en-US,en;q=0.9',
  'if-none-match': 'W/"1c40-VGR2GC42DFYXXZulANzztKCmOYI"'
}
Bearer eyJhbGciOiJIUzI1NiIsInR5cCI6IkpXVCJ9.eyJpZCI6IjZhNGZkNTQ2NDQwMjVkMWU5YzlkODIzMSIsInJvbGUiOiJhZG1pbiIsImlhdCI6MTc4MzcwMDMwMCwiZXhwIjoxNzgzNzAxMjAwfQ.A7qSKLIcnesCre4-csxuUK9sL8vQ3tVSU5CWQkrtPrk
admin
{
  host: 'localhost:3000',
  connection: 'keep-alive',
  'sec-ch-ua-platform': '"Windows"',
  authorization: 'Bearer eyJhbGciOiJIUzI1NiIsInR5cCI6IkpXVCJ9.eyJpZCI6IjZhNGZkNTQ2NDQwMjVkMWU5YzlkODIzMSIsInJvbGUiOiJhZG1pbiIsImlhdCI6MTc4MzcwMDMwMCwiZXhwIjoxNzgzNzAxMjAwfQ.A7qSKLIcnesCre4-csxuUK9sL8vQ3tVSU5CWQkrtPrk',
  'user-agent': 'Mozilla/5.0 (Windows NT 10.0; Win64; x64) AppleWebKit/537.36 (KHTML, like Gecko) Chrome/149.0.0.0 Safari/537.36',
  'sec-ch-ua': '"Google Chrome";v="149", "Chromium";v="149", "Not)A;Brand";v="24"',
  'sec-ch-ua-mobile': '?0',
  accept: '*/*',
  origin: 'http://localhost:5173',
  'sec-fetch-site': 'same-site',
  'sec-fetch-mode': 'cors',
  'sec-fetch-dest': 'empty',
  referer: 'http://localhost:5173/',
  'accept-encoding': 'gzip, deflate, br, zstd',
  'accept-language': 'en-US,en;q=0.9',
  'if-none-match': 'W/"1565-jPLumpHyVzVdYVNzMHvBChqTyeM"'
}
Bearer eyJhbGciOiJIUzI1NiIsInR5cCI6IkpXVCJ9.eyJpZCI6IjZhNGZkNTQ2NDQwMjVkMWU5YzlkODIzMSIsInJvbGUiOiJhZG1pbiIsImlhdCI6MTc4MzcwMDMwMCwiZXhwIjoxNzgzNzAxMjAwfQ.A7qSKLIcnesCre4-csxuUK9sL8vQ3tVSU5CWQkrtPrk
admin
admin
admin
{
  host: 'localhost:3000',
  connection: 'keep-alive',
  'sec-ch-ua-platform': '"Windows"',
  authorization: 'Bearer eyJhbGciOiJIUzI1NiIsInR5cCI6IkpXVCJ9.eyJpZCI6IjZhNGZkNTQ2NDQwMjVkMWU5YzlkODIzMSIsInJvbGUiOiJhZG1pbiIsImlhdCI6MTc4MzcwMDMwMCwiZXhwIjoxNzgzNzAxMjAwfQ.A7qSKLIcnesCre4-csxuUK9sL8vQ3tVSU5CWQkrtPrk',
  'user-agent': 'Mozilla/5.0 (Windows NT 10.0; Win64; x64) AppleWebKit/537.36 (KHTML, like Gecko) Chrome/149.0.0.0 Safari/537.36',
  'sec-ch-ua': '"Google Chrome";v="149", "Chromium";v="149", "Not)A;Brand";v="24"',
  'sec-ch-ua-mobile': '?0',
  accept: '*/*',
  origin: 'http://localhost:5173',
  'sec-fetch-site': 'same-site',
  'sec-fetch-mode': 'cors',
  'sec-fetch-dest': 'empty',
  referer: 'http://localhost:5173/',
  'accept-encoding': 'gzip, deflate, br, zstd',
  'accept-language': 'en-US,en;q=0.9',
  'if-none-match': 'W/"1565-jPLumpHyVzVdYVNzMHvBChqTyeM"'
}
Bearer eyJhbGciOiJIUzI1NiIsInR5cCI6IkpXVCJ9.eyJpZCI6IjZhNGZkNTQ2NDQwMjVkMWU5YzlkODIzMSIsInJvbGUiOiJhZG1pbiIsImlhdCI6MTc4MzcwMDMwMCwiZXhwIjoxNzgzNzAxMjAwfQ.A7qSKLIcnesCre4-csxuUK9sL8vQ3tVSU5CWQkrtPrk
{
  host: 'localhost:3000',
  connection: 'keep-alive',
  'sec-ch-ua-platform': '"Windows"',
  authorization: 'Bearer eyJhbGciOiJIUzI1NiIsInR5cCI6IkpXVCJ9.eyJpZCI6IjZhNGZkNTQ2NDQwMjVkMWU5YzlkODIzMSIsInJvbGUiOiJhZG1pbiIsImlhdCI6MTc4MzcwMDMwMCwiZXhwIjoxNzgzNzAxMjAwfQ.A7qSKLIcnesCre4-csxuUK9sL8vQ3tVSU5CWQkrtPrk',
  'user-agent': 'Mozilla/5.0 (Windows NT 10.0; Win64; x64) AppleWebKit/537.36 (KHTML, like Gecko) Chrome/149.0.0.0 Safari/537.36',
  'sec-ch-ua': '"Google Chrome";v="149", "Chromium";v="149", "Not)A;Brand";v="24"',
  'sec-ch-ua-mobile': '?0',
  accept: '*/*',
  origin: 'http://localhost:5173',
  'sec-fetch-site': 'same-site',
  'sec-fetch-mode': 'cors',
  'sec-fetch-dest': 'empty',
  referer: 'http://localhost:5173/',
  'accept-encoding': 'gzip, deflate, br, zstd',
  'accept-language': 'en-US,en;q=0.9',
  'if-none-match': 'W/"d7-Y0+hoRws0KIMm41NFiVinhgx/ps"'
}
Bearer eyJhbGciOiJIUzI1NiIsInR5cCI6IkpXVCJ9.eyJpZCI6IjZhNGZkNTQ2NDQwMjVkMWU5YzlkODIzMSIsInJvbGUiOiJhZG1pbiIsImlhdCI6MTc4MzcwMDMwMCwiZXhwIjoxNzgzNzAxMjAwfQ.A7qSKLIcnesCre4-csxuUK9sL8vQ3tVSU5CWQkrtPrk
{
  host: 'localhost:3000',
  connection: 'keep-alive',
  'sec-ch-ua-platform': '"Windows"',
  authorization: 'Bearer eyJhbGciOiJIUzI1NiIsInR5cCI6IkpXVCJ9.eyJpZCI6IjZhNGZkNTQ2NDQwMjVkMWU5YzlkODIzMSIsInJvbGUiOiJhZG1pbiIsImlhdCI6MTc4MzcwMDMwMCwiZXhwIjoxNzgzNzAxMjAwfQ.A7qSKLIcnesCre4-csxuUK9sL8vQ3tVSU5CWQkrtPrk',
  'user-agent': 'Mozilla/5.0 (Windows NT 10.0; Win64; x64) AppleWebKit/537.36 (KHTML, like Gecko) Chrome/149.0.0.0 Safari/537.36',
  'sec-ch-ua': '"Google Chrome";v="149", "Chromium";v="149", "Not)A;Brand";v="24"',
  'sec-ch-ua-mobile': '?0',
  accept: '*/*',
  origin: 'http://localhost:5173',
  'sec-fetch-site': 'same-site',
  'sec-fetch-mode': 'cors',
  'sec-fetch-dest': 'empty',
  referer: 'http://localhost:5173/',
  'accept-encoding': 'gzip, deflate, br, zstd',
  'accept-language': 'en-US,en;q=0.9',
  'if-none-match': 'W/"cb-zbkJMFORwaV0I3joPCu3LGgZqo8"'
}
Bearer eyJhbGciOiJIUzI1NiIsInR5cCI6IkpXVCJ9.eyJpZCI6IjZhNGZkNTQ2NDQwMjVkMWU5YzlkODIzMSIsInJvbGUiOiJhZG1pbiIsImlhdCI6MTc4MzcwMDMwMCwiZXhwIjoxNzgzNzAxMjAwfQ.A7qSKLIcnesCre4-csxuUK9sL8vQ3tVSU5CWQkrtPrk
{
  host: 'localhost:3000',
  connection: 'keep-alive',
  'sec-ch-ua-platform': '"Windows"',
  authorization: 'Bearer eyJhbGciOiJIUzI1NiIsInR5cCI6IkpXVCJ9.eyJpZCI6IjZhNGZkNTQ2NDQwMjVkMWU5YzlkODIzMSIsInJvbGUiOiJhZG1pbiIsImlhdCI6MTc4MzcwMDMwMCwiZXhwIjoxNzgzNzAxMjAwfQ.A7qSKLIcnesCre4-csxuUK9sL8vQ3tVSU5CWQkrtPrk',
  'user-agent': 'Mozilla/5.0 (Windows NT 10.0; Win64; x64) AppleWebKit/537.36 (KHTML, like Gecko) Chrome/149.0.0.0 Safari/537.36',
  'sec-ch-ua': '"Google Chrome";v="149", "Chromium";v="149", "Not)A;Brand";v="24"',
  'sec-ch-ua-mobile': '?0',
  accept: '*/*',
  origin: 'http://localhost:5173',
  'sec-fetch-site': 'same-site',
  'sec-fetch-mode': 'cors',
  'sec-fetch-dest': 'empty',
  referer: 'http://localhost:5173/',
  'accept-encoding': 'gzip, deflate, br, zstd',
  'accept-language': 'en-US,en;q=0.9',
  'if-none-match': 'W/"d7-Y0+hoRws0KIMm41NFiVinhgx/ps"'
}
Bearer eyJhbGciOiJIUzI1NiIsInR5cCI6IkpXVCJ9.eyJpZCI6IjZhNGZkNTQ2NDQwMjVkMWU5YzlkODIzMSIsInJvbGUiOiJhZG1pbiIsImlhdCI6MTc4MzcwMDMwMCwiZXhwIjoxNzgzNzAxMjAwfQ.A7qSKLIcnesCre4-csxuUK9sL8vQ3tVSU5CWQkrtPrk
{
  host: 'localhost:3000',
  connection: 'keep-alive',
  'sec-ch-ua-platform': '"Windows"',
  authorization: 'Bearer eyJhbGciOiJIUzI1NiIsInR5cCI6IkpXVCJ9.eyJpZCI6IjZhNGZkNTQ2NDQwMjVkMWU5YzlkODIzMSIsInJvbGUiOiJhZG1pbiIsImlhdCI6MTc4MzcwMDMwMCwiZXhwIjoxNzgzNzAxMjAwfQ.A7qSKLIcnesCre4-csxuUK9sL8vQ3tVSU5CWQkrtPrk',
  'user-agent': 'Mozilla/5.0 (Windows NT 10.0; Win64; x64) AppleWebKit/537.36 (KHTML, like Gecko) Chrome/149.0.0.0 Safari/537.36',
  'sec-ch-ua': '"Google Chrome";v="149", "Chromium";v="149", "Not)A;Brand";v="24"',
  'sec-ch-ua-mobile': '?0',
  accept: '*/*',
  origin: 'http://localhost:5173',
  'sec-fetch-site': 'same-site',
  'sec-fetch-mode': 'cors',
  'sec-fetch-dest': 'empty',
  referer: 'http://localhost:5173/',
  'accept-encoding': 'gzip, deflate, br, zstd',
  'accept-language': 'en-US,en;q=0.9',
  'if-none-match': 'W/"1565-jPLumpHyVzVdYVNzMHvBChqTyeM"'
}
Bearer eyJhbGciOiJIUzI1NiIsInR5cCI6IkpXVCJ9.eyJpZCI6IjZhNGZkNTQ2NDQwMjVkMWU5YzlkODIzMSIsInJvbGUiOiJhZG1pbiIsImlhdCI6MTc4MzcwMDMwMCwiZXhwIjoxNzgzNzAxMjAwfQ.A7qSKLIcnesCre4-csxuUK9sL8vQ3tVSU5CWQkrtPrk
{
  host: 'localhost:3000',
  connection: 'keep-alive',
  'sec-ch-ua-platform': '"Windows"',
  authorization: 'Bearer eyJhbGciOiJIUzI1NiIsInR5cCI6IkpXVCJ9.eyJpZCI6IjZhNGZkNTQ2NDQwMjVkMWU5YzlkODIzMSIsInJvbGUiOiJhZG1pbiIsImlhdCI6MTc4MzcwMDMwMCwiZXhwIjoxNzgzNzAxMjAwfQ.A7qSKLIcnesCre4-csxuUK9sL8vQ3tVSU5CWQkrtPrk',
  'user-agent': 'Mozilla/5.0 (Windows NT 10.0; Win64; x64) AppleWebKit/537.36 (KHTML, like Gecko) Chrome/149.0.0.0 Safari/537.36',
  'sec-ch-ua': '"Google Chrome";v="149", "Chromium";v="149", "Not)A;Brand";v="24"',
  'sec-ch-ua-mobile': '?0',
  accept: '*/*',
  origin: 'http://localhost:5173',
  'sec-fetch-site': 'same-site',
  'sec-fetch-mode': 'cors',
  'sec-fetch-dest': 'empty',
  referer: 'http://localhost:5173/',
  'accept-encoding': 'gzip, deflate, br, zstd',
  'accept-language': 'en-US,en;q=0.9',
  'if-none-match': 'W/"cb-zbkJMFORwaV0I3joPCu3LGgZqo8"'
}
Bearer eyJhbGciOiJIUzI1NiIsInR5cCI6IkpXVCJ9.eyJpZCI6IjZhNGZkNTQ2NDQwMjVkMWU5YzlkODIzMSIsInJvbGUiOiJhZG1pbiIsImlhdCI6MTc4MzcwMDMwMCwiZXhwIjoxNzgzNzAxMjAwfQ.A7qSKLIcnesCre4-csxuUK9sL8vQ3tVSU5CWQkrtPrk
{
  host: 'localhost:3000',
  connection: 'keep-alive',
  'sec-ch-ua-platform': '"Windows"',
  authorization: 'Bearer eyJhbGciOiJIUzI1NiIsInR5cCI6IkpXVCJ9.eyJpZCI6IjZhNGZjZDBhMjgxYzBiOTVjMmFkODEyOCIsInJvbGUiOiJ1c2VyIiwiaWF0IjoxNzgzNzAwNjA0LCJleHAiOjE3ODM3MDE1MDR9.rJF917uZ0wtbwAQW5GHgwnFYGjfILUW-VV1ZyFXjEFc',
  'user-agent': 'Mozilla/5.0 (Windows NT 10.0; Win64; x64) AppleWebKit/537.36 (KHTML, like Gecko) Chrome/149.0.0.0 Safari/537.36',
  'sec-ch-ua': '"Google Chrome";v="149", "Chromium";v="149", "Not)A;Brand";v="24"',
  'sec-ch-ua-mobile': '?0',
  accept: '*/*',
  origin: 'http://localhost:5173',
  'sec-fetch-site': 'same-site',
  'sec-fetch-mode': 'cors',
  'sec-fetch-dest': 'empty',
  referer: 'http://localhost:5173/',
  'accept-encoding': 'gzip, deflate, br, zstd',
  'accept-language': 'en-US,en;q=0.9',
  'if-none-match': 'W/"cb-zbkJMFORwaV0I3joPCu3LGgZqo8"'
}
Bearer eyJhbGciOiJIUzI1NiIsInR5cCI6IkpXVCJ9.eyJpZCI6IjZhNGZjZDBhMjgxYzBiOTVjMmFkODEyOCIsInJvbGUiOiJ1c2VyIiwiaWF0IjoxNzgzNzAwNjA0LCJleHAiOjE3ODM3MDE1MDR9.rJF917uZ0wtbwAQW5GHgwnFYGjfILUW-VV1ZyFXjEFc
{
  host: 'localhost:3000',
  connection: 'keep-alive',
  'sec-ch-ua-platform': '"Windows"',
  authorization: 'Bearer eyJhbGciOiJIUzI1NiIsInR5cCI6IkpXVCJ9.eyJpZCI6IjZhNGZjZDBhMjgxYzBiOTVjMmFkODEyOCIsInJvbGUiOiJ1c2VyIiwiaWF0IjoxNzgzNzAwNjA0LCJleHAiOjE3ODM3MDE1MDR9.rJF917uZ0wtbwAQW5GHgwnFYGjfILUW-VV1ZyFXjEFc',
  'user-agent': 'Mozilla/5.0 (Windows NT 10.0; Win64; x64) AppleWebKit/537.36 (KHTML, like Gecko) Chrome/149.0.0.0 Safari/537.36',
  'sec-ch-ua': '"Google Chrome";v="149", "Chromium";v="149", "Not)A;Brand";v="24"',
  'sec-ch-ua-mobile': '?0',
  accept: '*/*',
  origin: 'http://localhost:5173',
  'sec-fetch-site': 'same-site',
  'sec-fetch-mode': 'cors',
  'sec-fetch-dest': 'empty',
  referer: 'http://localhost:5173/',
  'accept-encoding': 'gzip, deflate, br, zstd',
  'accept-language': 'en-US,en;q=0.9',
  'if-none-match': 'W/"d7-Y0+hoRws0KIMm41NFiVinhgx/ps"'
}
Bearer eyJhbGciOiJIUzI1NiIsInR5cCI6IkpXVCJ9.eyJpZCI6IjZhNGZjZDBhMjgxYzBiOTVjMmFkODEyOCIsInJvbGUiOiJ1c2VyIiwiaWF0IjoxNzgzNzAwNjA0LCJleHAiOjE3ODM3MDE1MDR9.rJF917uZ0wtbwAQW5GHgwnFYGjfILUW-VV1ZyFXjEFc
{
  host: 'localhost:3000',
  connection: 'keep-alive',
  'sec-ch-ua-platform': '"Windows"',
  authorization: 'Bearer eyJhbGciOiJIUzI1NiIsInR5cCI6IkpXVCJ9.eyJpZCI6IjZhNGZjZDBhMjgxYzBiOTVjMmFkODEyOCIsInJvbGUiOiJ1c2VyIiwiaWF0IjoxNzgzNzAwNjA0LCJleHAiOjE3ODM3MDE1MDR9.rJF917uZ0wtbwAQW5GHgwnFYGjfILUW-VV1ZyFXjEFc',
  'user-agent': 'Mozilla/5.0 (Windows NT 10.0; Win64; x64) AppleWebKit/537.36 (KHTML, like Gecko) Chrome/149.0.0.0 Safari/537.36',
  'sec-ch-ua': '"Google Chrome";v="149", "Chromium";v="149", "Not)A;Brand";v="24"',
  'sec-ch-ua-mobile': '?0',
  accept: '*/*',
  origin: 'http://localhost:5173',
  'sec-fetch-site': 'same-site',
  'sec-fetch-mode': 'cors',
  'sec-fetch-dest': 'empty',
  referer: 'http://localhost:5173/',
  'accept-encoding': 'gzip, deflate, br, zstd',
  'accept-language': 'en-US,en;q=0.9',
  'if-none-match': 'W/"ca-QJF0w7qlz04EAzx1xFYNEdw+FyY"'
}
Bearer eyJhbGciOiJIUzI1NiIsInR5cCI6IkpXVCJ9.eyJpZCI6IjZhNGZjZDBhMjgxYzBiOTVjMmFkODEyOCIsInJvbGUiOiJ1c2VyIiwiaWF0IjoxNzgzNzAwNjA0LCJleHAiOjE3ODM3MDE1MDR9.rJF917uZ0wtbwAQW5GHgwnFYGjfILUW-VV1ZyFXjEFc
{
  host: 'localhost:3000',
  connection: 'keep-alive',
  'sec-ch-ua-platform': '"Windows"',
  authorization: 'Bearer eyJhbGciOiJIUzI1NiIsInR5cCI6IkpXVCJ9.eyJpZCI6IjZhNGZjZDBhMjgxYzBiOTVjMmFkODEyOCIsInJvbGUiOiJ1c2VyIiwiaWF0IjoxNzgzNzAwNjA0LCJleHAiOjE3ODM3MDE1MDR9.rJF917uZ0wtbwAQW5GHgwnFYGjfILUW-VV1ZyFXjEFc',
  'user-agent': 'Mozilla/5.0 (Windows NT 10.0; Win64; x64) AppleWebKit/537.36 (KHTML, like Gecko) Chrome/149.0.0.0 Safari/537.36',
  'sec-ch-ua': '"Google Chrome";v="149", "Chromium";v="149", "Not)A;Brand";v="24"',
  'sec-ch-ua-mobile': '?0',
  accept: '*/*',
  origin: 'http://localhost:5173',
  'sec-fetch-site': 'same-site',
  'sec-fetch-mode': 'cors',
  'sec-fetch-dest': 'empty',
  referer: 'http://localhost:5173/',
  'accept-encoding': 'gzip, deflate, br, zstd',
  'accept-language': 'en-US,en;q=0.9',
  'if-none-match': 'W/"3a2-KLjU8TLy4MsByHd4DaeWIiXX9Uc"'
}
Bearer eyJhbGciOiJIUzI1NiIsInR5cCI6IkpXVCJ9.eyJpZCI6IjZhNGZjZDBhMjgxYzBiOTVjMmFkODEyOCIsInJvbGUiOiJ1c2VyIiwiaWF0IjoxNzgzNzAwNjA0LCJleHAiOjE3ODM3MDE1MDR9.rJF917uZ0wtbwAQW5GHgwnFYGjfILUW-VV1ZyFXjEFc
{
  host: 'localhost:3000',
  connection: 'keep-alive',
  'sec-ch-ua-platform': '"Windows"',
  authorization: 'Bearer eyJhbGciOiJIUzI1NiIsInR5cCI6IkpXVCJ9.eyJpZCI6IjZhNGZjZDBhMjgxYzBiOTVjMmFkODEyOCIsInJvbGUiOiJ1c2VyIiwiaWF0IjoxNzgzNzAwNjA0LCJleHAiOjE3ODM3MDE1MDR9.rJF917uZ0wtbwAQW5GHgwnFYGjfILUW-VV1ZyFXjEFc',
  'user-agent': 'Mozilla/5.0 (Windows NT 10.0; Win64; x64) AppleWebKit/537.36 (KHTML, like Gecko) Chrome/149.0.0.0 Safari/537.36',
  'sec-ch-ua': '"Google Chrome";v="149", "Chromium";v="149", "Not)A;Brand";v="24"',
  'sec-ch-ua-mobile': '?0',
  accept: '*/*',
  origin: 'http://localhost:5173',
  'sec-fetch-site': 'same-site',
  'sec-fetch-mode': 'cors',
  'sec-fetch-dest': 'empty',
  referer: 'http://localhost:5173/',
  'accept-encoding': 'gzip, deflate, br, zstd',
  'accept-language': 'en-US,en;q=0.9',
  'if-none-match': 'W/"9ed-Ev4NIaDJVbIdt0MhTtHenfk+aNs"'
}
Bearer eyJhbGciOiJIUzI1NiIsInR5cCI6IkpXVCJ9.eyJpZCI6IjZhNGZjZDBhMjgxYzBiOTVjMmFkODEyOCIsInJvbGUiOiJ1c2VyIiwiaWF0IjoxNzgzNzAwNjA0LCJleHAiOjE3ODM3MDE1MDR9.rJF917uZ0wtbwAQW5GHgwnFYGjfILUW-VV1ZyFXjEFc
{
  host: 'localhost:3000',
  connection: 'keep-alive',
  'sec-ch-ua-platform': '"Windows"',
  authorization: 'Bearer eyJhbGciOiJIUzI1NiIsInR5cCI6IkpXVCJ9.eyJpZCI6IjZhNGZjZDBhMjgxYzBiOTVjMmFkODEyOCIsInJvbGUiOiJ1c2VyIiwiaWF0IjoxNzgzNzAwNjA0LCJleHAiOjE3ODM3MDE1MDR9.rJF917uZ0wtbwAQW5GHgwnFYGjfILUW-VV1ZyFXjEFc',
  'user-agent': 'Mozilla/5.0 (Windows NT 10.0; Win64; x64) AppleWebKit/537.36 (KHTML, like Gecko) Chrome/149.0.0.0 Safari/537.36',
  'sec-ch-ua': '"Google Chrome";v="149", "Chromium";v="149", "Not)A;Brand";v="24"',
  'sec-ch-ua-mobile': '?0',
  accept: '*/*',
  origin: 'http://localhost:5173',
  'sec-fetch-site': 'same-site',
  'sec-fetch-mode': 'cors',
  'sec-fetch-dest': 'empty',
  referer: 'http://localhost:5173/',
  'accept-encoding': 'gzip, deflate, br, zstd',
  'accept-language': 'en-US,en;q=0.9',
  'if-none-match': 'W/"ec2-9XvYo7pA0lwJmkQEs+Xa3B/SMbg"'
}
Bearer eyJhbGciOiJIUzI1NiIsInR5cCI6IkpXVCJ9.eyJpZCI6IjZhNGZjZDBhMjgxYzBiOTVjMmFkODEyOCIsInJvbGUiOiJ1c2VyIiwiaWF0IjoxNzgzNzAwNjA0LCJleHAiOjE3ODM3MDE1MDR9.rJF917uZ0wtbwAQW5GHgwnFYGjfILUW-VV1ZyFXjEFc
{
  host: 'localhost:3000',
  connection: 'keep-alive',
  'sec-ch-ua-platform': '"Windows"',
  authorization: 'Bearer eyJhbGciOiJIUzI1NiIsInR5cCI6IkpXVCJ9.eyJpZCI6IjZhNGZjZDBhMjgxYzBiOTVjMmFkODEyOCIsInJvbGUiOiJ1c2VyIiwiaWF0IjoxNzgzNzAwNjA0LCJleHAiOjE3ODM3MDE1MDR9.rJF917uZ0wtbwAQW5GHgwnFYGjfILUW-VV1ZyFXjEFc',
  'user-agent': 'Mozilla/5.0 (Windows NT 10.0; Win64; x64) AppleWebKit/537.36 (KHTML, like Gecko) Chrome/149.0.0.0 Safari/537.36',
  'sec-ch-ua': '"Google Chrome";v="149", "Chromium";v="149", "Not)A;Brand";v="24"',
  'sec-ch-ua-mobile': '?0',
  accept: '*/*',
  origin: 'http://localhost:5173',
  'sec-fetch-site': 'same-site',
  'sec-fetch-mode': 'cors',
  'sec-fetch-dest': 'empty',
  referer: 'http://localhost:5173/',
  'accept-encoding': 'gzip, deflate, br, zstd',
  'accept-language': 'en-US,en;q=0.9',
  'if-none-match': 'W/"3a2-KLjU8TLy4MsByHd4DaeWIiXX9Uc"'
}
Bearer eyJhbGciOiJIUzI1NiIsInR5cCI6IkpXVCJ9.eyJpZCI6IjZhNGZjZDBhMjgxYzBiOTVjMmFkODEyOCIsInJvbGUiOiJ1c2VyIiwiaWF0IjoxNzgzNzAwNjA0LCJleHAiOjE3ODM3MDE1MDR9.rJF917uZ0wtbwAQW5GHgwnFYGjfILUW-VV1ZyFXjEFc
{
  host: 'localhost:3000',
  connection: 'keep-alive',
  'sec-ch-ua-platform': '"Windows"',
  authorization: 'Bearer eyJhbGciOiJIUzI1NiIsInR5cCI6IkpXVCJ9.eyJpZCI6IjZhNGZjZDBhMjgxYzBiOTVjMmFkODEyOCIsInJvbGUiOiJ1c2VyIiwiaWF0IjoxNzgzNzAwNjA0LCJleHAiOjE3ODM3MDE1MDR9.rJF917uZ0wtbwAQW5GHgwnFYGjfILUW-VV1ZyFXjEFc',
  'user-agent': 'Mozilla/5.0 (Windows NT 10.0; Win64; x64) AppleWebKit/537.36 (KHTML, like Gecko) Chrome/149.0.0.0 Safari/537.36',
  'sec-ch-ua': '"Google Chrome";v="149", "Chromium";v="149", "Not)A;Brand";v="24"',
  'sec-ch-ua-mobile': '?0',
  accept: '*/*',
  origin: 'http://localhost:5173',
  'sec-fetch-site': 'same-site',
  'sec-fetch-mode': 'cors',
  'sec-fetch-dest': 'empty',
  referer: 'http://localhost:5173/',
  'accept-encoding': 'gzip, deflate, br, zstd',
  'accept-language': 'en-US,en;q=0.9',
  'if-none-match': 'W/"ca-QJF0w7qlz04EAzx1xFYNEdw+FyY"'
}
Bearer eyJhbGciOiJIUzI1NiIsInR5cCI6IkpXVCJ9.eyJpZCI6IjZhNGZjZDBhMjgxYzBiOTVjMmFkODEyOCIsInJvbGUiOiJ1c2VyIiwiaWF0IjoxNzgzNzAwNjA0LCJleHAiOjE3ODM3MDE1MDR9.rJF917uZ0wtbwAQW5GHgwnFYGjfILUW-VV1ZyFXjEFc
{
  host: 'localhost:3000',
  connection: 'keep-alive',
  'sec-ch-ua-platform': '"Windows"',
  authorization: 'Bearer eyJhbGciOiJIUzI1NiIsInR5cCI6IkpXVCJ9.eyJpZCI6IjZhNGZjZDBhMjgxYzBiOTVjMmFkODEyOCIsInJvbGUiOiJ1c2VyIiwiaWF0IjoxNzgzNzAwNjA0LCJleHAiOjE3ODM3MDE1MDR9.rJF917uZ0wtbwAQW5GHgwnFYGjfILUW-VV1ZyFXjEFc',
  'user-agent': 'Mozilla/5.0 (Windows NT 10.0; Win64; x64) AppleWebKit/537.36 (KHTML, like Gecko) Chrome/149.0.0.0 Safari/537.36',
  'sec-ch-ua': '"Google Chrome";v="149", "Chromium";v="149", "Not)A;Brand";v="24"',
  'sec-ch-ua-mobile': '?0',
  accept: '*/*',
  origin: 'http://localhost:5173',
  'sec-fetch-site': 'same-site',
  'sec-fetch-mode': 'cors',
  'sec-fetch-dest': 'empty',
  referer: 'http://localhost:5173/',
  'accept-encoding': 'gzip, deflate, br, zstd',
  'accept-language': 'en-US,en;q=0.9',
  'if-none-match': 'W/"ca-QJF0w7qlz04EAzx1xFYNEdw+FyY"'
}
Bearer eyJhbGciOiJIUzI1NiIsInR5cCI6IkpXVCJ9.eyJpZCI6IjZhNGZjZDBhMjgxYzBiOTVjMmFkODEyOCIsInJvbGUiOiJ1c2VyIiwiaWF0IjoxNzgzNzAwNjA0LCJleHAiOjE3ODM3MDE1MDR9.rJF917uZ0wtbwAQW5GHgwnFYGjfILUW-VV1ZyFXjEFc
{
  host: 'localhost:3000',
  connection: 'keep-alive',
  'sec-ch-ua-platform': '"Windows"',
  authorization: 'Bearer eyJhbGciOiJIUzI1NiIsInR5cCI6IkpXVCJ9.eyJpZCI6IjZhNGZjZDBhMjgxYzBiOTVjMmFkODEyOCIsInJvbGUiOiJ1c2VyIiwiaWF0IjoxNzgzNzAwNjA0LCJleHAiOjE3ODM3MDE1MDR9.rJF917uZ0wtbwAQW5GHgwnFYGjfILUW-VV1ZyFXjEFc',
  'user-agent': 'Mozilla/5.0 (Windows NT 10.0; Win64; x64) AppleWebKit/537.36 (KHTML, like Gecko) Chrome/149.0.0.0 Safari/537.36',
  'sec-ch-ua': '"Google Chrome";v="149", "Chromium";v="149", "Not)A;Brand";v="24"',
  'sec-ch-ua-mobile': '?0',
  accept: '*/*',
  origin: 'http://localhost:5173',
  'sec-fetch-site': 'same-site',
  'sec-fetch-mode': 'cors',
  'sec-fetch-dest': 'empty',
  referer: 'http://localhost:5173/',
  'accept-encoding': 'gzip, deflate, br, zstd',
  'accept-language': 'en-US,en;q=0.9',
  'if-none-match': 'W/"3a2-KLjU8TLy4MsByHd4DaeWIiXX9Uc"'
}
Bearer eyJhbGciOiJIUzI1NiIsInR5cCI6IkpXVCJ9.eyJpZCI6IjZhNGZjZDBhMjgxYzBiOTVjMmFkODEyOCIsInJvbGUiOiJ1c2VyIiwiaWF0IjoxNzgzNzAwNjA0LCJleHAiOjE3ODM3MDE1MDR9.rJF917uZ0wtbwAQW5GHgwnFYGjfILUW-VV1ZyFXjEFc
{
  host: 'localhost:3000',
  connection: 'keep-alive',
  'sec-ch-ua-platform': '"Windows"',
  authorization: 'Bearer eyJhbGciOiJIUzI1NiIsInR5cCI6IkpXVCJ9.eyJpZCI6IjZhNGZkNTQ2NDQwMjVkMWU5YzlkODIzMSIsInJvbGUiOiJhZG1pbiIsImlhdCI6MTc4MzcwMDYzNywiZXhwIjoxNzgzNzAxNTM3fQ.ulWF6tRqbQ3pUYwDA6v4COIPH3_8o1HbvY3RQy5ynbo',
  'user-agent': 'Mozilla/5.0 (Windows NT 10.0; Win64; x64) AppleWebKit/537.36 (KHTML, like Gecko) Chrome/149.0.0.0 Safari/537.36',
  'sec-ch-ua': '"Google Chrome";v="149", "Chromium";v="149", "Not)A;Brand";v="24"',
  'sec-ch-ua-mobile': '?0',
  accept: '*/*',
  origin: 'http://localhost:5173',
  'sec-fetch-site': 'same-site',
  'sec-fetch-mode': 'cors',
  'sec-fetch-dest': 'empty',
  referer: 'http://localhost:5173/',
  'accept-encoding': 'gzip, deflate, br, zstd',
  'accept-language': 'en-US,en;q=0.9',
  'if-none-match': 'W/"3a2-KLjU8TLy4MsByHd4DaeWIiXX9Uc"'
}
Bearer eyJhbGciOiJIUzI1NiIsInR5cCI6IkpXVCJ9.eyJpZCI6IjZhNGZkNTQ2NDQwMjVkMWU5YzlkODIzMSIsInJvbGUiOiJhZG1pbiIsImlhdCI6MTc4MzcwMDYzNywiZXhwIjoxNzgzNzAxNTM3fQ.ulWF6tRqbQ3pUYwDA6v4COIPH3_8o1HbvY3RQy5ynbo
{
  host: 'localhost:3000',
  connection: 'keep-alive',
  'sec-ch-ua-platform': '"Windows"',
  authorization: 'Bearer eyJhbGciOiJIUzI1NiIsInR5cCI6IkpXVCJ9.eyJpZCI6IjZhNGZkNTQ2NDQwMjVkMWU5YzlkODIzMSIsInJvbGUiOiJhZG1pbiIsImlhdCI6MTc4MzcwMDYzNywiZXhwIjoxNzgzNzAxNTM3fQ.ulWF6tRqbQ3pUYwDA6v4COIPH3_8o1HbvY3RQy5ynbo',
  'user-agent': 'Mozilla/5.0 (Windows NT 10.0; Win64; x64) AppleWebKit/537.36 (KHTML, like Gecko) Chrome/149.0.0.0 Safari/537.36',
  'sec-ch-ua': '"Google Chrome";v="149", "Chromium";v="149", "Not)A;Brand";v="24"',
  'sec-ch-ua-mobile': '?0',
  accept: '*/*',
  origin: 'http://localhost:5173',
  'sec-fetch-site': 'same-site',
  'sec-fetch-mode': 'cors',
  'sec-fetch-dest': 'empty',
  referer: 'http://localhost:5173/',
  'accept-encoding': 'gzip, deflate, br, zstd',
  'accept-language': 'en-US,en;q=0.9',
  'if-none-match': 'W/"ca-QJF0w7qlz04EAzx1xFYNEdw+FyY"'
}
Bearer eyJhbGciOiJIUzI1NiIsInR5cCI6IkpXVCJ9.eyJpZCI6IjZhNGZkNTQ2NDQwMjVkMWU5YzlkODIzMSIsInJvbGUiOiJhZG1pbiIsImlhdCI6MTc4MzcwMDYzNywiZXhwIjoxNzgzNzAxNTM3fQ.ulWF6tRqbQ3pUYwDA6v4COIPH3_8o1HbvY3RQy5ynbo
{
  host: 'localhost:3000',
  connection: 'keep-alive',
  'sec-ch-ua-platform': '"Windows"',
  authorization: 'Bearer eyJhbGciOiJIUzI1NiIsInR5cCI6IkpXVCJ9.eyJpZCI6IjZhNGZkNTQ2NDQwMjVkMWU5YzlkODIzMSIsInJvbGUiOiJhZG1pbiIsImlhdCI6MTc4MzcwMDYzNywiZXhwIjoxNzgzNzAxNTM3fQ.ulWF6tRqbQ3pUYwDA6v4COIPH3_8o1HbvY3RQy5ynbo',
  'user-agent': 'Mozilla/5.0 (Windows NT 10.0; Win64; x64) AppleWebKit/537.36 (KHTML, like Gecko) Chrome/149.0.0.0 Safari/537.36',
  'sec-ch-ua': '"Google Chrome";v="149", "Chromium";v="149", "Not)A;Brand";v="24"',
  'sec-ch-ua-mobile': '?0',
  accept: '*/*',
  origin: 'http://localhost:5173',
  'sec-fetch-site': 'same-site',
  'sec-fetch-mode': 'cors',
  'sec-fetch-dest': 'empty',
  referer: 'http://localhost:5173/',
  'accept-encoding': 'gzip, deflate, br, zstd',
  'accept-language': 'en-US,en;q=0.9',
  'if-none-match': 'W/"1565-jPLumpHyVzVdYVNzMHvBChqTyeM"'
}
Bearer eyJhbGciOiJIUzI1NiIsInR5cCI6IkpXVCJ9.eyJpZCI6IjZhNGZkNTQ2NDQwMjVkMWU5YzlkODIzMSIsInJvbGUiOiJhZG1pbiIsImlhdCI6MTc4MzcwMDYzNywiZXhwIjoxNzgzNzAxNTM3fQ.ulWF6tRqbQ3pUYwDA6v4COIPH3_8o1HbvY3RQy5ynbo
admin
{
  host: 'localhost:3000',
  connection: 'keep-alive',
  'sec-ch-ua-platform': '"Windows"',
  authorization: 'Bearer eyJhbGciOiJIUzI1NiIsInR5cCI6IkpXVCJ9.eyJpZCI6IjZhNGZkNTQ2NDQwMjVkMWU5YzlkODIzMSIsInJvbGUiOiJhZG1pbiIsImlhdCI6MTc4MzcwMDYzNywiZXhwIjoxNzgzNzAxNTM3fQ.ulWF6tRqbQ3pUYwDA6v4COIPH3_8o1HbvY3RQy5ynbo',
  'user-agent': 'Mozilla/5.0 (Windows NT 10.0; Win64; x64) AppleWebKit/537.36 (KHTML, like Gecko) Chrome/149.0.0.0 Safari/537.36',
  'sec-ch-ua': '"Google Chrome";v="149", "Chromium";v="149", "Not)A;Brand";v="24"',
  'sec-ch-ua-mobile': '?0',
  accept: '*/*',
  origin: 'http://localhost:5173',
  'sec-fetch-site': 'same-site',
  'sec-fetch-mode': 'cors',
  'sec-fetch-dest': 'empty',
  referer: 'http://localhost:5173/',
  'accept-encoding': 'gzip, deflate, br, zstd',
  'accept-language': 'en-US,en;q=0.9',
  'if-none-match': 'W/"1565-jPLumpHyVzVdYVNzMHvBChqTyeM"'
}
Bearer eyJhbGciOiJIUzI1NiIsInR5cCI6IkpXVCJ9.eyJpZCI6IjZhNGZkNTQ2NDQwMjVkMWU5YzlkODIzMSIsInJvbGUiOiJhZG1pbiIsImlhdCI6MTc4MzcwMDYzNywiZXhwIjoxNzgzNzAxNTM3fQ.ulWF6tRqbQ3pUYwDA6v4COIPH3_8o1HbvY3RQy5ynbo
admin
{
  host: 'localhost:3000',
  connection: 'keep-alive',
  'sec-ch-ua-platform': '"Windows"',
  authorization: 'Bearer eyJhbGciOiJIUzI1NiIsInR5cCI6IkpXVCJ9.eyJpZCI6IjZhNGZkNTQ2NDQwMjVkMWU5YzlkODIzMSIsInJvbGUiOiJhZG1pbiIsImlhdCI6MTc4MzcwMDg4OSwiZXhwIjoxNzgzNzAxNzg5fQ.nXQxMPXNUOe1FWpSnyrXHapGBva8t1hw6ZrBt24k68o',
  'user-agent': 'Mozilla/5.0 (Windows NT 10.0; Win64; x64) AppleWebKit/537.36 (KHTML, like Gecko) Chrome/149.0.0.0 Safari/537.36',
  'sec-ch-ua': '"Google Chrome";v="149", "Chromium";v="149", "Not)A;Brand";v="24"',
  'sec-ch-ua-mobile': '?0',
  accept: '*/*',
  origin: 'http://localhost:5173',
  'sec-fetch-site': 'same-site',
  'sec-fetch-mode': 'cors',
  'sec-fetch-dest': 'empty',
  referer: 'http://localhost:5173/',
  'accept-encoding': 'gzip, deflate, br, zstd',
  'accept-language': 'en-US,en;q=0.9',
  'if-none-match': 'W/"d7-Y0+hoRws0KIMm41NFiVinhgx/ps"'
}
Bearer eyJhbGciOiJIUzI1NiIsInR5cCI6IkpXVCJ9.eyJpZCI6IjZhNGZkNTQ2NDQwMjVkMWU5YzlkODIzMSIsInJvbGUiOiJhZG1pbiIsImlhdCI6MTc4MzcwMDg4OSwiZXhwIjoxNzgzNzAxNzg5fQ.nXQxMPXNUOe1FWpSnyrXHapGBva8t1hw6ZrBt24k68o
{
  host: 'localhost:3000',
  connection: 'keep-alive',
  'sec-ch-ua-platform': '"Windows"',
  authorization: 'Bearer eyJhbGciOiJIUzI1NiIsInR5cCI6IkpXVCJ9.eyJpZCI6IjZhNGZkNTQ2NDQwMjVkMWU5YzlkODIzMSIsInJvbGUiOiJhZG1pbiIsImlhdCI6MTc4MzcwMDg4OSwiZXhwIjoxNzgzNzAxNzg5fQ.nXQxMPXNUOe1FWpSnyrXHapGBva8t1hw6ZrBt24k68o',
  'user-agent': 'Mozilla/5.0 (Windows NT 10.0; Win64; x64) AppleWebKit/537.36 (KHTML, like Gecko) Chrome/149.0.0.0 Safari/537.36',
  'sec-ch-ua': '"Google Chrome";v="149", "Chromium";v="149", "Not)A;Brand";v="24"',
  'sec-ch-ua-mobile': '?0',
  accept: '*/*',
  origin: 'http://localhost:5173',
  'sec-fetch-site': 'same-site',
  'sec-fetch-mode': 'cors',
  'sec-fetch-dest': 'empty',
  referer: 'http://localhost:5173/',
  'accept-encoding': 'gzip, deflate, br, zstd',
  'accept-language': 'en-US,en;q=0.9',
  'if-none-match': 'W/"cb-zbkJMFORwaV0I3joPCu3LGgZqo8"'
}
Bearer eyJhbGciOiJIUzI1NiIsInR5cCI6IkpXVCJ9.eyJpZCI6IjZhNGZkNTQ2NDQwMjVkMWU5YzlkODIzMSIsInJvbGUiOiJhZG1pbiIsImlhdCI6MTc4MzcwMDg4OSwiZXhwIjoxNzgzNzAxNzg5fQ.nXQxMPXNUOe1FWpSnyrXHapGBva8t1hw6ZrBt24k68o
{
  host: 'localhost:3000',
  connection: 'keep-alive',
  'sec-ch-ua-platform': '"Windows"',
  authorization: 'Bearer eyJhbGciOiJIUzI1NiIsInR5cCI6IkpXVCJ9.eyJpZCI6IjZhNGZkNTQ2NDQwMjVkMWU5YzlkODIzMSIsInJvbGUiOiJhZG1pbiIsImlhdCI6MTc4MzcwMDg4OSwiZXhwIjoxNzgzNzAxNzg5fQ.nXQxMPXNUOe1FWpSnyrXHapGBva8t1hw6ZrBt24k68o',
  'user-agent': 'Mozilla/5.0 (Windows NT 10.0; Win64; x64) AppleWebKit/537.36 (KHTML, like Gecko) Chrome/149.0.0.0 Safari/537.36',
  'sec-ch-ua': '"Google Chrome";v="149", "Chromium";v="149", "Not)A;Brand";v="24"',
  'sec-ch-ua-mobile': '?0',
  accept: '*/*',
  origin: 'http://localhost:5173',
  'sec-fetch-site': 'same-site',
  'sec-fetch-mode': 'cors',
  'sec-fetch-dest': 'empty',
  referer: 'http://localhost:5173/',
  'accept-encoding': 'gzip, deflate, br, zstd',
  'accept-language': 'en-US,en;q=0.9',
  'if-none-match': 'W/"1565-jPLumpHyVzVdYVNzMHvBChqTyeM"'
}
Bearer eyJhbGciOiJIUzI1NiIsInR5cCI6IkpXVCJ9.eyJpZCI6IjZhNGZkNTQ2NDQwMjVkMWU5YzlkODIzMSIsInJvbGUiOiJhZG1pbiIsImlhdCI6MTc4MzcwMDg4OSwiZXhwIjoxNzgzNzAxNzg5fQ.nXQxMPXNUOe1FWpSnyrXHapGBva8t1hw6ZrBt24k68o
admin
admin
{
  host: 'localhost:3000',
  connection: 'keep-alive',
  'sec-ch-ua-platform': '"Windows"',
  authorization: 'Bearer eyJhbGciOiJIUzI1NiIsInR5cCI6IkpXVCJ9.eyJpZCI6IjZhNGZkNTQ2NDQwMjVkMWU5YzlkODIzMSIsInJvbGUiOiJhZG1pbiIsImlhdCI6MTc4MzcwMDg4OSwiZXhwIjoxNzgzNzAxNzg5fQ.nXQxMPXNUOe1FWpSnyrXHapGBva8t1hw6ZrBt24k68o',
  'user-agent': 'Mozilla/5.0 (Windows NT 10.0; Win64; x64) AppleWebKit/537.36 (KHTML, like Gecko) Chrome/149.0.0.0 Safari/537.36',
  'sec-ch-ua': '"Google Chrome";v="149", "Chromium";v="149", "Not)A;Brand";v="24"',
  'sec-ch-ua-mobile': '?0',
  accept: '*/*',
  origin: 'http://localhost:5173',
  'sec-fetch-site': 'same-site',
  'sec-fetch-mode': 'cors',
  'sec-fetch-dest': 'empty',
  referer: 'http://localhost:5173/',
  'accept-encoding': 'gzip, deflate, br, zstd',
  'accept-language': 'en-US,en;q=0.9',
  'if-none-match': 'W/"1565-jPLumpHyVzVdYVNzMHvBChqTyeM"'
}
Bearer eyJhbGciOiJIUzI1NiIsInR5cCI6IkpXVCJ9.eyJpZCI6IjZhNGZkNTQ2NDQwMjVkMWU5YzlkODIzMSIsInJvbGUiOiJhZG1pbiIsImlhdCI6MTc4MzcwMDg4OSwiZXhwIjoxNzgzNzAxNzg5fQ.nXQxMPXNUOe1FWpSnyrXHapGBva8t1hw6ZrBt24k68o
admin
admin
[32m[nodemon] restarting due to changes...[39m
[32m[nodemon] restarting due to changes...[39m
[32m[nodemon] restarting due to changes...[39m
[32m[nodemon] restarting due to changes...[39m
[32m[nodemon] restarting due to changes...[39m
[32m[nodemon] starting `node src/index.js`[39m
◇ injected env (16) from .env // tip: ◈ secrets for agents [www.dotenvx.com]
◇ injected env (0) from .env // tip: ⌘ override existing { override: true }
✅ Supabase client created
◇ injected env (0) from .env // tip: ⌘ suppress logs { quiet: true }
◇ injected env (0) from .env // tip: ◈ encrypted .env [www.dotenvx.com]
◇ injected env (0) from .env // tip: ◈ encrypted .env [www.dotenvx.com]
◇ injected env (0) from .env // tip: ◈ encrypted .env [www.dotenvx.com]
◇ injected env (0) from .env // tip: ⌘ custom filepath { path: '/custom/path/.env' }
✅ MongoDB Connected
Server is running on port 3000
{
  host: 'localhost:3000',
  connection: 'keep-alive',
  'sec-ch-ua-platform': '"Windows"',
  authorization: 'Bearer eyJhbGciOiJIUzI1NiIsInR5cCI6IkpXVCJ9.eyJpZCI6IjZhNGZkNTQ2NDQwMjVkMWU5YzlkODIzMSIsInJvbGUiOiJhZG1pbiIsImlhdCI6MTc4MzcwMDg4OSwiZXhwIjoxNzgzNzAxNzg5fQ.nXQxMPXNUOe1FWpSnyrXHapGBva8t1hw6ZrBt24k68o',
  'user-agent': 'Mozilla/5.0 (Windows NT 10.0; Win64; x64) AppleWebKit/537.36 (KHTML, like Gecko) Chrome/149.0.0.0 Safari/537.36',
  'sec-ch-ua': '"Google Chrome";v="149", "Chromium";v="149", "Not)A;Brand";v="24"',
  'sec-ch-ua-mobile': '?0',
  accept: '*/*',
  origin: 'http://localhost:5173',
  'sec-fetch-site': 'same-site',
  'sec-fetch-mode': 'cors',
  'sec-fetch-dest': 'empty',
  referer: 'http://localhost:5173/',
  'accept-encoding': 'gzip, deflate, br, zstd',
  'accept-language': 'en-US,en;q=0.9',
  'if-none-match': 'W/"d7-Y0+hoRws0KIMm41NFiVinhgx/ps"'
}
Bearer eyJhbGciOiJIUzI1NiIsInR5cCI6IkpXVCJ9.eyJpZCI6IjZhNGZkNTQ2NDQwMjVkMWU5YzlkODIzMSIsInJvbGUiOiJhZG1pbiIsImlhdCI6MTc4MzcwMDg4OSwiZXhwIjoxNzgzNzAxNzg5fQ.nXQxMPXNUOe1FWpSnyrXHapGBva8t1hw6ZrBt24k68o
{
  host: 'localhost:3000',
  connection: 'keep-alive',
  'sec-ch-ua-platform': '"Windows"',
  authorization: 'Bearer eyJhbGciOiJIUzI1NiIsInR5cCI6IkpXVCJ9.eyJpZCI6IjZhNGZkNTQ2NDQwMjVkMWU5YzlkODIzMSIsInJvbGUiOiJhZG1pbiIsImlhdCI6MTc4MzcwMDg4OSwiZXhwIjoxNzgzNzAxNzg5fQ.nXQxMPXNUOe1FWpSnyrXHapGBva8t1hw6ZrBt24k68o',
  'user-agent': 'Mozilla/5.0 (Windows NT 10.0; Win64; x64) AppleWebKit/537.36 (KHTML, like Gecko) Chrome/149.0.0.0 Safari/537.36',
  'sec-ch-ua': '"Google Chrome";v="149", "Chromium";v="149", "Not)A;Brand";v="24"',
  'sec-ch-ua-mobile': '?0',
  accept: '*/*',
  origin: 'http://localhost:5173',
  'sec-fetch-site': 'same-site',
  'sec-fetch-mode': 'cors',
  'sec-fetch-dest': 'empty',
  referer: 'http://localhost:5173/',
  'accept-encoding': 'gzip, deflate, br, zstd',
  'accept-language': 'en-US,en;q=0.9',
  'if-none-match': 'W/"cb-zbkJMFORwaV0I3joPCu3LGgZqo8"'
}
Bearer eyJhbGciOiJIUzI1NiIsInR5cCI6IkpXVCJ9.eyJpZCI6IjZhNGZkNTQ2NDQwMjVkMWU5YzlkODIzMSIsInJvbGUiOiJhZG1pbiIsImlhdCI6MTc4MzcwMDg4OSwiZXhwIjoxNzgzNzAxNzg5fQ.nXQxMPXNUOe1FWpSnyrXHapGBva8t1hw6ZrBt24k68o
{
  host: 'localhost:3000',
  connection: 'keep-alive',
  'sec-ch-ua-platform': '"Windows"',
  authorization: 'Bearer eyJhbGciOiJIUzI1NiIsInR5cCI6IkpXVCJ9.eyJpZCI6IjZhNGZkNTQ2NDQwMjVkMWU5YzlkODIzMSIsInJvbGUiOiJhZG1pbiIsImlhdCI6MTc4MzcwMDg4OSwiZXhwIjoxNzgzNzAxNzg5fQ.nXQxMPXNUOe1FWpSnyrXHapGBva8t1hw6ZrBt24k68o',
  'user-agent': 'Mozilla/5.0 (Windows NT 10.0; Win64; x64) AppleWebKit/537.36 (KHTML, like Gecko) Chrome/149.0.0.0 Safari/537.36',
  'sec-ch-ua': '"Google Chrome";v="149", "Chromium";v="149", "Not)A;Brand";v="24"',
  'sec-ch-ua-mobile': '?0',
  accept: '*/*',
  origin: 'http://localhost:5173',
  'sec-fetch-site': 'same-site',
  'sec-fetch-mode': 'cors',
  'sec-fetch-dest': 'empty',
  referer: 'http://localhost:5173/',
  'accept-encoding': 'gzip, deflate, br, zstd',
  'accept-language': 'en-US,en;q=0.9',
  'if-none-match': 'W/"d7-Y0+hoRws0KIMm41NFiVinhgx/ps"'
}
Bearer eyJhbGciOiJIUzI1NiIsInR5cCI6IkpXVCJ9.eyJpZCI6IjZhNGZkNTQ2NDQwMjVkMWU5YzlkODIzMSIsInJvbGUiOiJhZG1pbiIsImlhdCI6MTc4MzcwMDg4OSwiZXhwIjoxNzgzNzAxNzg5fQ.nXQxMPXNUOe1FWpSnyrXHapGBva8t1hw6ZrBt24k68o
{
  host: 'localhost:3000',
  connection: 'keep-alive',
  'sec-ch-ua-platform': '"Windows"',
  authorization: 'Bearer eyJhbGciOiJIUzI1NiIsInR5cCI6IkpXVCJ9.eyJpZCI6IjZhNGZkNTQ2NDQwMjVkMWU5YzlkODIzMSIsInJvbGUiOiJhZG1pbiIsImlhdCI6MTc4MzcwMDg4OSwiZXhwIjoxNzgzNzAxNzg5fQ.nXQxMPXNUOe1FWpSnyrXHapGBva8t1hw6ZrBt24k68o',
  'user-agent': 'Mozilla/5.0 (Windows NT 10.0; Win64; x64) AppleWebKit/537.36 (KHTML, like Gecko) Chrome/149.0.0.0 Safari/537.36',
  'sec-ch-ua': '"Google Chrome";v="149", "Chromium";v="149", "Not)A;Brand";v="24"',
  'sec-ch-ua-mobile': '?0',
  accept: '*/*',
  origin: 'http://localhost:5173',
  'sec-fetch-site': 'same-site',
  'sec-fetch-mode': 'cors',
  'sec-fetch-dest': 'empty',
  referer: 'http://localhost:5173/',
  'accept-encoding': 'gzip, deflate, br, zstd',
  'accept-language': 'en-US,en;q=0.9',
  'if-none-match': 'W/"cb-zbkJMFORwaV0I3joPCu3LGgZqo8"'
}
Bearer eyJhbGciOiJIUzI1NiIsInR5cCI6IkpXVCJ9.eyJpZCI6IjZhNGZkNTQ2NDQwMjVkMWU5YzlkODIzMSIsInJvbGUiOiJhZG1pbiIsImlhdCI6MTc4MzcwMDg4OSwiZXhwIjoxNzgzNzAxNzg5fQ.nXQxMPXNUOe1FWpSnyrXHapGBva8t1hw6ZrBt24k68o
[32m[nodemon] restarting due to changes...[39m
[32m[nodemon] starting `node src/index.js`[39m
◇ injected env (16) from .env // tip: ⌁ auth for agents [www.vestauth.com]
◇ injected env (0) from .env // tip: ⌘ override existing { override: true }
✅ Supabase client created
◇ injected env (0) from .env // tip: ⌘ override existing { override: true }
◇ injected env (0) from .env // tip: ◈ encrypted .env [www.dotenvx.com]
◇ injected env (0) from .env // tip: ⌘ enable debugging { debug: true }
◇ injected env (0) from .env // tip: ⌘ suppress logs { quiet: true }
◇ injected env (0) from .env // tip: ⌘ suppress logs { quiet: true }
✅ MongoDB Connected
Server is running on port 3000
{
  host: 'localhost:3000',
  connection: 'keep-alive',
  'sec-ch-ua-platform': '"Windows"',
  authorization: 'Bearer eyJhbGciOiJIUzI1NiIsInR5cCI6IkpXVCJ9.eyJpZCI6IjZhNGZkNTQ2NDQwMjVkMWU5YzlkODIzMSIsInJvbGUiOiJhZG1pbiIsImlhdCI6MTc4MzcwMDg4OSwiZXhwIjoxNzgzNzAxNzg5fQ.nXQxMPXNUOe1FWpSnyrXHapGBva8t1hw6ZrBt24k68o',
  'user-agent': 'Mozilla/5.0 (Windows NT 10.0; Win64; x64) AppleWebKit/537.36 (KHTML, like Gecko) Chrome/149.0.0.0 Safari/537.36',
  'sec-ch-ua': '"Google Chrome";v="149", "Chromium";v="149", "Not)A;Brand";v="24"',
  'sec-ch-ua-mobile': '?0',
  accept: '*/*',
  origin: 'http://localhost:5173',
  'sec-fetch-site': 'same-site',
  'sec-fetch-mode': 'cors',
  'sec-fetch-dest': 'empty',
  referer: 'http://localhost:5173/',
  'accept-encoding': 'gzip, deflate, br, zstd',
  'accept-language': 'en-US,en;q=0.9',
  'if-none-match': 'W/"cb-zbkJMFORwaV0I3joPCu3LGgZqo8"'
}
Bearer eyJhbGciOiJIUzI1NiIsInR5cCI6IkpXVCJ9.eyJpZCI6IjZhNGZkNTQ2NDQwMjVkMWU5YzlkODIzMSIsInJvbGUiOiJhZG1pbiIsImlhdCI6MTc4MzcwMDg4OSwiZXhwIjoxNzgzNzAxNzg5fQ.nXQxMPXNUOe1FWpSnyrXHapGBva8t1hw6ZrBt24k68o
{
  host: 'localhost:3000',
  connection: 'keep-alive',
  'sec-ch-ua-platform': '"Windows"',
  authorization: 'Bearer eyJhbGciOiJIUzI1NiIsInR5cCI6IkpXVCJ9.eyJpZCI6IjZhNGZkNTQ2NDQwMjVkMWU5YzlkODIzMSIsInJvbGUiOiJhZG1pbiIsImlhdCI6MTc4MzcwMDg4OSwiZXhwIjoxNzgzNzAxNzg5fQ.nXQxMPXNUOe1FWpSnyrXHapGBva8t1hw6ZrBt24k68o',
  'user-agent': 'Mozilla/5.0 (Windows NT 10.0; Win64; x64) AppleWebKit/537.36 (KHTML, like Gecko) Chrome/149.0.0.0 Safari/537.36',
  'sec-ch-ua': '"Google Chrome";v="149", "Chromium";v="149", "Not)A;Brand";v="24"',
  'sec-ch-ua-mobile': '?0',
  accept: '*/*',
  origin: 'http://localhost:5173',
  'sec-fetch-site': 'same-site',
  'sec-fetch-mode': 'cors',
  'sec-fetch-dest': 'empty',
  referer: 'http://localhost:5173/',
  'accept-encoding': 'gzip, deflate, br, zstd',
  'accept-language': 'en-US,en;q=0.9',
  'if-none-match': 'W/"d7-Y0+hoRws0KIMm41NFiVinhgx/ps"'
}
Bearer eyJhbGciOiJIUzI1NiIsInR5cCI6IkpXVCJ9.eyJpZCI6IjZhNGZkNTQ2NDQwMjVkMWU5YzlkODIzMSIsInJvbGUiOiJhZG1pbiIsImlhdCI6MTc4MzcwMDg4OSwiZXhwIjoxNzgzNzAxNzg5fQ.nXQxMPXNUOe1FWpSnyrXHapGBva8t1hw6ZrBt24k68o
{
  host: 'localhost:3000',
  connection: 'keep-alive',
  'sec-ch-ua-platform': '"Windows"',
  authorization: 'Bearer eyJhbGciOiJIUzI1NiIsInR5cCI6IkpXVCJ9.eyJpZCI6IjZhNGZkNTQ2NDQwMjVkMWU5YzlkODIzMSIsInJvbGUiOiJhZG1pbiIsImlhdCI6MTc4MzcwMDg4OSwiZXhwIjoxNzgzNzAxNzg5fQ.nXQxMPXNUOe1FWpSnyrXHapGBva8t1hw6ZrBt24k68o',
  'user-agent': 'Mozilla/5.0 (Windows NT 10.0; Win64; x64) AppleWebKit/537.36 (KHTML, like Gecko) Chrome/149.0.0.0 Safari/537.36',
  'sec-ch-ua': '"Google Chrome";v="149", "Chromium";v="149", "Not)A;Brand";v="24"',
  'sec-ch-ua-mobile': '?0',
  accept: '*/*',
  origin: 'http://localhost:5173',
  'sec-fetch-site': 'same-site',
  'sec-fetch-mode': 'cors',
  'sec-fetch-dest': 'empty',
  referer: 'http://localhost:5173/',
  'accept-encoding': 'gzip, deflate, br, zstd',
  'accept-language': 'en-US,en;q=0.9',
  'if-none-match': 'W/"d7-Y0+hoRws0KIMm41NFiVinhgx/ps"'
}
Bearer eyJhbGciOiJIUzI1NiIsInR5cCI6IkpXVCJ9.eyJpZCI6IjZhNGZkNTQ2NDQwMjVkMWU5YzlkODIzMSIsInJvbGUiOiJhZG1pbiIsImlhdCI6MTc4MzcwMDg4OSwiZXhwIjoxNzgzNzAxNzg5fQ.nXQxMPXNUOe1FWpSnyrXHapGBva8t1hw6ZrBt24k68o
{
  host: 'localhost:3000',
  connection: 'keep-alive',
  'sec-ch-ua-platform': '"Windows"',
  authorization: 'Bearer eyJhbGciOiJIUzI1NiIsInR5cCI6IkpXVCJ9.eyJpZCI6IjZhNGZkNTQ2NDQwMjVkMWU5YzlkODIzMSIsInJvbGUiOiJhZG1pbiIsImlhdCI6MTc4MzcwMDg4OSwiZXhwIjoxNzgzNzAxNzg5fQ.nXQxMPXNUOe1FWpSnyrXHapGBva8t1hw6ZrBt24k68o',
  'user-agent': 'Mozilla/5.0 (Windows NT 10.0; Win64; x64) AppleWebKit/537.36 (KHTML, like Gecko) Chrome/149.0.0.0 Safari/537.36',
  'sec-ch-ua': '"Google Chrome";v="149", "Chromium";v="149", "Not)A;Brand";v="24"',
  'sec-ch-ua-mobile': '?0',
  accept: '*/*',
  origin: 'http://localhost:5173',
  'sec-fetch-site': 'same-site',
  'sec-fetch-mode': 'cors',
  'sec-fetch-dest': 'empty',
  referer: 'http://localhost:5173/',
  'accept-encoding': 'gzip, deflate, br, zstd',
  'accept-language': 'en-US,en;q=0.9',
  'if-none-match': 'W/"cb-zbkJMFORwaV0I3joPCu3LGgZqo8"'
}
Bearer eyJhbGciOiJIUzI1NiIsInR5cCI6IkpXVCJ9.eyJpZCI6IjZhNGZkNTQ2NDQwMjVkMWU5YzlkODIzMSIsInJvbGUiOiJhZG1pbiIsImlhdCI6MTc4MzcwMDg4OSwiZXhwIjoxNzgzNzAxNzg5fQ.nXQxMPXNUOe1FWpSnyrXHapGBva8t1hw6ZrBt24k68o
{
  host: 'localhost:3000',
  connection: 'keep-alive',
  'sec-ch-ua-platform': '"Windows"',
  authorization: 'Bearer eyJhbGciOiJIUzI1NiIsInR5cCI6IkpXVCJ9.eyJpZCI6IjZhNGZkNTQ2NDQwMjVkMWU5YzlkODIzMSIsInJvbGUiOiJhZG1pbiIsImlhdCI6MTc4MzcwMDg4OSwiZXhwIjoxNzgzNzAxNzg5fQ.nXQxMPXNUOe1FWpSnyrXHapGBva8t1hw6ZrBt24k68o',
  'user-agent': 'Mozilla/5.0 (Windows NT 10.0; Win64; x64) AppleWebKit/537.36 (KHTML, like Gecko) Chrome/149.0.0.0 Safari/537.36',
  'sec-ch-ua': '"Google Chrome";v="149", "Chromium";v="149", "Not)A;Brand";v="24"',
  'sec-ch-ua-mobile': '?0',
  accept: '*/*',
  origin: 'http://localhost:5173',
  'sec-fetch-site': 'same-site',
  'sec-fetch-mode': 'cors',
  'sec-fetch-dest': 'empty',
  referer: 'http://localhost:5173/',
  'accept-encoding': 'gzip, deflate, br, zstd',
  'accept-language': 'en-US,en;q=0.9'
}
Bearer eyJhbGciOiJIUzI1NiIsInR5cCI6IkpXVCJ9.eyJpZCI6IjZhNGZkNTQ2NDQwMjVkMWU5YzlkODIzMSIsInJvbGUiOiJhZG1pbiIsImlhdCI6MTc4MzcwMDg4OSwiZXhwIjoxNzgzNzAxNzg5fQ.nXQxMPXNUOe1FWpSnyrXHapGBva8t1hw6ZrBt24k68o
{
  host: 'localhost:3000',
  connection: 'keep-alive',
  'sec-ch-ua-platform': '"Windows"',
  authorization: 'Bearer eyJhbGciOiJIUzI1NiIsInR5cCI6IkpXVCJ9.eyJpZCI6IjZhNGZkNTQ2NDQwMjVkMWU5YzlkODIzMSIsInJvbGUiOiJhZG1pbiIsImlhdCI6MTc4MzcwMDg4OSwiZXhwIjoxNzgzNzAxNzg5fQ.nXQxMPXNUOe1FWpSnyrXHapGBva8t1hw6ZrBt24k68o',
  'user-agent': 'Mozilla/5.0 (Windows NT 10.0; Win64; x64) AppleWebKit/537.36 (KHTML, like Gecko) Chrome/149.0.0.0 Safari/537.36',
  'sec-ch-ua': '"Google Chrome";v="149", "Chromium";v="149", "Not)A;Brand";v="24"',
  'sec-ch-ua-mobile': '?0',
  accept: '*/*',
  origin: 'http://localhost:5173',
  'sec-fetch-site': 'same-site',
  'sec-fetch-mode': 'cors',
  'sec-fetch-dest': 'empty',
  referer: 'http://localhost:5173/',
  'accept-encoding': 'gzip, deflate, br, zstd',
  'accept-language': 'en-US,en;q=0.9',
  'if-none-match': 'W/"7c-eOXo3RJuDDEvIybIvVWLkrNw3Ss"'
}
Bearer eyJhbGciOiJIUzI1NiIsInR5cCI6IkpXVCJ9.eyJpZCI6IjZhNGZkNTQ2NDQwMjVkMWU5YzlkODIzMSIsInJvbGUiOiJhZG1pbiIsImlhdCI6MTc4MzcwMDg4OSwiZXhwIjoxNzgzNzAxNzg5fQ.nXQxMPXNUOe1FWpSnyrXHapGBva8t1hw6ZrBt24k68o
{
  host: 'localhost:3000',
  connection: 'keep-alive',
  'sec-ch-ua-platform': '"Windows"',
  authorization: 'Bearer eyJhbGciOiJIUzI1NiIsInR5cCI6IkpXVCJ9.eyJpZCI6IjZhNGZkNTQ2NDQwMjVkMWU5YzlkODIzMSIsInJvbGUiOiJhZG1pbiIsImlhdCI6MTc4MzcwMDg4OSwiZXhwIjoxNzgzNzAxNzg5fQ.nXQxMPXNUOe1FWpSnyrXHapGBva8t1hw6ZrBt24k68o',
  'user-agent': 'Mozilla/5.0 (Windows NT 10.0; Win64; x64) AppleWebKit/537.36 (KHTML, like Gecko) Chrome/149.0.0.0 Safari/537.36',
  'sec-ch-ua': '"Google Chrome";v="149", "Chromium";v="149", "Not)A;Brand";v="24"',
  'sec-ch-ua-mobile': '?0',
  accept: '*/*',
  origin: 'http://localhost:5173',
  'sec-fetch-site': 'same-site',
  'sec-fetch-mode': 'cors',
  'sec-fetch-dest': 'empty',
  referer: 'http://localhost:5173/',
  'accept-encoding': 'gzip, deflate, br, zstd',
  'accept-language': 'en-US,en;q=0.9',
  'if-none-match': 'W/"1f7-k0XwO550AMiqWJgh7UIG2nbW/iY"'
}
Bearer eyJhbGciOiJIUzI1NiIsInR5cCI6IkpXVCJ9.eyJpZCI6IjZhNGZkNTQ2NDQwMjVkMWU5YzlkODIzMSIsInJvbGUiOiJhZG1pbiIsImlhdCI6MTc4MzcwMDg4OSwiZXhwIjoxNzgzNzAxNzg5fQ.nXQxMPXNUOe1FWpSnyrXHapGBva8t1hw6ZrBt24k68o
{
  host: 'localhost:3000',
  connection: 'keep-alive',
  'sec-ch-ua-platform': '"Windows"',
  authorization: 'Bearer eyJhbGciOiJIUzI1NiIsInR5cCI6IkpXVCJ9.eyJpZCI6IjZhNGZkNTQ2NDQwMjVkMWU5YzlkODIzMSIsInJvbGUiOiJhZG1pbiIsImlhdCI6MTc4MzcwMDg4OSwiZXhwIjoxNzgzNzAxNzg5fQ.nXQxMPXNUOe1FWpSnyrXHapGBva8t1hw6ZrBt24k68o',
  'user-agent': 'Mozilla/5.0 (Windows NT 10.0; Win64; x64) AppleWebKit/537.36 (KHTML, like Gecko) Chrome/149.0.0.0 Safari/537.36',
  'sec-ch-ua': '"Google Chrome";v="149", "Chromium";v="149", "Not)A;Brand";v="24"',
  'sec-ch-ua-mobile': '?0',
  accept: '*/*',
  origin: 'http://localhost:5173',
  'sec-fetch-site': 'same-site',
  'sec-fetch-mode': 'cors',
  'sec-fetch-dest': 'empty',
  referer: 'http://localhost:5173/',
  'accept-encoding': 'gzip, deflate, br, zstd',
  'accept-language': 'en-US,en;q=0.9',
  'if-none-match': 'W/"d7-Y0+hoRws0KIMm41NFiVinhgx/ps"'
}
Bearer eyJhbGciOiJIUzI1NiIsInR5cCI6IkpXVCJ9.eyJpZCI6IjZhNGZkNTQ2NDQwMjVkMWU5YzlkODIzMSIsInJvbGUiOiJhZG1pbiIsImlhdCI6MTc4MzcwMDg4OSwiZXhwIjoxNzgzNzAxNzg5fQ.nXQxMPXNUOe1FWpSnyrXHapGBva8t1hw6ZrBt24k68o
{
  host: 'localhost:3000',
  connection: 'keep-alive',
  'sec-ch-ua-platform': '"Windows"',
  authorization: 'Bearer eyJhbGciOiJIUzI1NiIsInR5cCI6IkpXVCJ9.eyJpZCI6IjZhNGZkNTQ2NDQwMjVkMWU5YzlkODIzMSIsInJvbGUiOiJhZG1pbiIsImlhdCI6MTc4MzcwMDg4OSwiZXhwIjoxNzgzNzAxNzg5fQ.nXQxMPXNUOe1FWpSnyrXHapGBva8t1hw6ZrBt24k68o',
  'user-agent': 'Mozilla/5.0 (Windows NT 10.0; Win64; x64) AppleWebKit/537.36 (KHTML, like Gecko) Chrome/149.0.0.0 Safari/537.36',
  'sec-ch-ua': '"Google Chrome";v="149", "Chromium";v="149", "Not)A;Brand";v="24"',
  'sec-ch-ua-mobile': '?0',
  accept: '*/*',
  origin: 'http://localhost:5173',
  'sec-fetch-site': 'same-site',
  'sec-fetch-mode': 'cors',
  'sec-fetch-dest': 'empty',
  referer: 'http://localhost:5173/',
  'accept-encoding': 'gzip, deflate, br, zstd',
  'accept-language': 'en-US,en;q=0.9',
  'if-none-match': 'W/"cb-zbkJMFORwaV0I3joPCu3LGgZqo8"'
}
Bearer eyJhbGciOiJIUzI1NiIsInR5cCI6IkpXVCJ9.eyJpZCI6IjZhNGZkNTQ2NDQwMjVkMWU5YzlkODIzMSIsInJvbGUiOiJhZG1pbiIsImlhdCI6MTc4MzcwMDg4OSwiZXhwIjoxNzgzNzAxNzg5fQ.nXQxMPXNUOe1FWpSnyrXHapGBva8t1hw6ZrBt24k68o
{
  host: 'localhost:3000',
  connection: 'keep-alive',
  'sec-ch-ua-platform': '"Windows"',
  authorization: 'Bearer eyJhbGciOiJIUzI1NiIsInR5cCI6IkpXVCJ9.eyJpZCI6IjZhNGZkNTQ2NDQwMjVkMWU5YzlkODIzMSIsInJvbGUiOiJhZG1pbiIsImlhdCI6MTc4MzcwMDg4OSwiZXhwIjoxNzgzNzAxNzg5fQ.nXQxMPXNUOe1FWpSnyrXHapGBva8t1hw6ZrBt24k68o',
  'user-agent': 'Mozilla/5.0 (Windows NT 10.0; Win64; x64) AppleWebKit/537.36 (KHTML, like Gecko) Chrome/149.0.0.0 Safari/537.36',
  'sec-ch-ua': '"Google Chrome";v="149", "Chromium";v="149", "Not)A;Brand";v="24"',
  'sec-ch-ua-mobile': '?0',
  accept: '*/*',
  origin: 'http://localhost:5173',
  'sec-fetch-site': 'same-site',
  'sec-fetch-mode': 'cors',
  'sec-fetch-dest': 'empty',
  referer: 'http://localhost:5173/',
  'accept-encoding': 'gzip, deflate, br, zstd',
  'accept-language': 'en-US,en;q=0.9',
  'if-none-match': 'W/"d7-Y0+hoRws0KIMm41NFiVinhgx/ps"'
}
Bearer eyJhbGciOiJIUzI1NiIsInR5cCI6IkpXVCJ9.eyJpZCI6IjZhNGZkNTQ2NDQwMjVkMWU5YzlkODIzMSIsInJvbGUiOiJhZG1pbiIsImlhdCI6MTc4MzcwMDg4OSwiZXhwIjoxNzgzNzAxNzg5fQ.nXQxMPXNUOe1FWpSnyrXHapGBva8t1hw6ZrBt24k68o
{
  host: 'localhost:3000',
  connection: 'keep-alive',
  'sec-ch-ua-platform': '"Windows"',
  authorization: 'Bearer eyJhbGciOiJIUzI1NiIsInR5cCI6IkpXVCJ9.eyJpZCI6IjZhNGZkNTQ2NDQwMjVkMWU5YzlkODIzMSIsInJvbGUiOiJhZG1pbiIsImlhdCI6MTc4MzcwMDg4OSwiZXhwIjoxNzgzNzAxNzg5fQ.nXQxMPXNUOe1FWpSnyrXHapGBva8t1hw6ZrBt24k68o',
  'user-agent': 'Mozilla/5.0 (Windows NT 10.0; Win64; x64) AppleWebKit/537.36 (KHTML, like Gecko) Chrome/149.0.0.0 Safari/537.36',
  'sec-ch-ua': '"Google Chrome";v="149", "Chromium";v="149", "Not)A;Brand";v="24"',
  'sec-ch-ua-mobile': '?0',
  accept: '*/*',
  origin: 'http://localhost:5173',
  'sec-fetch-site': 'same-site',
  'sec-fetch-mode': 'cors',
  'sec-fetch-dest': 'empty',
  referer: 'http://localhost:5173/',
  'accept-encoding': 'gzip, deflate, br, zstd',
  'accept-language': 'en-US,en;q=0.9',
  'if-none-match': 'W/"cb-zbkJMFORwaV0I3joPCu3LGgZqo8"'
}
Bearer eyJhbGciOiJIUzI1NiIsInR5cCI6IkpXVCJ9.eyJpZCI6IjZhNGZkNTQ2NDQwMjVkMWU5YzlkODIzMSIsInJvbGUiOiJhZG1pbiIsImlhdCI6MTc4MzcwMDg4OSwiZXhwIjoxNzgzNzAxNzg5fQ.nXQxMPXNUOe1FWpSnyrXHapGBva8t1hw6ZrBt24k68o
[32m[nodemon] restarting due to changes...[39m
[32m[nodemon] restarting due to changes...[39m
[32m[nodemon] restarting due to changes...[39m
[32m[nodemon] restarting due to changes...[39m
[32m[nodemon] starting `node src/index.js`[39m
◇ injected env (16) from .env // tip: ⌘ suppress logs { quiet: true }
◇ injected env (0) from .env // tip: ⌘ suppress logs { quiet: true }
✅ Supabase client created
◇ injected env (0) from .env // tip: ⌘ multiple files { path: ['.env.local', '.env'] }
◇ injected env (0) from .env // tip: ⌘ suppress logs { quiet: true }
◇ injected env (0) from .env // tip: ◈ encrypted .env [www.dotenvx.com]
◇ injected env (0) from .env // tip: ⌘ multiple files { path: ['.env.local', '.env'] }
◇ injected env (0) from .env // tip: ⌘ custom filepath { path: '/custom/path/.env' }
✅ MongoDB Connected
Server is running on port 3000
[32m[nodemon] restarting due to changes...[39m
[32m[nodemon] restarting due to changes...[39m
[32m[nodemon] restarting due to changes...[39m
[32m[nodemon] starting `node src/index.js`[39m
◇ injected env (16) from .env // tip: ⌘ override existing { override: true }
◇ injected env (0) from .env // tip: ◈ secrets for agents [www.dotenvx.com]
✅ Supabase client created
◇ injected env (0) from .env // tip: ⌘ suppress logs { quiet: true }
◇ injected env (0) from .env // tip: ⌘ suppress logs { quiet: true }
◇ injected env (0) from .env // tip: ⌘ suppress logs { quiet: true }
◇ injected env (0) from .env // tip: ⌘ multiple files { path: ['.env.local', '.env'] }
◇ injected env (0) from .env // tip: ◈ encrypted .env [www.dotenvx.com]
✅ MongoDB Connected
Server is running on port 3000
{
  host: 'localhost:3000',
  connection: 'keep-alive',
  'sec-ch-ua-platform': '"Windows"',
  authorization: 'Bearer eyJhbGciOiJIUzI1NiIsInR5cCI6IkpXVCJ9.eyJpZCI6IjZhNGZkNTQ2NDQwMjVkMWU5YzlkODIzMSIsInJvbGUiOiJhZG1pbiIsImlhdCI6MTc4MzcwMDg4OSwiZXhwIjoxNzgzNzAxNzg5fQ.nXQxMPXNUOe1FWpSnyrXHapGBva8t1hw6ZrBt24k68o',
  'user-agent': 'Mozilla/5.0 (Windows NT 10.0; Win64; x64) AppleWebKit/537.36 (KHTML, like Gecko) Chrome/149.0.0.0 Safari/537.36',
  'sec-ch-ua': '"Google Chrome";v="149", "Chromium";v="149", "Not)A;Brand";v="24"',
  'sec-ch-ua-mobile': '?0',
  accept: '*/*',
  origin: 'http://localhost:5173',
  'sec-fetch-site': 'same-site',
  'sec-fetch-mode': 'cors',
  'sec-fetch-dest': 'empty',
  referer: 'http://localhost:5173/',
  'accept-encoding': 'gzip, deflate, br, zstd',
  'accept-language': 'en-US,en;q=0.9',
  'if-none-match': 'W/"d7-Y0+hoRws0KIMm41NFiVinhgx/ps"'
}
Bearer eyJhbGciOiJIUzI1NiIsInR5cCI6IkpXVCJ9.eyJpZCI6IjZhNGZkNTQ2NDQwMjVkMWU5YzlkODIzMSIsInJvbGUiOiJhZG1pbiIsImlhdCI6MTc4MzcwMDg4OSwiZXhwIjoxNzgzNzAxNzg5fQ.nXQxMPXNUOe1FWpSnyrXHapGBva8t1hw6ZrBt24k68o
{
  host: 'localhost:3000',
  connection: 'keep-alive',
  'sec-ch-ua-platform': '"Windows"',
  authorization: 'Bearer eyJhbGciOiJIUzI1NiIsInR5cCI6IkpXVCJ9.eyJpZCI6IjZhNGZkNTQ2NDQwMjVkMWU5YzlkODIzMSIsInJvbGUiOiJhZG1pbiIsImlhdCI6MTc4MzcwMDg4OSwiZXhwIjoxNzgzNzAxNzg5fQ.nXQxMPXNUOe1FWpSnyrXHapGBva8t1hw6ZrBt24k68o',
  'user-agent': 'Mozilla/5.0 (Windows NT 10.0; Win64; x64) AppleWebKit/537.36 (KHTML, like Gecko) Chrome/149.0.0.0 Safari/537.36',
  'sec-ch-ua': '"Google Chrome";v="149", "Chromium";v="149", "Not)A;Brand";v="24"',
  'sec-ch-ua-mobile': '?0',
  accept: '*/*',
  origin: 'http://localhost:5173',
  'sec-fetch-site': 'same-site',
  'sec-fetch-mode': 'cors',
  'sec-fetch-dest': 'empty',
  referer: 'http://localhost:5173/',
  'accept-encoding': 'gzip, deflate, br, zstd',
  'accept-language': 'en-US,en;q=0.9',
  'if-none-match': 'W/"cb-zbkJMFORwaV0I3joPCu3LGgZqo8"'
}
Bearer eyJhbGciOiJIUzI1NiIsInR5cCI6IkpXVCJ9.eyJpZCI6IjZhNGZkNTQ2NDQwMjVkMWU5YzlkODIzMSIsInJvbGUiOiJhZG1pbiIsImlhdCI6MTc4MzcwMDg4OSwiZXhwIjoxNzgzNzAxNzg5fQ.nXQxMPXNUOe1FWpSnyrXHapGBva8t1hw6ZrBt24k68o
{
  host: 'localhost:3000',
  connection: 'keep-alive',
  'sec-ch-ua-platform': '"Windows"',
  authorization: 'Bearer eyJhbGciOiJIUzI1NiIsInR5cCI6IkpXVCJ9.eyJpZCI6IjZhNGZkNTQ2NDQwMjVkMWU5YzlkODIzMSIsInJvbGUiOiJhZG1pbiIsImlhdCI6MTc4MzcwMDg4OSwiZXhwIjoxNzgzNzAxNzg5fQ.nXQxMPXNUOe1FWpSnyrXHapGBva8t1hw6ZrBt24k68o',
  'user-agent': 'Mozilla/5.0 (Windows NT 10.0; Win64; x64) AppleWebKit/537.36 (KHTML, like Gecko) Chrome/149.0.0.0 Safari/537.36',
  'sec-ch-ua': '"Google Chrome";v="149", "Chromium";v="149", "Not)A;Brand";v="24"',
  'sec-ch-ua-mobile': '?0',
  accept: '*/*',
  origin: 'http://localhost:5173',
  'sec-fetch-site': 'same-site',
  'sec-fetch-mode': 'cors',
  'sec-fetch-dest': 'empty',
  referer: 'http://localhost:5173/',
  'accept-encoding': 'gzip, deflate, br, zstd',
  'accept-language': 'en-US,en;q=0.9',
  'if-none-match': 'W/"d7-Y0+hoRws0KIMm41NFiVinhgx/ps"'
}
Bearer eyJhbGciOiJIUzI1NiIsInR5cCI6IkpXVCJ9.eyJpZCI6IjZhNGZkNTQ2NDQwMjVkMWU5YzlkODIzMSIsInJvbGUiOiJhZG1pbiIsImlhdCI6MTc4MzcwMDg4OSwiZXhwIjoxNzgzNzAxNzg5fQ.nXQxMPXNUOe1FWpSnyrXHapGBva8t1hw6ZrBt24k68o
{
  host: 'localhost:3000',
  connection: 'keep-alive',
  'sec-ch-ua-platform': '"Windows"',
  authorization: 'Bearer eyJhbGciOiJIUzI1NiIsInR5cCI6IkpXVCJ9.eyJpZCI6IjZhNGZkNTQ2NDQwMjVkMWU5YzlkODIzMSIsInJvbGUiOiJhZG1pbiIsImlhdCI6MTc4MzcwMDg4OSwiZXhwIjoxNzgzNzAxNzg5fQ.nXQxMPXNUOe1FWpSnyrXHapGBva8t1hw6ZrBt24k68o',
  'user-agent': 'Mozilla/5.0 (Windows NT 10.0; Win64; x64) AppleWebKit/537.36 (KHTML, like Gecko) Chrome/149.0.0.0 Safari/537.36',
  'sec-ch-ua': '"Google Chrome";v="149", "Chromium";v="149", "Not)A;Brand";v="24"',
  'sec-ch-ua-mobile': '?0',
  accept: '*/*',
  origin: 'http://localhost:5173',
  'sec-fetch-site': 'same-site',
  'sec-fetch-mode': 'cors',
  'sec-fetch-dest': 'empty',
  referer: 'http://localhost:5173/',
  'accept-encoding': 'gzip, deflate, br, zstd',
  'accept-language': 'en-US,en;q=0.9',
  'if-none-match': 'W/"cb-zbkJMFORwaV0I3joPCu3LGgZqo8"'
}
Bearer eyJhbGciOiJIUzI1NiIsInR5cCI6IkpXVCJ9.eyJpZCI6IjZhNGZkNTQ2NDQwMjVkMWU5YzlkODIzMSIsInJvbGUiOiJhZG1pbiIsImlhdCI6MTc4MzcwMDg4OSwiZXhwIjoxNzgzNzAxNzg5fQ.nXQxMPXNUOe1FWpSnyrXHapGBva8t1hw6ZrBt24k68o
{
  host: 'localhost:3000',
  connection: 'keep-alive',
  'sec-ch-ua-platform': '"Windows"',
  authorization: 'Bearer eyJhbGciOiJIUzI1NiIsInR5cCI6IkpXVCJ9.eyJpZCI6IjZhNGZkNTQ2NDQwMjVkMWU5YzlkODIzMSIsInJvbGUiOiJhZG1pbiIsImlhdCI6MTc4MzcwMDg4OSwiZXhwIjoxNzgzNzAxNzg5fQ.nXQxMPXNUOe1FWpSnyrXHapGBva8t1hw6ZrBt24k68o',
  'user-agent': 'Mozilla/5.0 (Windows NT 10.0; Win64; x64) AppleWebKit/537.36 (KHTML, like Gecko) Chrome/149.0.0.0 Safari/537.36',
  'sec-ch-ua': '"Google Chrome";v="149", "Chromium";v="149", "Not)A;Brand";v="24"',
  'sec-ch-ua-mobile': '?0',
  accept: '*/*',
  origin: 'http://localhost:5173',
  'sec-fetch-site': 'same-site',
  'sec-fetch-mode': 'cors',
  'sec-fetch-dest': 'empty',
  referer: 'http://localhost:5173/',
  'accept-encoding': 'gzip, deflate, br, zstd',
  'accept-language': 'en-US,en;q=0.9',
  'if-none-match': 'W/"d7-Y0+hoRws0KIMm41NFiVinhgx/ps"'
}
Bearer eyJhbGciOiJIUzI1NiIsInR5cCI6IkpXVCJ9.eyJpZCI6IjZhNGZkNTQ2NDQwMjVkMWU5YzlkODIzMSIsInJvbGUiOiJhZG1pbiIsImlhdCI6MTc4MzcwMDg4OSwiZXhwIjoxNzgzNzAxNzg5fQ.nXQxMPXNUOe1FWpSnyrXHapGBva8t1hw6ZrBt24k68o
{
  host: 'localhost:3000',
  connection: 'keep-alive',
  'sec-ch-ua-platform': '"Windows"',
  authorization: 'Bearer eyJhbGciOiJIUzI1NiIsInR5cCI6IkpXVCJ9.eyJpZCI6IjZhNGZkNTQ2NDQwMjVkMWU5YzlkODIzMSIsInJvbGUiOiJhZG1pbiIsImlhdCI6MTc4MzcwMDg4OSwiZXhwIjoxNzgzNzAxNzg5fQ.nXQxMPXNUOe1FWpSnyrXHapGBva8t1hw6ZrBt24k68o',
  'user-agent': 'Mozilla/5.0 (Windows NT 10.0; Win64; x64) AppleWebKit/537.36 (KHTML, like Gecko) Chrome/149.0.0.0 Safari/537.36',
  'sec-ch-ua': '"Google Chrome";v="149", "Chromium";v="149", "Not)A;Brand";v="24"',
  'sec-ch-ua-mobile': '?0',
  accept: '*/*',
  origin: 'http://localhost:5173',
  'sec-fetch-site': 'same-site',
  'sec-fetch-mode': 'cors',
  'sec-fetch-dest': 'empty',
  referer: 'http://localhost:5173/',
  'accept-encoding': 'gzip, deflate, br, zstd',
  'accept-language': 'en-US,en;q=0.9',
  'if-none-match': 'W/"cb-zbkJMFORwaV0I3joPCu3LGgZqo8"'
}
Bearer eyJhbGciOiJIUzI1NiIsInR5cCI6IkpXVCJ9.eyJpZCI6IjZhNGZkNTQ2NDQwMjVkMWU5YzlkODIzMSIsInJvbGUiOiJhZG1pbiIsImlhdCI6MTc4MzcwMDg4OSwiZXhwIjoxNzgzNzAxNzg5fQ.nXQxMPXNUOe1FWpSnyrXHapGBva8t1hw6ZrBt24k68o
{
  host: 'localhost:3000',
  connection: 'keep-alive',
  'sec-ch-ua-platform': '"Windows"',
  authorization: 'Bearer eyJhbGciOiJIUzI1NiIsInR5cCI6IkpXVCJ9.eyJpZCI6IjZhNGZkNTQ2NDQwMjVkMWU5YzlkODIzMSIsInJvbGUiOiJhZG1pbiIsImlhdCI6MTc4MzcwMDg4OSwiZXhwIjoxNzgzNzAxNzg5fQ.nXQxMPXNUOe1FWpSnyrXHapGBva8t1hw6ZrBt24k68o',
  'user-agent': 'Mozilla/5.0 (Windows NT 10.0; Win64; x64) AppleWebKit/537.36 (KHTML, like Gecko) Chrome/149.0.0.0 Safari/537.36',
  'sec-ch-ua': '"Google Chrome";v="149", "Chromium";v="149", "Not)A;Brand";v="24"',
  'sec-ch-ua-mobile': '?0',
  accept: '*/*',
  origin: 'http://localhost:5173',
  'sec-fetch-site': 'same-site',
  'sec-fetch-mode': 'cors',
  'sec-fetch-dest': 'empty',
  referer: 'http://localhost:5173/',
  'accept-encoding': 'gzip, deflate, br, zstd',
  'accept-language': 'en-US,en;q=0.9',
  'if-none-match': 'W/"d7-Y0+hoRws0KIMm41NFiVinhgx/ps"'
}
Bearer eyJhbGciOiJIUzI1NiIsInR5cCI6IkpXVCJ9.eyJpZCI6IjZhNGZkNTQ2NDQwMjVkMWU5YzlkODIzMSIsInJvbGUiOiJhZG1pbiIsImlhdCI6MTc4MzcwMDg4OSwiZXhwIjoxNzgzNzAxNzg5fQ.nXQxMPXNUOe1FWpSnyrXHapGBva8t1hw6ZrBt24k68o
{
  host: 'localhost:3000',
  connection: 'keep-alive',
  'sec-ch-ua-platform': '"Windows"',
  authorization: 'Bearer eyJhbGciOiJIUzI1NiIsInR5cCI6IkpXVCJ9.eyJpZCI6IjZhNGZkNTQ2NDQwMjVkMWU5YzlkODIzMSIsInJvbGUiOiJhZG1pbiIsImlhdCI6MTc4MzcwMDg4OSwiZXhwIjoxNzgzNzAxNzg5fQ.nXQxMPXNUOe1FWpSnyrXHapGBva8t1hw6ZrBt24k68o',
  'user-agent': 'Mozilla/5.0 (Windows NT 10.0; Win64; x64) AppleWebKit/537.36 (KHTML, like Gecko) Chrome/149.0.0.0 Safari/537.36',
  'sec-ch-ua': '"Google Chrome";v="149", "Chromium";v="149", "Not)A;Brand";v="24"',
  'sec-ch-ua-mobile': '?0',
  accept: '*/*',
  origin: 'http://localhost:5173',
  'sec-fetch-site': 'same-site',
  'sec-fetch-mode': 'cors',
  'sec-fetch-dest': 'empty',
  referer: 'http://localhost:5173/',
  'accept-encoding': 'gzip, deflate, br, zstd',
  'accept-language': 'en-US,en;q=0.9',
  'if-none-match': 'W/"cb-zbkJMFORwaV0I3joPCu3LGgZqo8"'
}
Bearer eyJhbGciOiJIUzI1NiIsInR5cCI6IkpXVCJ9.eyJpZCI6IjZhNGZkNTQ2NDQwMjVkMWU5YzlkODIzMSIsInJvbGUiOiJhZG1pbiIsImlhdCI6MTc4MzcwMDg4OSwiZXhwIjoxNzgzNzAxNzg5fQ.nXQxMPXNUOe1FWpSnyrXHapGBva8t1hw6ZrBt24k68o
{
  host: 'localhost:3000',
  connection: 'keep-alive',
  'sec-ch-ua-platform': '"Windows"',
  authorization: 'Bearer eyJhbGciOiJIUzI1NiIsInR5cCI6IkpXVCJ9.eyJpZCI6IjZhNGZkNTQ2NDQwMjVkMWU5YzlkODIzMSIsInJvbGUiOiJhZG1pbiIsImlhdCI6MTc4MzcwMDg4OSwiZXhwIjoxNzgzNzAxNzg5fQ.nXQxMPXNUOe1FWpSnyrXHapGBva8t1hw6ZrBt24k68o',
  'user-agent': 'Mozilla/5.0 (Windows NT 10.0; Win64; x64) AppleWebKit/537.36 (KHTML, like Gecko) Chrome/149.0.0.0 Safari/537.36',
  'sec-ch-ua': '"Google Chrome";v="149", "Chromium";v="149", "Not)A;Brand";v="24"',
  'sec-ch-ua-mobile': '?0',
  accept: '*/*',
  origin: 'http://localhost:5173',
  'sec-fetch-site': 'same-site',
  'sec-fetch-mode': 'cors',
  'sec-fetch-dest': 'empty',
  referer: 'http://localhost:5173/',
  'accept-encoding': 'gzip, deflate, br, zstd',
  'accept-language': 'en-US,en;q=0.9',
  'if-none-match': 'W/"d7-Y0+hoRws0KIMm41NFiVinhgx/ps"'
}
Bearer eyJhbGciOiJIUzI1NiIsInR5cCI6IkpXVCJ9.eyJpZCI6IjZhNGZkNTQ2NDQwMjVkMWU5YzlkODIzMSIsInJvbGUiOiJhZG1pbiIsImlhdCI6MTc4MzcwMDg4OSwiZXhwIjoxNzgzNzAxNzg5fQ.nXQxMPXNUOe1FWpSnyrXHapGBva8t1hw6ZrBt24k68o
{
  host: 'localhost:3000',
  connection: 'keep-alive',
  'sec-ch-ua-platform': '"Windows"',
  authorization: 'Bearer eyJhbGciOiJIUzI1NiIsInR5cCI6IkpXVCJ9.eyJpZCI6IjZhNGZkNTQ2NDQwMjVkMWU5YzlkODIzMSIsInJvbGUiOiJhZG1pbiIsImlhdCI6MTc4MzcwMDg4OSwiZXhwIjoxNzgzNzAxNzg5fQ.nXQxMPXNUOe1FWpSnyrXHapGBva8t1hw6ZrBt24k68o',
  'user-agent': 'Mozilla/5.0 (Windows NT 10.0; Win64; x64) AppleWebKit/537.36 (KHTML, like Gecko) Chrome/149.0.0.0 Safari/537.36',
  'sec-ch-ua': '"Google Chrome";v="149", "Chromium";v="149", "Not)A;Brand";v="24"',
  'sec-ch-ua-mobile': '?0',
  accept: '*/*',
  origin: 'http://localhost:5173',
  'sec-fetch-site': 'same-site',
  'sec-fetch-mode': 'cors',
  'sec-fetch-dest': 'empty',
  referer: 'http://localhost:5173/',
  'accept-encoding': 'gzip, deflate, br, zstd',
  'accept-language': 'en-US,en;q=0.9',
  'if-none-match': 'W/"cb-zbkJMFORwaV0I3joPCu3LGgZqo8"'
}
Bearer eyJhbGciOiJIUzI1NiIsInR5cCI6IkpXVCJ9.eyJpZCI6IjZhNGZkNTQ2NDQwMjVkMWU5YzlkODIzMSIsInJvbGUiOiJhZG1pbiIsImlhdCI6MTc4MzcwMDg4OSwiZXhwIjoxNzgzNzAxNzg5fQ.nXQxMPXNUOe1FWpSnyrXHapGBva8t1hw6ZrBt24k68o
{
  host: 'localhost:3000',
  connection: 'keep-alive',
  'sec-ch-ua-platform': '"Windows"',
  authorization: 'Bearer eyJhbGciOiJIUzI1NiIsInR5cCI6IkpXVCJ9.eyJpZCI6IjZhNGZkNTQ2NDQwMjVkMWU5YzlkODIzMSIsInJvbGUiOiJhZG1pbiIsImlhdCI6MTc4MzcwMDg4OSwiZXhwIjoxNzgzNzAxNzg5fQ.nXQxMPXNUOe1FWpSnyrXHapGBva8t1hw6ZrBt24k68o',
  'user-agent': 'Mozilla/5.0 (Windows NT 10.0; Win64; x64) AppleWebKit/537.36 (KHTML, like Gecko) Chrome/149.0.0.0 Safari/537.36',
  'sec-ch-ua': '"Google Chrome";v="149", "Chromium";v="149", "Not)A;Brand";v="24"',
  'sec-ch-ua-mobile': '?0',
  accept: '*/*',
  origin: 'http://localhost:5173',
  'sec-fetch-site': 'same-site',
  'sec-fetch-mode': 'cors',
  'sec-fetch-dest': 'empty',
  referer: 'http://localhost:5173/',
  'accept-encoding': 'gzip, deflate, br, zstd',
  'accept-language': 'en-US,en;q=0.9',
  'if-none-match': 'W/"d7-Y0+hoRws0KIMm41NFiVinhgx/ps"'
}
Bearer eyJhbGciOiJIUzI1NiIsInR5cCI6IkpXVCJ9.eyJpZCI6IjZhNGZkNTQ2NDQwMjVkMWU5YzlkODIzMSIsInJvbGUiOiJhZG1pbiIsImlhdCI6MTc4MzcwMDg4OSwiZXhwIjoxNzgzNzAxNzg5fQ.nXQxMPXNUOe1FWpSnyrXHapGBva8t1hw6ZrBt24k68o
{
  host: 'localhost:3000',
  connection: 'keep-alive',
  'sec-ch-ua-platform': '"Windows"',
  authorization: 'Bearer eyJhbGciOiJIUzI1NiIsInR5cCI6IkpXVCJ9.eyJpZCI6IjZhNGZkNTQ2NDQwMjVkMWU5YzlkODIzMSIsInJvbGUiOiJhZG1pbiIsImlhdCI6MTc4MzcwMDg4OSwiZXhwIjoxNzgzNzAxNzg5fQ.nXQxMPXNUOe1FWpSnyrXHapGBva8t1hw6ZrBt24k68o',
  'user-agent': 'Mozilla/5.0 (Windows NT 10.0; Win64; x64) AppleWebKit/537.36 (KHTML, like Gecko) Chrome/149.0.0.0 Safari/537.36',
  'sec-ch-ua': '"Google Chrome";v="149", "Chromium";v="149", "Not)A;Brand";v="24"',
  'sec-ch-ua-mobile': '?0',
  accept: '*/*',
  origin: 'http://localhost:5173',
  'sec-fetch-site': 'same-site',
  'sec-fetch-mode': 'cors',
  'sec-fetch-dest': 'empty',
  referer: 'http://localhost:5173/',
  'accept-encoding': 'gzip, deflate, br, zstd',
  'accept-language': 'en-US,en;q=0.9',
  'if-none-match': 'W/"cb-zbkJMFORwaV0I3joPCu3LGgZqo8"'
}
Bearer eyJhbGciOiJIUzI1NiIsInR5cCI6IkpXVCJ9.eyJpZCI6IjZhNGZkNTQ2NDQwMjVkMWU5YzlkODIzMSIsInJvbGUiOiJhZG1pbiIsImlhdCI6MTc4MzcwMDg4OSwiZXhwIjoxNzgzNzAxNzg5fQ.nXQxMPXNUOe1FWpSnyrXHapGBva8t1hw6ZrBt24k68o
{
  host: 'localhost:3000',
  connection: 'keep-alive',
  'sec-ch-ua-platform': '"Windows"',
  authorization: 'Bearer eyJhbGciOiJIUzI1NiIsInR5cCI6IkpXVCJ9.eyJpZCI6IjZhNGZkNTQ2NDQwMjVkMWU5YzlkODIzMSIsInJvbGUiOiJhZG1pbiIsImlhdCI6MTc4MzcwMTg5MCwiZXhwIjoxNzgzNzAyNzkwfQ.sHGjb4Ckg56veAPeu06Q3F25SOv3rTII6R3RFZLzDyM',
  'user-agent': 'Mozilla/5.0 (Windows NT 10.0; Win64; x64) AppleWebKit/537.36 (KHTML, like Gecko) Chrome/149.0.0.0 Safari/537.36',
  'sec-ch-ua': '"Google Chrome";v="149", "Chromium";v="149", "Not)A;Brand";v="24"',
  'sec-ch-ua-mobile': '?0',
  accept: '*/*',
  origin: 'http://localhost:5173',
  'sec-fetch-site': 'same-site',
  'sec-fetch-mode': 'cors',
  'sec-fetch-dest': 'empty',
  referer: 'http://localhost:5173/',
  'accept-encoding': 'gzip, deflate, br, zstd',
  'accept-language': 'en-US,en;q=0.9',
  'if-none-match': 'W/"d7-Y0+hoRws0KIMm41NFiVinhgx/ps"'
}
Bearer eyJhbGciOiJIUzI1NiIsInR5cCI6IkpXVCJ9.eyJpZCI6IjZhNGZkNTQ2NDQwMjVkMWU5YzlkODIzMSIsInJvbGUiOiJhZG1pbiIsImlhdCI6MTc4MzcwMTg5MCwiZXhwIjoxNzgzNzAyNzkwfQ.sHGjb4Ckg56veAPeu06Q3F25SOv3rTII6R3RFZLzDyM
{
  host: 'localhost:3000',
  connection: 'keep-alive',
  'sec-ch-ua-platform': '"Windows"',
  authorization: 'Bearer eyJhbGciOiJIUzI1NiIsInR5cCI6IkpXVCJ9.eyJpZCI6IjZhNGZkNTQ2NDQwMjVkMWU5YzlkODIzMSIsInJvbGUiOiJhZG1pbiIsImlhdCI6MTc4MzcwMTg5MCwiZXhwIjoxNzgzNzAyNzkwfQ.sHGjb4Ckg56veAPeu06Q3F25SOv3rTII6R3RFZLzDyM',
  'user-agent': 'Mozilla/5.0 (Windows NT 10.0; Win64; x64) AppleWebKit/537.36 (KHTML, like Gecko) Chrome/149.0.0.0 Safari/537.36',
  'sec-ch-ua': '"Google Chrome";v="149", "Chromium";v="149", "Not)A;Brand";v="24"',
  'sec-ch-ua-mobile': '?0',
  accept: '*/*',
  origin: 'http://localhost:5173',
  'sec-fetch-site': 'same-site',
  'sec-fetch-mode': 'cors',
  'sec-fetch-dest': 'empty',
  referer: 'http://localhost:5173/',
  'accept-encoding': 'gzip, deflate, br, zstd',
  'accept-language': 'en-US,en;q=0.9',
  'if-none-match': 'W/"cb-zbkJMFORwaV0I3joPCu3LGgZqo8"'
}
Bearer eyJhbGciOiJIUzI1NiIsInR5cCI6IkpXVCJ9.eyJpZCI6IjZhNGZkNTQ2NDQwMjVkMWU5YzlkODIzMSIsInJvbGUiOiJhZG1pbiIsImlhdCI6MTc4MzcwMTg5MCwiZXhwIjoxNzgzNzAyNzkwfQ.sHGjb4Ckg56veAPeu06Q3F25SOv3rTII6R3RFZLzDyM
{
  host: 'localhost:3000',
  connection: 'keep-alive',
  'sec-ch-ua-platform': '"Windows"',
  authorization: 'Bearer eyJhbGciOiJIUzI1NiIsInR5cCI6IkpXVCJ9.eyJpZCI6IjZhNGZkNTQ2NDQwMjVkMWU5YzlkODIzMSIsInJvbGUiOiJhZG1pbiIsImlhdCI6MTc4MzcwMTg5MCwiZXhwIjoxNzgzNzAyNzkwfQ.sHGjb4Ckg56veAPeu06Q3F25SOv3rTII6R3RFZLzDyM',
  'user-agent': 'Mozilla/5.0 (Windows NT 10.0; Win64; x64) AppleWebKit/537.36 (KHTML, like Gecko) Chrome/149.0.0.0 Safari/537.36',
  'sec-ch-ua': '"Google Chrome";v="149", "Chromium";v="149", "Not)A;Brand";v="24"',
  'sec-ch-ua-mobile': '?0',
  accept: '*/*',
  origin: 'http://localhost:5173',
  'sec-fetch-site': 'same-site',
  'sec-fetch-mode': 'cors',
  'sec-fetch-dest': 'empty',
  referer: 'http://localhost:5173/',
  'accept-encoding': 'gzip, deflate, br, zstd',
  'accept-language': 'en-US,en;q=0.9',
  'if-none-match': 'W/"d7-Y0+hoRws0KIMm41NFiVinhgx/ps"'
}
Bearer eyJhbGciOiJIUzI1NiIsInR5cCI6IkpXVCJ9.eyJpZCI6IjZhNGZkNTQ2NDQwMjVkMWU5YzlkODIzMSIsInJvbGUiOiJhZG1pbiIsImlhdCI6MTc4MzcwMTg5MCwiZXhwIjoxNzgzNzAyNzkwfQ.sHGjb4Ckg56veAPeu06Q3F25SOv3rTII6R3RFZLzDyM
{
  host: 'localhost:3000',
  connection: 'keep-alive',
  'sec-ch-ua-platform': '"Windows"',
  authorization: 'Bearer eyJhbGciOiJIUzI1NiIsInR5cCI6IkpXVCJ9.eyJpZCI6IjZhNGZkNTQ2NDQwMjVkMWU5YzlkODIzMSIsInJvbGUiOiJhZG1pbiIsImlhdCI6MTc4MzcwMTg5MCwiZXhwIjoxNzgzNzAyNzkwfQ.sHGjb4Ckg56veAPeu06Q3F25SOv3rTII6R3RFZLzDyM',
  'user-agent': 'Mozilla/5.0 (Windows NT 10.0; Win64; x64) AppleWebKit/537.36 (KHTML, like Gecko) Chrome/149.0.0.0 Safari/537.36',
  'sec-ch-ua': '"Google Chrome";v="149", "Chromium";v="149", "Not)A;Brand";v="24"',
  'sec-ch-ua-mobile': '?0',
  accept: '*/*',
  origin: 'http://localhost:5173',
  'sec-fetch-site': 'same-site',
  'sec-fetch-mode': 'cors',
  'sec-fetch-dest': 'empty',
  referer: 'http://localhost:5173/',
  'accept-encoding': 'gzip, deflate, br, zstd',
  'accept-language': 'en-US,en;q=0.9',
  'if-none-match': 'W/"cb-zbkJMFORwaV0I3joPCu3LGgZqo8"'
}
Bearer eyJhbGciOiJIUzI1NiIsInR5cCI6IkpXVCJ9.eyJpZCI6IjZhNGZkNTQ2NDQwMjVkMWU5YzlkODIzMSIsInJvbGUiOiJhZG1pbiIsImlhdCI6MTc4MzcwMTg5MCwiZXhwIjoxNzgzNzAyNzkwfQ.sHGjb4Ckg56veAPeu06Q3F25SOv3rTII6R3RFZLzDyM
{
  host: 'localhost:3000',
  connection: 'keep-alive',
  'sec-ch-ua-platform': '"Windows"',
  authorization: 'Bearer eyJhbGciOiJIUzI1NiIsInR5cCI6IkpXVCJ9.eyJpZCI6IjZhNGZkNTQ2NDQwMjVkMWU5YzlkODIzMSIsInJvbGUiOiJhZG1pbiIsImlhdCI6MTc4MzcwMTg5MCwiZXhwIjoxNzgzNzAyNzkwfQ.sHGjb4Ckg56veAPeu06Q3F25SOv3rTII6R3RFZLzDyM',
  'user-agent': 'Mozilla/5.0 (Windows NT 10.0; Win64; x64) AppleWebKit/537.36 (KHTML, like Gecko) Chrome/149.0.0.0 Safari/537.36',
  'sec-ch-ua': '"Google Chrome";v="149", "Chromium";v="149", "Not)A;Brand";v="24"',
  'sec-ch-ua-mobile': '?0',
  accept: '*/*',
  origin: 'http://localhost:5173',
  'sec-fetch-site': 'same-site',
  'sec-fetch-mode': 'cors',
  'sec-fetch-dest': 'empty',
  referer: 'http://localhost:5173/',
  'accept-encoding': 'gzip, deflate, br, zstd',
  'accept-language': 'en-US,en;q=0.9'
}
Bearer eyJhbGciOiJIUzI1NiIsInR5cCI6IkpXVCJ9.eyJpZCI6IjZhNGZkNTQ2NDQwMjVkMWU5YzlkODIzMSIsInJvbGUiOiJhZG1pbiIsImlhdCI6MTc4MzcwMTg5MCwiZXhwIjoxNzgzNzAyNzkwfQ.sHGjb4Ckg56veAPeu06Q3F25SOv3rTII6R3RFZLzDyM
{
  host: 'localhost:3000',
  connection: 'keep-alive',
  'sec-ch-ua-platform': '"Windows"',
  authorization: 'Bearer eyJhbGciOiJIUzI1NiIsInR5cCI6IkpXVCJ9.eyJpZCI6IjZhNGZkNTQ2NDQwMjVkMWU5YzlkODIzMSIsInJvbGUiOiJhZG1pbiIsImlhdCI6MTc4MzcwMTg5MCwiZXhwIjoxNzgzNzAyNzkwfQ.sHGjb4Ckg56veAPeu06Q3F25SOv3rTII6R3RFZLzDyM',
  'user-agent': 'Mozilla/5.0 (Windows NT 10.0; Win64; x64) AppleWebKit/537.36 (KHTML, like Gecko) Chrome/149.0.0.0 Safari/537.36',
  'sec-ch-ua': '"Google Chrome";v="149", "Chromium";v="149", "Not)A;Brand";v="24"',
  'sec-ch-ua-mobile': '?0',
  accept: '*/*',
  origin: 'http://localhost:5173',
  'sec-fetch-site': 'same-site',
  'sec-fetch-mode': 'cors',
  'sec-fetch-dest': 'empty',
  referer: 'http://localhost:5173/',
  'accept-encoding': 'gzip, deflate, br, zstd',
  'accept-language': 'en-US,en;q=0.9',
  'if-none-match': 'W/"7c-eOXo3RJuDDEvIybIvVWLkrNw3Ss"'
}
Bearer eyJhbGciOiJIUzI1NiIsInR5cCI6IkpXVCJ9.eyJpZCI6IjZhNGZkNTQ2NDQwMjVkMWU5YzlkODIzMSIsInJvbGUiOiJhZG1pbiIsImlhdCI6MTc4MzcwMTg5MCwiZXhwIjoxNzgzNzAyNzkwfQ.sHGjb4Ckg56veAPeu06Q3F25SOv3rTII6R3RFZLzDyM
{
  host: 'localhost:3000',
  connection: 'keep-alive',
  'sec-ch-ua-platform': '"Windows"',
  authorization: 'Bearer eyJhbGciOiJIUzI1NiIsInR5cCI6IkpXVCJ9.eyJpZCI6IjZhNGZkNTQ2NDQwMjVkMWU5YzlkODIzMSIsInJvbGUiOiJhZG1pbiIsImlhdCI6MTc4MzcwMTg5MCwiZXhwIjoxNzgzNzAyNzkwfQ.sHGjb4Ckg56veAPeu06Q3F25SOv3rTII6R3RFZLzDyM',
  'user-agent': 'Mozilla/5.0 (Windows NT 10.0; Win64; x64) AppleWebKit/537.36 (KHTML, like Gecko) Chrome/149.0.0.0 Safari/537.36',
  'sec-ch-ua': '"Google Chrome";v="149", "Chromium";v="149", "Not)A;Brand";v="24"',
  'sec-ch-ua-mobile': '?0',
  accept: '*/*',
  origin: 'http://localhost:5173',
  'sec-fetch-site': 'same-site',
  'sec-fetch-mode': 'cors',
  'sec-fetch-dest': 'empty',
  referer: 'http://localhost:5173/',
  'accept-encoding': 'gzip, deflate, br, zstd',
  'accept-language': 'en-US,en;q=0.9',
  'if-none-match': 'W/"1f7-k0XwO550AMiqWJgh7UIG2nbW/iY"'
}
Bearer eyJhbGciOiJIUzI1NiIsInR5cCI6IkpXVCJ9.eyJpZCI6IjZhNGZkNTQ2NDQwMjVkMWU5YzlkODIzMSIsInJvbGUiOiJhZG1pbiIsImlhdCI6MTc4MzcwMTg5MCwiZXhwIjoxNzgzNzAyNzkwfQ.sHGjb4Ckg56veAPeu06Q3F25SOv3rTII6R3RFZLzDyM
{
  host: 'localhost:3000',
  connection: 'keep-alive',
  'sec-ch-ua-platform': '"Windows"',
  authorization: 'Bearer eyJhbGciOiJIUzI1NiIsInR5cCI6IkpXVCJ9.eyJpZCI6IjZhNGZkNTQ2NDQwMjVkMWU5YzlkODIzMSIsInJvbGUiOiJhZG1pbiIsImlhdCI6MTc4MzcwMTg5MCwiZXhwIjoxNzgzNzAyNzkwfQ.sHGjb4Ckg56veAPeu06Q3F25SOv3rTII6R3RFZLzDyM',
  'user-agent': 'Mozilla/5.0 (Windows NT 10.0; Win64; x64) AppleWebKit/537.36 (KHTML, like Gecko) Chrome/149.0.0.0 Safari/537.36',
  'sec-ch-ua': '"Google Chrome";v="149", "Chromium";v="149", "Not)A;Brand";v="24"',
  'sec-ch-ua-mobile': '?0',
  accept: '*/*',
  origin: 'http://localhost:5173',
  'sec-fetch-site': 'same-site',
  'sec-fetch-mode': 'cors',
  'sec-fetch-dest': 'empty',
  referer: 'http://localhost:5173/',
  'accept-encoding': 'gzip, deflate, br, zstd',
  'accept-language': 'en-US,en;q=0.9',
  'if-none-match': 'W/"cb-zbkJMFORwaV0I3joPCu3LGgZqo8"'
}
Bearer eyJhbGciOiJIUzI1NiIsInR5cCI6IkpXVCJ9.eyJpZCI6IjZhNGZkNTQ2NDQwMjVkMWU5YzlkODIzMSIsInJvbGUiOiJhZG1pbiIsImlhdCI6MTc4MzcwMTg5MCwiZXhwIjoxNzgzNzAyNzkwfQ.sHGjb4Ckg56veAPeu06Q3F25SOv3rTII6R3RFZLzDyM
{
  host: 'localhost:3000',
  connection: 'keep-alive',
  'sec-ch-ua-platform': '"Windows"',
  authorization: 'Bearer eyJhbGciOiJIUzI1NiIsInR5cCI6IkpXVCJ9.eyJpZCI6IjZhNGZkNTQ2NDQwMjVkMWU5YzlkODIzMSIsInJvbGUiOiJhZG1pbiIsImlhdCI6MTc4MzcwMTg5MCwiZXhwIjoxNzgzNzAyNzkwfQ.sHGjb4Ckg56veAPeu06Q3F25SOv3rTII6R3RFZLzDyM',
  'user-agent': 'Mozilla/5.0 (Windows NT 10.0; Win64; x64) AppleWebKit/537.36 (KHTML, like Gecko) Chrome/149.0.0.0 Safari/537.36',
  'sec-ch-ua': '"Google Chrome";v="149", "Chromium";v="149", "Not)A;Brand";v="24"',
  'sec-ch-ua-mobile': '?0',
  accept: '*/*',
  origin: 'http://localhost:5173',
  'sec-fetch-site': 'same-site',
  'sec-fetch-mode': 'cors',
  'sec-fetch-dest': 'empty',
  referer: 'http://localhost:5173/',
  'accept-encoding': 'gzip, deflate, br, zstd',
  'accept-language': 'en-US,en;q=0.9',
  'if-none-match': 'W/"cb-zbkJMFORwaV0I3joPCu3LGgZqo8"'
}
Bearer eyJhbGciOiJIUzI1NiIsInR5cCI6IkpXVCJ9.eyJpZCI6IjZhNGZkNTQ2NDQwMjVkMWU5YzlkODIzMSIsInJvbGUiOiJhZG1pbiIsImlhdCI6MTc4MzcwMTg5MCwiZXhwIjoxNzgzNzAyNzkwfQ.sHGjb4Ckg56veAPeu06Q3F25SOv3rTII6R3RFZLzDyM
{
  host: 'localhost:3000',
  connection: 'keep-alive',
  'content-length': '0',
  'sec-ch-ua-platform': '"Windows"',
  authorization: 'Bearer eyJhbGciOiJIUzI1NiIsInR5cCI6IkpXVCJ9.eyJpZCI6IjZhNGZkNTQ2NDQwMjVkMWU5YzlkODIzMSIsInJvbGUiOiJhZG1pbiIsImlhdCI6MTc4MzcwMTg5MCwiZXhwIjoxNzgzNzAyNzkwfQ.sHGjb4Ckg56veAPeu06Q3F25SOv3rTII6R3RFZLzDyM',
  'user-agent': 'Mozilla/5.0 (Windows NT 10.0; Win64; x64) AppleWebKit/537.36 (KHTML, like Gecko) Chrome/149.0.0.0 Safari/537.36',
  'sec-ch-ua': '"Google Chrome";v="149", "Chromium";v="149", "Not)A;Brand";v="24"',
  'sec-ch-ua-mobile': '?0',
  accept: '*/*',
  origin: 'http://localhost:5173',
  'sec-fetch-site': 'same-site',
  'sec-fetch-mode': 'cors',
  'sec-fetch-dest': 'empty',
  referer: 'http://localhost:5173/',
  'accept-encoding': 'gzip, deflate, br, zstd',
  'accept-language': 'en-US,en;q=0.9'
}
Bearer eyJhbGciOiJIUzI1NiIsInR5cCI6IkpXVCJ9.eyJpZCI6IjZhNGZkNTQ2NDQwMjVkMWU5YzlkODIzMSIsInJvbGUiOiJhZG1pbiIsImlhdCI6MTc4MzcwMTg5MCwiZXhwIjoxNzgzNzAyNzkwfQ.sHGjb4Ckg56veAPeu06Q3F25SOv3rTII6R3RFZLzDyM
{
  host: 'localhost:3000',
  connection: 'keep-alive',
  'sec-ch-ua-platform': '"Windows"',
  authorization: 'Bearer eyJhbGciOiJIUzI1NiIsInR5cCI6IkpXVCJ9.eyJpZCI6IjZhNGZkNTQ2NDQwMjVkMWU5YzlkODIzMSIsInJvbGUiOiJhZG1pbiIsImlhdCI6MTc4MzcwMTg5MCwiZXhwIjoxNzgzNzAyNzkwfQ.sHGjb4Ckg56veAPeu06Q3F25SOv3rTII6R3RFZLzDyM',
  'user-agent': 'Mozilla/5.0 (Windows NT 10.0; Win64; x64) AppleWebKit/537.36 (KHTML, like Gecko) Chrome/149.0.0.0 Safari/537.36',
  'sec-ch-ua': '"Google Chrome";v="149", "Chromium";v="149", "Not)A;Brand";v="24"',
  'sec-ch-ua-mobile': '?0',
  accept: '*/*',
  origin: 'http://localhost:5173',
  'sec-fetch-site': 'same-site',
  'sec-fetch-mode': 'cors',
  'sec-fetch-dest': 'empty',
  referer: 'http://localhost:5173/',
  'accept-encoding': 'gzip, deflate, br, zstd',
  'accept-language': 'en-US,en;q=0.9',
  'if-none-match': 'W/"cb-zbkJMFORwaV0I3joPCu3LGgZqo8"'
}
Bearer eyJhbGciOiJIUzI1NiIsInR5cCI6IkpXVCJ9.eyJpZCI6IjZhNGZkNTQ2NDQwMjVkMWU5YzlkODIzMSIsInJvbGUiOiJhZG1pbiIsImlhdCI6MTc4MzcwMTg5MCwiZXhwIjoxNzgzNzAyNzkwfQ.sHGjb4Ckg56veAPeu06Q3F25SOv3rTII6R3RFZLzDyM
{
  host: 'localhost:3000',
  connection: 'keep-alive',
  'sec-ch-ua-platform': '"Windows"',
  authorization: 'Bearer eyJhbGciOiJIUzI1NiIsInR5cCI6IkpXVCJ9.eyJpZCI6IjZhNGZkNTQ2NDQwMjVkMWU5YzlkODIzMSIsInJvbGUiOiJhZG1pbiIsImlhdCI6MTc4MzcwMTg5MCwiZXhwIjoxNzgzNzAyNzkwfQ.sHGjb4Ckg56veAPeu06Q3F25SOv3rTII6R3RFZLzDyM',
  'user-agent': 'Mozilla/5.0 (Windows NT 10.0; Win64; x64) AppleWebKit/537.36 (KHTML, like Gecko) Chrome/149.0.0.0 Safari/537.36',
  'sec-ch-ua': '"Google Chrome";v="149", "Chromium";v="149", "Not)A;Brand";v="24"',
  'sec-ch-ua-mobile': '?0',
  accept: '*/*',
  origin: 'http://localhost:5173',
  'sec-fetch-site': 'same-site',
  'sec-fetch-mode': 'cors',
  'sec-fetch-dest': 'empty',
  referer: 'http://localhost:5173/',
  'accept-encoding': 'gzip, deflate, br, zstd',
  'accept-language': 'en-US,en;q=0.9',
  'if-none-match': 'W/"321-l1TquN/0LZngBMZVRml+KQjzR5M"'
}
Bearer eyJhbGciOiJIUzI1NiIsInR5cCI6IkpXVCJ9.eyJpZCI6IjZhNGZkNTQ2NDQwMjVkMWU5YzlkODIzMSIsInJvbGUiOiJhZG1pbiIsImlhdCI6MTc4MzcwMTg5MCwiZXhwIjoxNzgzNzAyNzkwfQ.sHGjb4Ckg56veAPeu06Q3F25SOv3rTII6R3RFZLzDyM
{
  host: 'localhost:3000',
  connection: 'keep-alive',
  'sec-ch-ua-platform': '"Windows"',
  authorization: 'Bearer eyJhbGciOiJIUzI1NiIsInR5cCI6IkpXVCJ9.eyJpZCI6IjZhNGZkNTQ2NDQwMjVkMWU5YzlkODIzMSIsInJvbGUiOiJhZG1pbiIsImlhdCI6MTc4MzcwMTg5MCwiZXhwIjoxNzgzNzAyNzkwfQ.sHGjb4Ckg56veAPeu06Q3F25SOv3rTII6R3RFZLzDyM',
  'user-agent': 'Mozilla/5.0 (Windows NT 10.0; Win64; x64) AppleWebKit/537.36 (KHTML, like Gecko) Chrome/149.0.0.0 Safari/537.36',
  'sec-ch-ua': '"Google Chrome";v="149", "Chromium";v="149", "Not)A;Brand";v="24"',
  'sec-ch-ua-mobile': '?0',
  accept: '*/*',
  origin: 'http://localhost:5173',
  'sec-fetch-site': 'same-site',
  'sec-fetch-mode': 'cors',
  'sec-fetch-dest': 'empty',
  referer: 'http://localhost:5173/',
  'accept-encoding': 'gzip, deflate, br, zstd',
  'accept-language': 'en-US,en;q=0.9',
  'if-none-match': 'W/"1565-jPLumpHyVzVdYVNzMHvBChqTyeM"'
}
Bearer eyJhbGciOiJIUzI1NiIsInR5cCI6IkpXVCJ9.eyJpZCI6IjZhNGZkNTQ2NDQwMjVkMWU5YzlkODIzMSIsInJvbGUiOiJhZG1pbiIsImlhdCI6MTc4MzcwMTg5MCwiZXhwIjoxNzgzNzAyNzkwfQ.sHGjb4Ckg56veAPeu06Q3F25SOv3rTII6R3RFZLzDyM
{
  host: 'localhost:3000',
  connection: 'keep-alive',
  'sec-ch-ua-platform': '"Windows"',
  authorization: 'Bearer eyJhbGciOiJIUzI1NiIsInR5cCI6IkpXVCJ9.eyJpZCI6IjZhNGZkNTQ2NDQwMjVkMWU5YzlkODIzMSIsInJvbGUiOiJhZG1pbiIsImlhdCI6MTc4MzcwMTg5MCwiZXhwIjoxNzgzNzAyNzkwfQ.sHGjb4Ckg56veAPeu06Q3F25SOv3rTII6R3RFZLzDyM',
  'user-agent': 'Mozilla/5.0 (Windows NT 10.0; Win64; x64) AppleWebKit/537.36 (KHTML, like Gecko) Chrome/149.0.0.0 Safari/537.36',
  'sec-ch-ua': '"Google Chrome";v="149", "Chromium";v="149", "Not)A;Brand";v="24"',
  'sec-ch-ua-mobile': '?0',
  accept: '*/*',
  origin: 'http://localhost:5173',
  'sec-fetch-site': 'same-site',
  'sec-fetch-mode': 'cors',
  'sec-fetch-dest': 'empty',
  referer: 'http://localhost:5173/',
  'accept-encoding': 'gzip, deflate, br, zstd',
  'accept-language': 'en-US,en;q=0.9',
  'if-none-match': 'W/"1565-jPLumpHyVzVdYVNzMHvBChqTyeM"'
}
Bearer eyJhbGciOiJIUzI1NiIsInR5cCI6IkpXVCJ9.eyJpZCI6IjZhNGZkNTQ2NDQwMjVkMWU5YzlkODIzMSIsInJvbGUiOiJhZG1pbiIsImlhdCI6MTc4MzcwMTg5MCwiZXhwIjoxNzgzNzAyNzkwfQ.sHGjb4Ckg56veAPeu06Q3F25SOv3rTII6R3RFZLzDyM
{
  host: 'localhost:3000',
  connection: 'keep-alive',
  'sec-ch-ua-platform': '"Windows"',
  authorization: 'Bearer eyJhbGciOiJIUzI1NiIsInR5cCI6IkpXVCJ9.eyJpZCI6IjZhNGZkNTQ2NDQwMjVkMWU5YzlkODIzMSIsInJvbGUiOiJhZG1pbiIsImlhdCI6MTc4MzcwMTg5MCwiZXhwIjoxNzgzNzAyNzkwfQ.sHGjb4Ckg56veAPeu06Q3F25SOv3rTII6R3RFZLzDyM',
  'user-agent': 'Mozilla/5.0 (Windows NT 10.0; Win64; x64) AppleWebKit/537.36 (KHTML, like Gecko) Chrome/149.0.0.0 Safari/537.36',
  'sec-ch-ua': '"Google Chrome";v="149", "Chromium";v="149", "Not)A;Brand";v="24"',
  'sec-ch-ua-mobile': '?0',
  accept: '*/*',
  origin: 'http://localhost:5173',
  'sec-fetch-site': 'same-site',
  'sec-fetch-mode': 'cors',
  'sec-fetch-dest': 'empty',
  referer: 'http://localhost:5173/',
  'accept-encoding': 'gzip, deflate, br, zstd',
  'accept-language': 'en-US,en;q=0.9',
  'if-none-match': 'W/"7c-eOXo3RJuDDEvIybIvVWLkrNw3Ss"'
}
Bearer eyJhbGciOiJIUzI1NiIsInR5cCI6IkpXVCJ9.eyJpZCI6IjZhNGZkNTQ2NDQwMjVkMWU5YzlkODIzMSIsInJvbGUiOiJhZG1pbiIsImlhdCI6MTc4MzcwMTg5MCwiZXhwIjoxNzgzNzAyNzkwfQ.sHGjb4Ckg56veAPeu06Q3F25SOv3rTII6R3RFZLzDyM
{
  host: 'localhost:3000',
  connection: 'keep-alive',
  'sec-ch-ua-platform': '"Windows"',
  authorization: 'Bearer eyJhbGciOiJIUzI1NiIsInR5cCI6IkpXVCJ9.eyJpZCI6IjZhNGZkNTQ2NDQwMjVkMWU5YzlkODIzMSIsInJvbGUiOiJhZG1pbiIsImlhdCI6MTc4MzcwMTg5MCwiZXhwIjoxNzgzNzAyNzkwfQ.sHGjb4Ckg56veAPeu06Q3F25SOv3rTII6R3RFZLzDyM',
  'user-agent': 'Mozilla/5.0 (Windows NT 10.0; Win64; x64) AppleWebKit/537.36 (KHTML, like Gecko) Chrome/149.0.0.0 Safari/537.36',
  'sec-ch-ua': '"Google Chrome";v="149", "Chromium";v="149", "Not)A;Brand";v="24"',
  'sec-ch-ua-mobile': '?0',
  accept: '*/*',
  origin: 'http://localhost:5173',
  'sec-fetch-site': 'same-site',
  'sec-fetch-mode': 'cors',
  'sec-fetch-dest': 'empty',
  referer: 'http://localhost:5173/',
  'accept-encoding': 'gzip, deflate, br, zstd',
  'accept-language': 'en-US,en;q=0.9',
  'if-none-match': 'W/"7c-eOXo3RJuDDEvIybIvVWLkrNw3Ss"'
}
Bearer eyJhbGciOiJIUzI1NiIsInR5cCI6IkpXVCJ9.eyJpZCI6IjZhNGZkNTQ2NDQwMjVkMWU5YzlkODIzMSIsInJvbGUiOiJhZG1pbiIsImlhdCI6MTc4MzcwMTg5MCwiZXhwIjoxNzgzNzAyNzkwfQ.sHGjb4Ckg56veAPeu06Q3F25SOv3rTII6R3RFZLzDyM
{
  host: 'localhost:3000',
  connection: 'keep-alive',
  'sec-ch-ua-platform': '"Windows"',
  authorization: 'Bearer eyJhbGciOiJIUzI1NiIsInR5cCI6IkpXVCJ9.eyJpZCI6IjZhNGZkNTQ2NDQwMjVkMWU5YzlkODIzMSIsInJvbGUiOiJhZG1pbiIsImlhdCI6MTc4MzcwMTg5MCwiZXhwIjoxNzgzNzAyNzkwfQ.sHGjb4Ckg56veAPeu06Q3F25SOv3rTII6R3RFZLzDyM',
  'user-agent': 'Mozilla/5.0 (Windows NT 10.0; Win64; x64) AppleWebKit/537.36 (KHTML, like Gecko) Chrome/149.0.0.0 Safari/537.36',
  'sec-ch-ua': '"Google Chrome";v="149", "Chromium";v="149", "Not)A;Brand";v="24"',
  'sec-ch-ua-mobile': '?0',
  accept: '*/*',
  origin: 'http://localhost:5173',
  'sec-fetch-site': 'same-site',
  'sec-fetch-mode': 'cors',
  'sec-fetch-dest': 'empty',
  referer: 'http://localhost:5173/',
  'accept-encoding': 'gzip, deflate, br, zstd',
  'accept-language': 'en-US,en;q=0.9',
  'if-none-match': 'W/"1565-jPLumpHyVzVdYVNzMHvBChqTyeM"'
}
Bearer eyJhbGciOiJIUzI1NiIsInR5cCI6IkpXVCJ9.eyJpZCI6IjZhNGZkNTQ2NDQwMjVkMWU5YzlkODIzMSIsInJvbGUiOiJhZG1pbiIsImlhdCI6MTc4MzcwMTg5MCwiZXhwIjoxNzgzNzAyNzkwfQ.sHGjb4Ckg56veAPeu06Q3F25SOv3rTII6R3RFZLzDyM
{
  host: 'localhost:3000',
  connection: 'keep-alive',
  'sec-ch-ua-platform': '"Windows"',
  authorization: 'Bearer eyJhbGciOiJIUzI1NiIsInR5cCI6IkpXVCJ9.eyJpZCI6IjZhNGZkNTQ2NDQwMjVkMWU5YzlkODIzMSIsInJvbGUiOiJhZG1pbiIsImlhdCI6MTc4MzcwMTg5MCwiZXhwIjoxNzgzNzAyNzkwfQ.sHGjb4Ckg56veAPeu06Q3F25SOv3rTII6R3RFZLzDyM',
  'user-agent': 'Mozilla/5.0 (Windows NT 10.0; Win64; x64) AppleWebKit/537.36 (KHTML, like Gecko) Chrome/149.0.0.0 Safari/537.36',
  'sec-ch-ua': '"Google Chrome";v="149", "Chromium";v="149", "Not)A;Brand";v="24"',
  'sec-ch-ua-mobile': '?0',
  accept: '*/*',
  origin: 'http://localhost:5173',
  'sec-fetch-site': 'same-site',
  'sec-fetch-mode': 'cors',
  'sec-fetch-dest': 'empty',
  referer: 'http://localhost:5173/',
  'accept-encoding': 'gzip, deflate, br, zstd',
  'accept-language': 'en-US,en;q=0.9',
  'if-none-match': 'W/"1565-jPLumpHyVzVdYVNzMHvBChqTyeM"'
}
Bearer eyJhbGciOiJIUzI1NiIsInR5cCI6IkpXVCJ9.eyJpZCI6IjZhNGZkNTQ2NDQwMjVkMWU5YzlkODIzMSIsInJvbGUiOiJhZG1pbiIsImlhdCI6MTc4MzcwMTg5MCwiZXhwIjoxNzgzNzAyNzkwfQ.sHGjb4Ckg56veAPeu06Q3F25SOv3rTII6R3RFZLzDyM
{
  host: 'localhost:3000',
  connection: 'keep-alive',
  'sec-ch-ua-platform': '"Windows"',
  authorization: 'Bearer eyJhbGciOiJIUzI1NiIsInR5cCI6IkpXVCJ9.eyJpZCI6IjZhNGZkNTQ2NDQwMjVkMWU5YzlkODIzMSIsInJvbGUiOiJhZG1pbiIsImlhdCI6MTc4MzcwMTg5MCwiZXhwIjoxNzgzNzAyNzkwfQ.sHGjb4Ckg56veAPeu06Q3F25SOv3rTII6R3RFZLzDyM',
  'user-agent': 'Mozilla/5.0 (Windows NT 10.0; Win64; x64) AppleWebKit/537.36 (KHTML, like Gecko) Chrome/149.0.0.0 Safari/537.36',
  'sec-ch-ua': '"Google Chrome";v="149", "Chromium";v="149", "Not)A;Brand";v="24"',
  'sec-ch-ua-mobile': '?0',
  accept: '*/*',
  origin: 'http://localhost:5173',
  'sec-fetch-site': 'same-site',
  'sec-fetch-mode': 'cors',
  'sec-fetch-dest': 'empty',
  referer: 'http://localhost:5173/',
  'accept-encoding': 'gzip, deflate, br, zstd',
  'accept-language': 'en-US,en;q=0.9',
  'if-none-match': 'W/"1565-jPLumpHyVzVdYVNzMHvBChqTyeM"'
}
Bearer eyJhbGciOiJIUzI1NiIsInR5cCI6IkpXVCJ9.eyJpZCI6IjZhNGZkNTQ2NDQwMjVkMWU5YzlkODIzMSIsInJvbGUiOiJhZG1pbiIsImlhdCI6MTc4MzcwMTg5MCwiZXhwIjoxNzgzNzAyNzkwfQ.sHGjb4Ckg56veAPeu06Q3F25SOv3rTII6R3RFZLzDyM
{
  host: 'localhost:3000',
  connection: 'keep-alive',
  'sec-ch-ua-platform': '"Windows"',
  authorization: 'Bearer eyJhbGciOiJIUzI1NiIsInR5cCI6IkpXVCJ9.eyJpZCI6IjZhNGZkNTQ2NDQwMjVkMWU5YzlkODIzMSIsInJvbGUiOiJhZG1pbiIsImlhdCI6MTc4MzcwMTg5MCwiZXhwIjoxNzgzNzAyNzkwfQ.sHGjb4Ckg56veAPeu06Q3F25SOv3rTII6R3RFZLzDyM',
  'user-agent': 'Mozilla/5.0 (Windows NT 10.0; Win64; x64) AppleWebKit/537.36 (KHTML, like Gecko) Chrome/149.0.0.0 Safari/537.36',
  'sec-ch-ua': '"Google Chrome";v="149", "Chromium";v="149", "Not)A;Brand";v="24"',
  'sec-ch-ua-mobile': '?0',
  accept: '*/*',
  origin: 'http://localhost:5173',
  'sec-fetch-site': 'same-site',
  'sec-fetch-mode': 'cors',
  'sec-fetch-dest': 'empty',
  referer: 'http://localhost:5173/',
  'accept-encoding': 'gzip, deflate, br, zstd',
  'accept-language': 'en-US,en;q=0.9',
  'if-none-match': 'W/"1565-jPLumpHyVzVdYVNzMHvBChqTyeM"'
}
Bearer eyJhbGciOiJIUzI1NiIsInR5cCI6IkpXVCJ9.eyJpZCI6IjZhNGZkNTQ2NDQwMjVkMWU5YzlkODIzMSIsInJvbGUiOiJhZG1pbiIsImlhdCI6MTc4MzcwMTg5MCwiZXhwIjoxNzgzNzAyNzkwfQ.sHGjb4Ckg56veAPeu06Q3F25SOv3rTII6R3RFZLzDyM
{
  host: 'localhost:3000',
  connection: 'keep-alive',
  'sec-ch-ua-platform': '"Windows"',
  authorization: 'Bearer eyJhbGciOiJIUzI1NiIsInR5cCI6IkpXVCJ9.eyJpZCI6IjZhNGZkNTQ2NDQwMjVkMWU5YzlkODIzMSIsInJvbGUiOiJhZG1pbiIsImlhdCI6MTc4MzcwMTg5MCwiZXhwIjoxNzgzNzAyNzkwfQ.sHGjb4Ckg56veAPeu06Q3F25SOv3rTII6R3RFZLzDyM',
  'user-agent': 'Mozilla/5.0 (Windows NT 10.0; Win64; x64) AppleWebKit/537.36 (KHTML, like Gecko) Chrome/149.0.0.0 Safari/537.36',
  'sec-ch-ua': '"Google Chrome";v="149", "Chromium";v="149", "Not)A;Brand";v="24"',
  'sec-ch-ua-mobile': '?0',
  accept: '*/*',
  origin: 'http://localhost:5173',
  'sec-fetch-site': 'same-site',
  'sec-fetch-mode': 'cors',
  'sec-fetch-dest': 'empty',
  referer: 'http://localhost:5173/',
  'accept-encoding': 'gzip, deflate, br, zstd',
  'accept-language': 'en-US,en;q=0.9',
  'if-none-match': 'W/"1565-jPLumpHyVzVdYVNzMHvBChqTyeM"'
}
Bearer eyJhbGciOiJIUzI1NiIsInR5cCI6IkpXVCJ9.eyJpZCI6IjZhNGZkNTQ2NDQwMjVkMWU5YzlkODIzMSIsInJvbGUiOiJhZG1pbiIsImlhdCI6MTc4MzcwMTg5MCwiZXhwIjoxNzgzNzAyNzkwfQ.sHGjb4Ckg56veAPeu06Q3F25SOv3rTII6R3RFZLzDyM
{
  host: 'localhost:3000',
  connection: 'keep-alive',
  'sec-ch-ua-platform': '"Windows"',
  authorization: 'Bearer eyJhbGciOiJIUzI1NiIsInR5cCI6IkpXVCJ9.eyJpZCI6IjZhNGZkNTQ2NDQwMjVkMWU5YzlkODIzMSIsInJvbGUiOiJhZG1pbiIsImlhdCI6MTc4MzcwMTg5MCwiZXhwIjoxNzgzNzAyNzkwfQ.sHGjb4Ckg56veAPeu06Q3F25SOv3rTII6R3RFZLzDyM',
  'user-agent': 'Mozilla/5.0 (Windows NT 10.0; Win64; x64) AppleWebKit/537.36 (KHTML, like Gecko) Chrome/149.0.0.0 Safari/537.36',
  'sec-ch-ua': '"Google Chrome";v="149", "Chromium";v="149", "Not)A;Brand";v="24"',
  'sec-ch-ua-mobile': '?0',
  accept: '*/*',
  origin: 'http://localhost:5173',
  'sec-fetch-site': 'same-site',
  'sec-fetch-mode': 'cors',
  'sec-fetch-dest': 'empty',
  referer: 'http://localhost:5173/',
  'accept-encoding': 'gzip, deflate, br, zstd',
  'accept-language': 'en-US,en;q=0.9',
  'if-none-match': 'W/"d7-Y0+hoRws0KIMm41NFiVinhgx/ps"'
}
Bearer eyJhbGciOiJIUzI1NiIsInR5cCI6IkpXVCJ9.eyJpZCI6IjZhNGZkNTQ2NDQwMjVkMWU5YzlkODIzMSIsInJvbGUiOiJhZG1pbiIsImlhdCI6MTc4MzcwMTg5MCwiZXhwIjoxNzgzNzAyNzkwfQ.sHGjb4Ckg56veAPeu06Q3F25SOv3rTII6R3RFZLzDyM
{
  host: 'localhost:3000',
  connection: 'keep-alive',
  'sec-ch-ua-platform': '"Windows"',
  authorization: 'Bearer eyJhbGciOiJIUzI1NiIsInR5cCI6IkpXVCJ9.eyJpZCI6IjZhNGZkNTQ2NDQwMjVkMWU5YzlkODIzMSIsInJvbGUiOiJhZG1pbiIsImlhdCI6MTc4MzcwMTg5MCwiZXhwIjoxNzgzNzAyNzkwfQ.sHGjb4Ckg56veAPeu06Q3F25SOv3rTII6R3RFZLzDyM',
  'user-agent': 'Mozilla/5.0 (Windows NT 10.0; Win64; x64) AppleWebKit/537.36 (KHTML, like Gecko) Chrome/149.0.0.0 Safari/537.36',
  'sec-ch-ua': '"Google Chrome";v="149", "Chromium";v="149", "Not)A;Brand";v="24"',
  'sec-ch-ua-mobile': '?0',
  accept: '*/*',
  origin: 'http://localhost:5173',
  'sec-fetch-site': 'same-site',
  'sec-fetch-mode': 'cors',
  'sec-fetch-dest': 'empty',
  referer: 'http://localhost:5173/',
  'accept-encoding': 'gzip, deflate, br, zstd',
  'accept-language': 'en-US,en;q=0.9',
  'if-none-match': 'W/"321-l1TquN/0LZngBMZVRml+KQjzR5M"'
}
Bearer eyJhbGciOiJIUzI1NiIsInR5cCI6IkpXVCJ9.eyJpZCI6IjZhNGZkNTQ2NDQwMjVkMWU5YzlkODIzMSIsInJvbGUiOiJhZG1pbiIsImlhdCI6MTc4MzcwMTg5MCwiZXhwIjoxNzgzNzAyNzkwfQ.sHGjb4Ckg56veAPeu06Q3F25SOv3rTII6R3RFZLzDyM
{
  host: 'localhost:3000',
  connection: 'keep-alive',
  'sec-ch-ua-platform': '"Windows"',
  authorization: 'Bearer eyJhbGciOiJIUzI1NiIsInR5cCI6IkpXVCJ9.eyJpZCI6IjZhNGZkNTQ2NDQwMjVkMWU5YzlkODIzMSIsInJvbGUiOiJhZG1pbiIsImlhdCI6MTc4MzcwMTg5MCwiZXhwIjoxNzgzNzAyNzkwfQ.sHGjb4Ckg56veAPeu06Q3F25SOv3rTII6R3RFZLzDyM',
  'user-agent': 'Mozilla/5.0 (Windows NT 10.0; Win64; x64) AppleWebKit/537.36 (KHTML, like Gecko) Chrome/149.0.0.0 Safari/537.36',
  'sec-ch-ua': '"Google Chrome";v="149", "Chromium";v="149", "Not)A;Brand";v="24"',
  'sec-ch-ua-mobile': '?0',
  accept: '*/*',
  origin: 'http://localhost:5173',
  'sec-fetch-site': 'same-site',
  'sec-fetch-mode': 'cors',
  'sec-fetch-dest': 'empty',
  referer: 'http://localhost:5173/',
  'accept-encoding': 'gzip, deflate, br, zstd',
  'accept-language': 'en-US,en;q=0.9',
  'if-none-match': 'W/"1565-jPLumpHyVzVdYVNzMHvBChqTyeM"'
}
Bearer eyJhbGciOiJIUzI1NiIsInR5cCI6IkpXVCJ9.eyJpZCI6IjZhNGZkNTQ2NDQwMjVkMWU5YzlkODIzMSIsInJvbGUiOiJhZG1pbiIsImlhdCI6MTc4MzcwMTg5MCwiZXhwIjoxNzgzNzAyNzkwfQ.sHGjb4Ckg56veAPeu06Q3F25SOv3rTII6R3RFZLzDyM
{
  host: 'localhost:3000',
  connection: 'keep-alive',
  'sec-ch-ua-platform': '"Windows"',
  authorization: 'Bearer eyJhbGciOiJIUzI1NiIsInR5cCI6IkpXVCJ9.eyJpZCI6IjZhNGZkNTQ2NDQwMjVkMWU5YzlkODIzMSIsInJvbGUiOiJhZG1pbiIsImlhdCI6MTc4MzcwMTg5MCwiZXhwIjoxNzgzNzAyNzkwfQ.sHGjb4Ckg56veAPeu06Q3F25SOv3rTII6R3RFZLzDyM',
  'user-agent': 'Mozilla/5.0 (Windows NT 10.0; Win64; x64) AppleWebKit/537.36 (KHTML, like Gecko) Chrome/149.0.0.0 Safari/537.36',
  'sec-ch-ua': '"Google Chrome";v="149", "Chromium";v="149", "Not)A;Brand";v="24"',
  'sec-ch-ua-mobile': '?0',
  accept: '*/*',
  origin: 'http://localhost:5173',
  'sec-fetch-site': 'same-site',
  'sec-fetch-mode': 'cors',
  'sec-fetch-dest': 'empty',
  referer: 'http://localhost:5173/',
  'accept-encoding': 'gzip, deflate, br, zstd',
  'accept-language': 'en-US,en;q=0.9',
  'if-none-match': 'W/"d7-Y0+hoRws0KIMm41NFiVinhgx/ps"'
}
Bearer eyJhbGciOiJIUzI1NiIsInR5cCI6IkpXVCJ9.eyJpZCI6IjZhNGZkNTQ2NDQwMjVkMWU5YzlkODIzMSIsInJvbGUiOiJhZG1pbiIsImlhdCI6MTc4MzcwMTg5MCwiZXhwIjoxNzgzNzAyNzkwfQ.sHGjb4Ckg56veAPeu06Q3F25SOv3rTII6R3RFZLzDyM
{
  host: 'localhost:3000',
  connection: 'keep-alive',
  'sec-ch-ua-platform': '"Windows"',
  authorization: 'Bearer eyJhbGciOiJIUzI1NiIsInR5cCI6IkpXVCJ9.eyJpZCI6IjZhNGZkNTQ2NDQwMjVkMWU5YzlkODIzMSIsInJvbGUiOiJhZG1pbiIsImlhdCI6MTc4MzcwMTg5MCwiZXhwIjoxNzgzNzAyNzkwfQ.sHGjb4Ckg56veAPeu06Q3F25SOv3rTII6R3RFZLzDyM',
  'user-agent': 'Mozilla/5.0 (Windows NT 10.0; Win64; x64) AppleWebKit/537.36 (KHTML, like Gecko) Chrome/149.0.0.0 Safari/537.36',
  'sec-ch-ua': '"Google Chrome";v="149", "Chromium";v="149", "Not)A;Brand";v="24"',
  'sec-ch-ua-mobile': '?0',
  accept: '*/*',
  origin: 'http://localhost:5173',
  'sec-fetch-site': 'same-site',
  'sec-fetch-mode': 'cors',
  'sec-fetch-dest': 'empty',
  referer: 'http://localhost:5173/',
  'accept-encoding': 'gzip, deflate, br, zstd',
  'accept-language': 'en-US,en;q=0.9',
  'if-none-match': 'W/"321-l1TquN/0LZngBMZVRml+KQjzR5M"'
}
Bearer eyJhbGciOiJIUzI1NiIsInR5cCI6IkpXVCJ9.eyJpZCI6IjZhNGZkNTQ2NDQwMjVkMWU5YzlkODIzMSIsInJvbGUiOiJhZG1pbiIsImlhdCI6MTc4MzcwMTg5MCwiZXhwIjoxNzgzNzAyNzkwfQ.sHGjb4Ckg56veAPeu06Q3F25SOv3rTII6R3RFZLzDyM
{
  host: 'localhost:3000',
  connection: 'keep-alive',
  'sec-ch-ua-platform': '"Windows"',
  authorization: 'Bearer eyJhbGciOiJIUzI1NiIsInR5cCI6IkpXVCJ9.eyJpZCI6IjZhNGZkNTQ2NDQwMjVkMWU5YzlkODIzMSIsInJvbGUiOiJhZG1pbiIsImlhdCI6MTc4MzcwNDI4MCwiZXhwIjoxNzgzNzA1MTgwfQ.ixSbo2dCSTMNBNFpT-zLXuRCA-zoj0j9KQoXnywvACs',
  'user-agent': 'Mozilla/5.0 (Windows NT 10.0; Win64; x64) AppleWebKit/537.36 (KHTML, like Gecko) Chrome/149.0.0.0 Safari/537.36',
  'sec-ch-ua': '"Google Chrome";v="149", "Chromium";v="149", "Not)A;Brand";v="24"',
  'sec-ch-ua-mobile': '?0',
  accept: '*/*',
  origin: 'http://localhost:5173',
  'sec-fetch-site': 'same-site',
  'sec-fetch-mode': 'cors',
  'sec-fetch-dest': 'empty',
  referer: 'http://localhost:5173/',
  'accept-encoding': 'gzip, deflate, br, zstd',
  'accept-language': 'en-US,en;q=0.9',
  'if-none-match': 'W/"1565-jPLumpHyVzVdYVNzMHvBChqTyeM"'
}
Bearer eyJhbGciOiJIUzI1NiIsInR5cCI6IkpXVCJ9.eyJpZCI6IjZhNGZkNTQ2NDQwMjVkMWU5YzlkODIzMSIsInJvbGUiOiJhZG1pbiIsImlhdCI6MTc4MzcwNDI4MCwiZXhwIjoxNzgzNzA1MTgwfQ.ixSbo2dCSTMNBNFpT-zLXuRCA-zoj0j9KQoXnywvACs
{
  host: 'localhost:3000',
  connection: 'keep-alive',
  'sec-ch-ua-platform': '"Windows"',
  authorization: 'Bearer eyJhbGciOiJIUzI1NiIsInR5cCI6IkpXVCJ9.eyJpZCI6IjZhNGZkNTQ2NDQwMjVkMWU5YzlkODIzMSIsInJvbGUiOiJhZG1pbiIsImlhdCI6MTc4MzcwNDI4MCwiZXhwIjoxNzgzNzA1MTgwfQ.ixSbo2dCSTMNBNFpT-zLXuRCA-zoj0j9KQoXnywvACs',
  'user-agent': 'Mozilla/5.0 (Windows NT 10.0; Win64; x64) AppleWebKit/537.36 (KHTML, like Gecko) Chrome/149.0.0.0 Safari/537.36',
  'sec-ch-ua': '"Google Chrome";v="149", "Chromium";v="149", "Not)A;Brand";v="24"',
  'sec-ch-ua-mobile': '?0',
  accept: '*/*',
  origin: 'http://localhost:5173',
  'sec-fetch-site': 'same-site',
  'sec-fetch-mode': 'cors',
  'sec-fetch-dest': 'empty',
  referer: 'http://localhost:5173/',
  'accept-encoding': 'gzip, deflate, br, zstd',
  'accept-language': 'en-US,en;q=0.9',
  'if-none-match': 'W/"d7-Y0+hoRws0KIMm41NFiVinhgx/ps"'
}
Bearer eyJhbGciOiJIUzI1NiIsInR5cCI6IkpXVCJ9.eyJpZCI6IjZhNGZkNTQ2NDQwMjVkMWU5YzlkODIzMSIsInJvbGUiOiJhZG1pbiIsImlhdCI6MTc4MzcwNDI4MCwiZXhwIjoxNzgzNzA1MTgwfQ.ixSbo2dCSTMNBNFpT-zLXuRCA-zoj0j9KQoXnywvACs
{
  host: 'localhost:3000',
  connection: 'keep-alive',
  'sec-ch-ua-platform': '"Windows"',
  authorization: 'Bearer eyJhbGciOiJIUzI1NiIsInR5cCI6IkpXVCJ9.eyJpZCI6IjZhNGZkNTQ2NDQwMjVkMWU5YzlkODIzMSIsInJvbGUiOiJhZG1pbiIsImlhdCI6MTc4MzcwNDI4MCwiZXhwIjoxNzgzNzA1MTgwfQ.ixSbo2dCSTMNBNFpT-zLXuRCA-zoj0j9KQoXnywvACs',
  'user-agent': 'Mozilla/5.0 (Windows NT 10.0; Win64; x64) AppleWebKit/537.36 (KHTML, like Gecko) Chrome/149.0.0.0 Safari/537.36',
  'sec-ch-ua': '"Google Chrome";v="149", "Chromium";v="149", "Not)A;Brand";v="24"',
  'sec-ch-ua-mobile': '?0',
  accept: '*/*',
  origin: 'http://localhost:5173',
  'sec-fetch-site': 'same-site',
  'sec-fetch-mode': 'cors',
  'sec-fetch-dest': 'empty',
  referer: 'http://localhost:5173/',
  'accept-encoding': 'gzip, deflate, br, zstd',
  'accept-language': 'en-US,en;q=0.9',
  'if-none-match': 'W/"321-l1TquN/0LZngBMZVRml+KQjzR5M"'
}
Bearer eyJhbGciOiJIUzI1NiIsInR5cCI6IkpXVCJ9.eyJpZCI6IjZhNGZkNTQ2NDQwMjVkMWU5YzlkODIzMSIsInJvbGUiOiJhZG1pbiIsImlhdCI6MTc4MzcwNDI4MCwiZXhwIjoxNzgzNzA1MTgwfQ.ixSbo2dCSTMNBNFpT-zLXuRCA-zoj0j9KQoXnywvACs
MongoServerSelectionError: getaddrinfo ENOTFOUND ac-1oimfhq-shard-00-00.eq90pwy.mongodb.net
    at Topology.selectServer (D:\backend\project\backend\node_modules\mongodb\lib\sdam\topology.js:348:38)
    at async executeOperationWithRetries (D:\backend\project\backend\node_modules\mongodb\lib\operations\execute_operation.js:157:18)
    at async executeOperation (D:\backend\project\backend\node_modules\mongodb\lib\operations\execute_operation.js:83:16)
    at async FindCursor._initialize (D:\backend\project\backend\node_modules\mongodb\lib\cursor\find_cursor.js:62:26)
    at async FindCursor.cursorInit (D:\backend\project\backend\node_modules\mongodb\lib\cursor\abstract_cursor.js:620:27)
    at async FindCursor.fetchBatch (D:\backend\project\backend\node_modules\mongodb\lib\cursor\abstract_cursor.js:654:13)
    at async FindCursor.next (D:\backend\project\backend\node_modules\mongodb\lib\cursor\abstract_cursor.js:326:17)
    at async [Symbol.asyncIterator] (D:\backend\project\backend\node_modules\mongodb\lib\cursor\abstract_cursor.js:254:34)
    at async FindCursor.toArray (D:\backend\project\backend\node_modules\mongodb\lib\cursor\abstract_cursor.js:406:26)
    at async model.Query._find (D:\backend\project\backend\node_modules\mongoose\lib\query.js:2475:14) {
  errorLabelSet: Set(0) {},
  reason: TopologyDescription {
    type: 'ReplicaSetNoPrimary',
    servers: Map(3) {
      'ac-1oimfhq-shard-00-00.eq90pwy.mongodb.net:27017' => [ServerDescription],
      'ac-1oimfhq-shard-00-01.eq90pwy.mongodb.net:27017' => [ServerDescription],
      'ac-1oimfhq-shard-00-02.eq90pwy.mongodb.net:27017' => [ServerDescription]
    },
    stale: false,
    compatible: true,
    heartbeatFrequencyMS: 10000,
    localThresholdMS: 15,
    setName: 'atlas-hk4rcp-shard-0',
    maxElectionId: new ObjectId('7fffffff000000000000013a'),
    maxSetVersion: 326,
    commonWireVersion: 25,
    logicalSessionTimeoutMinutes: 30
  },
  code: undefined,
  [cause]: MongoNetworkError: getaddrinfo ENOTFOUND ac-1oimfhq-shard-00-00.eq90pwy.mongodb.net
      at TLSSocket.<anonymous> (D:\backend\project\backend\node_modules\mongodb\lib\cmap\connect.js:314:44)
      at Object.onceWrapper (node:events:623:26)
      at TLSSocket.emit (node:events:508:28)
      at emitErrorNT (node:internal/streams/destroy:170:8)
      at emitErrorCloseNT (node:internal/streams/destroy:129:3)
      at process.processTicksAndRejections (node:internal/process/task_queues:90:21) {
    errorLabelSet: Set(3) { 'SystemOverloadedError', 'RetryableError', 'ResetPool' },
    beforeHandshake: false,
    [cause]: Error: getaddrinfo ENOTFOUND ac-1oimfhq-shard-00-00.eq90pwy.mongodb.net
        at GetAddrInfoReqWrap.onlookupall [as oncomplete] (node:dns:122:26) {
      errno: -3008,
      code: 'ENOTFOUND',
      syscall: 'getaddrinfo',
      hostname: 'ac-1oimfhq-shard-00-00.eq90pwy.mongodb.net'
    }
  }
}
MongoServerSelectionError: getaddrinfo ENOTFOUND ac-1oimfhq-shard-00-00.eq90pwy.mongodb.net
    at Topology.selectServer (D:\backend\project\backend\node_modules\mongodb\lib\sdam\topology.js:348:38)
    at runNextTicks (node:internal/process/task_queues:65:5)
    at process.processTimers (node:internal/timers:538:9)
    at async executeOperationWithRetries (D:\backend\project\backend\node_modules\mongodb\lib\operations\execute_operation.js:157:18)
    at async executeOperation (D:\backend\project\backend\node_modules\mongodb\lib\operations\execute_operation.js:83:16)
    at async FindCursor._initialize (D:\backend\project\backend\node_modules\mongodb\lib\cursor\find_cursor.js:62:26)
    at async FindCursor.cursorInit (D:\backend\project\backend\node_modules\mongodb\lib\cursor\abstract_cursor.js:620:27)
    at async FindCursor.fetchBatch (D:\backend\project\backend\node_modules\mongodb\lib\cursor\abstract_cursor.js:654:13)
    at async FindCursor.next (D:\backend\project\backend\node_modules\mongodb\lib\cursor\abstract_cursor.js:326:17)
    at async [Symbol.asyncIterator] (D:\backend\project\backend\node_modules\mongodb\lib\cursor\abstract_cursor.js:254:34) {
  errorLabelSet: Set(0) {},
  reason: TopologyDescription {
    type: 'ReplicaSetNoPrimary',
    servers: Map(3) {
      'ac-1oimfhq-shard-00-00.eq90pwy.mongodb.net:27017' => [ServerDescription],
      'ac-1oimfhq-shard-00-01.eq90pwy.mongodb.net:27017' => [ServerDescription],
      'ac-1oimfhq-shard-00-02.eq90pwy.mongodb.net:27017' => [ServerDescription]
    },
    stale: false,
    compatible: true,
    heartbeatFrequencyMS: 10000,
    localThresholdMS: 15,
    setName: 'atlas-hk4rcp-shard-0',
    maxElectionId: new ObjectId('7fffffff000000000000013a'),
    maxSetVersion: 326,
    commonWireVersion: 25,
    logicalSessionTimeoutMinutes: 30
  },
  code: undefined,
  [cause]: MongoNetworkError: getaddrinfo ENOTFOUND ac-1oimfhq-shard-00-00.eq90pwy.mongodb.net
      at TLSSocket.<anonymous> (D:\backend\project\backend\node_modules\mongodb\lib\cmap\connect.js:314:44)
      at Object.onceWrapper (node:events:623:26)
      at TLSSocket.emit (node:events:508:28)
      at emitErrorNT (node:internal/streams/destroy:170:8)
      at emitErrorCloseNT (node:internal/streams/destroy:129:3)
      at process.processTicksAndRejections (node:internal/process/task_queues:90:21) {
    errorLabelSet: Set(3) { 'SystemOverloadedError', 'RetryableError', 'ResetPool' },
    beforeHandshake: false,
    [cause]: Error: getaddrinfo ENOTFOUND ac-1oimfhq-shard-00-00.eq90pwy.mongodb.net
        at GetAddrInfoReqWrap.onlookupall [as oncomplete] (node:dns:122:26) {
      errno: -3008,
      code: 'ENOTFOUND',
      syscall: 'getaddrinfo',
      hostname: 'ac-1oimfhq-shard-00-00.eq90pwy.mongodb.net'
    }
  }
}
{
  host: 'localhost:3000',
  connection: 'keep-alive',
  'sec-ch-ua-platform': '"Windows"',
  authorization: 'Bearer eyJhbGciOiJIUzI1NiIsInR5cCI6IkpXVCJ9.eyJpZCI6IjZhNGZkNTQ2NDQwMjVkMWU5YzlkODIzMSIsInJvbGUiOiJhZG1pbiIsImlhdCI6MTc4MzcwNDI4MSwiZXhwIjoxNzgzNzA1MTgxfQ.SXNtD-400ue01724J78iDDqBKGG0FjMD5eDWeBEc5TQ',
  'user-agent': 'Mozilla/5.0 (Windows NT 10.0; Win64; x64) AppleWebKit/537.36 (KHTML, like Gecko) Chrome/149.0.0.0 Safari/537.36',
  'sec-ch-ua': '"Google Chrome";v="149", "Chromium";v="149", "Not)A;Brand";v="24"',
  'sec-ch-ua-mobile': '?0',
  accept: '*/*',
  origin: 'http://localhost:5173',
  'sec-fetch-site': 'same-site',
  'sec-fetch-mode': 'cors',
  'sec-fetch-dest': 'empty',
  referer: 'http://localhost:5173/',
  'accept-encoding': 'gzip, deflate, br, zstd',
  'accept-language': 'en-US,en;q=0.9'
}
Bearer eyJhbGciOiJIUzI1NiIsInR5cCI6IkpXVCJ9.eyJpZCI6IjZhNGZkNTQ2NDQwMjVkMWU5YzlkODIzMSIsInJvbGUiOiJhZG1pbiIsImlhdCI6MTc4MzcwNDI4MSwiZXhwIjoxNzgzNzA1MTgxfQ.SXNtD-400ue01724J78iDDqBKGG0FjMD5eDWeBEc5TQ
{
  host: 'localhost:3000',
  connection: 'keep-alive',
  'sec-ch-ua-platform': '"Windows"',
  authorization: 'Bearer eyJhbGciOiJIUzI1NiIsInR5cCI6IkpXVCJ9.eyJpZCI6IjZhNGZkNTQ2NDQwMjVkMWU5YzlkODIzMSIsInJvbGUiOiJhZG1pbiIsImlhdCI6MTc4MzcwNDI4MSwiZXhwIjoxNzgzNzA1MTgxfQ.SXNtD-400ue01724J78iDDqBKGG0FjMD5eDWeBEc5TQ',
  'user-agent': 'Mozilla/5.0 (Windows NT 10.0; Win64; x64) AppleWebKit/537.36 (KHTML, like Gecko) Chrome/149.0.0.0 Safari/537.36',
  'sec-ch-ua': '"Google Chrome";v="149", "Chromium";v="149", "Not)A;Brand";v="24"',
  'sec-ch-ua-mobile': '?0',
  accept: '*/*',
  origin: 'http://localhost:5173',
  'sec-fetch-site': 'same-site',
  'sec-fetch-mode': 'cors',
  'sec-fetch-dest': 'empty',
  referer: 'http://localhost:5173/',
  'accept-encoding': 'gzip, deflate, br, zstd',
  'accept-language': 'en-US,en;q=0.9'
}
Bearer eyJhbGciOiJIUzI1NiIsInR5cCI6IkpXVCJ9.eyJpZCI6IjZhNGZkNTQ2NDQwMjVkMWU5YzlkODIzMSIsInJvbGUiOiJhZG1pbiIsImlhdCI6MTc4MzcwNDI4MSwiZXhwIjoxNzgzNzA1MTgxfQ.SXNtD-400ue01724J78iDDqBKGG0FjMD5eDWeBEc5TQ
{
  host: 'localhost:3000',
  connection: 'keep-alive',
  'sec-ch-ua-platform': '"Windows"',
  authorization: 'Bearer eyJhbGciOiJIUzI1NiIsInR5cCI6IkpXVCJ9.eyJpZCI6IjZhNGZkNTQ2NDQwMjVkMWU5YzlkODIzMSIsInJvbGUiOiJhZG1pbiIsImlhdCI6MTc4MzcwNDI4MSwiZXhwIjoxNzgzNzA1MTgxfQ.SXNtD-400ue01724J78iDDqBKGG0FjMD5eDWeBEc5TQ',
  'user-agent': 'Mozilla/5.0 (Windows NT 10.0; Win64; x64) AppleWebKit/537.36 (KHTML, like Gecko) Chrome/149.0.0.0 Safari/537.36',
  'sec-ch-ua': '"Google Chrome";v="149", "Chromium";v="149", "Not)A;Brand";v="24"',
  'sec-ch-ua-mobile': '?0',
  accept: '*/*',
  origin: 'http://localhost:5173',
  'sec-fetch-site': 'same-site',
  'sec-fetch-mode': 'cors',
  'sec-fetch-dest': 'empty',
  referer: 'http://localhost:5173/',
  'accept-encoding': 'gzip, deflate, br, zstd',
  'accept-language': 'en-US,en;q=0.9'
}
Bearer eyJhbGciOiJIUzI1NiIsInR5cCI6IkpXVCJ9.eyJpZCI6IjZhNGZkNTQ2NDQwMjVkMWU5YzlkODIzMSIsInJvbGUiOiJhZG1pbiIsImlhdCI6MTc4MzcwNDI4MSwiZXhwIjoxNzgzNzA1MTgxfQ.SXNtD-400ue01724J78iDDqBKGG0FjMD5eDWeBEc5TQ
{
  host: 'localhost:3000',
  connection: 'keep-alive',
  'sec-ch-ua-platform': '"Windows"',
  authorization: 'Bearer eyJhbGciOiJIUzI1NiIsInR5cCI6IkpXVCJ9.eyJpZCI6IjZhNGZjZDBhMjgxYzBiOTVjMmFkODEyOCIsInJvbGUiOiJ1c2VyIiwiaWF0IjoxNzgzNzA0MzI4LCJleHAiOjE3ODM3MDUyMjh9.7AheBaIvMDAqrnTzuFQDJKGW9DhSNguflCMEFrr0GFI',
  'user-agent': 'Mozilla/5.0 (Windows NT 10.0; Win64; x64) AppleWebKit/537.36 (KHTML, like Gecko) Chrome/149.0.0.0 Safari/537.36',
  'sec-ch-ua': '"Google Chrome";v="149", "Chromium";v="149", "Not)A;Brand";v="24"',
  'sec-ch-ua-mobile': '?0',
  accept: '*/*',
  origin: 'http://localhost:5173',
  'sec-fetch-site': 'same-site',
  'sec-fetch-mode': 'cors',
  'sec-fetch-dest': 'empty',
  referer: 'http://localhost:5173/',
  'accept-encoding': 'gzip, deflate, br, zstd',
  'accept-language': 'en-US,en;q=0.9',
  'if-none-match': 'W/"321-l1TquN/0LZngBMZVRml+KQjzR5M"'
}
Bearer eyJhbGciOiJIUzI1NiIsInR5cCI6IkpXVCJ9.eyJpZCI6IjZhNGZjZDBhMjgxYzBiOTVjMmFkODEyOCIsInJvbGUiOiJ1c2VyIiwiaWF0IjoxNzgzNzA0MzI4LCJleHAiOjE3ODM3MDUyMjh9.7AheBaIvMDAqrnTzuFQDJKGW9DhSNguflCMEFrr0GFI
{
  host: 'localhost:3000',
  connection: 'keep-alive',
  'sec-ch-ua-platform': '"Windows"',
  authorization: 'Bearer eyJhbGciOiJIUzI1NiIsInR5cCI6IkpXVCJ9.eyJpZCI6IjZhNGZjZDBhMjgxYzBiOTVjMmFkODEyOCIsInJvbGUiOiJ1c2VyIiwiaWF0IjoxNzgzNzA0MzI4LCJleHAiOjE3ODM3MDUyMjh9.7AheBaIvMDAqrnTzuFQDJKGW9DhSNguflCMEFrr0GFI',
  'user-agent': 'Mozilla/5.0 (Windows NT 10.0; Win64; x64) AppleWebKit/537.36 (KHTML, like Gecko) Chrome/149.0.0.0 Safari/537.36',
  'sec-ch-ua': '"Google Chrome";v="149", "Chromium";v="149", "Not)A;Brand";v="24"',
  'sec-ch-ua-mobile': '?0',
  accept: '*/*',
  origin: 'http://localhost:5173',
  'sec-fetch-site': 'same-site',
  'sec-fetch-mode': 'cors',
  'sec-fetch-dest': 'empty',
  referer: 'http://localhost:5173/',
  'accept-encoding': 'gzip, deflate, br, zstd',
  'accept-language': 'en-US,en;q=0.9',
  'if-none-match': 'W/"d7-Y0+hoRws0KIMm41NFiVinhgx/ps"'
}
Bearer eyJhbGciOiJIUzI1NiIsInR5cCI6IkpXVCJ9.eyJpZCI6IjZhNGZjZDBhMjgxYzBiOTVjMmFkODEyOCIsInJvbGUiOiJ1c2VyIiwiaWF0IjoxNzgzNzA0MzI4LCJleHAiOjE3ODM3MDUyMjh9.7AheBaIvMDAqrnTzuFQDJKGW9DhSNguflCMEFrr0GFI
{
  host: 'localhost:3000',
  connection: 'keep-alive',
  'sec-ch-ua-platform': '"Windows"',
  authorization: 'Bearer eyJhbGciOiJIUzI1NiIsInR5cCI6IkpXVCJ9.eyJpZCI6IjZhNGZjZDBhMjgxYzBiOTVjMmFkODEyOCIsInJvbGUiOiJ1c2VyIiwiaWF0IjoxNzgzNzA0MzI4LCJleHAiOjE3ODM3MDUyMjh9.7AheBaIvMDAqrnTzuFQDJKGW9DhSNguflCMEFrr0GFI',
  'user-agent': 'Mozilla/5.0 (Windows NT 10.0; Win64; x64) AppleWebKit/537.36 (KHTML, like Gecko) Chrome/149.0.0.0 Safari/537.36',
  'sec-ch-ua': '"Google Chrome";v="149", "Chromium";v="149", "Not)A;Brand";v="24"',
  'sec-ch-ua-mobile': '?0',
  accept: '*/*',
  origin: 'http://localhost:5173',
  'sec-fetch-site': 'same-site',
  'sec-fetch-mode': 'cors',
  'sec-fetch-dest': 'empty',
  referer: 'http://localhost:5173/',
  'accept-encoding': 'gzip, deflate, br, zstd',
  'accept-language': 'en-US,en;q=0.9',
  'if-none-match': 'W/"7c-eOXo3RJuDDEvIybIvVWLkrNw3Ss"'
}
Bearer eyJhbGciOiJIUzI1NiIsInR5cCI6IkpXVCJ9.eyJpZCI6IjZhNGZjZDBhMjgxYzBiOTVjMmFkODEyOCIsInJvbGUiOiJ1c2VyIiwiaWF0IjoxNzgzNzA0MzI4LCJleHAiOjE3ODM3MDUyMjh9.7AheBaIvMDAqrnTzuFQDJKGW9DhSNguflCMEFrr0GFI
{
  host: 'localhost:3000',
  connection: 'keep-alive',
  'sec-ch-ua-platform': '"Windows"',
  authorization: 'Bearer eyJhbGciOiJIUzI1NiIsInR5cCI6IkpXVCJ9.eyJpZCI6IjZhNGZjZDBhMjgxYzBiOTVjMmFkODEyOCIsInJvbGUiOiJ1c2VyIiwiaWF0IjoxNzgzNzA0MzI4LCJleHAiOjE3ODM3MDUyMjh9.7AheBaIvMDAqrnTzuFQDJKGW9DhSNguflCMEFrr0GFI',
  'user-agent': 'Mozilla/5.0 (Windows NT 10.0; Win64; x64) AppleWebKit/537.36 (KHTML, like Gecko) Chrome/149.0.0.0 Safari/537.36',
  'sec-ch-ua': '"Google Chrome";v="149", "Chromium";v="149", "Not)A;Brand";v="24"',
  'sec-ch-ua-mobile': '?0',
  accept: '*/*',
  origin: 'http://localhost:5173',
  'sec-fetch-site': 'same-site',
  'sec-fetch-mode': 'cors',
  'sec-fetch-dest': 'empty',
  referer: 'http://localhost:5173/',
  'accept-encoding': 'gzip, deflate, br, zstd',
  'accept-language': 'en-US,en;q=0.9',
  'if-none-match': 'W/"7c-eOXo3RJuDDEvIybIvVWLkrNw3Ss"'
}
Bearer eyJhbGciOiJIUzI1NiIsInR5cCI6IkpXVCJ9.eyJpZCI6IjZhNGZjZDBhMjgxYzBiOTVjMmFkODEyOCIsInJvbGUiOiJ1c2VyIiwiaWF0IjoxNzgzNzA0MzI4LCJleHAiOjE3ODM3MDUyMjh9.7AheBaIvMDAqrnTzuFQDJKGW9DhSNguflCMEFrr0GFI
{
  host: 'localhost:3000',
  connection: 'keep-alive',
  'sec-ch-ua-platform': '"Windows"',
  authorization: 'Bearer eyJhbGciOiJIUzI1NiIsInR5cCI6IkpXVCJ9.eyJpZCI6IjZhNGZjZDBhMjgxYzBiOTVjMmFkODEyOCIsInJvbGUiOiJ1c2VyIiwiaWF0IjoxNzgzNzA0MzI4LCJleHAiOjE3ODM3MDUyMjh9.7AheBaIvMDAqrnTzuFQDJKGW9DhSNguflCMEFrr0GFI',
  'user-agent': 'Mozilla/5.0 (Windows NT 10.0; Win64; x64) AppleWebKit/537.36 (KHTML, like Gecko) Chrome/149.0.0.0 Safari/537.36',
  'sec-ch-ua': '"Google Chrome";v="149", "Chromium";v="149", "Not)A;Brand";v="24"',
  'sec-ch-ua-mobile': '?0',
  accept: '*/*',
  origin: 'http://localhost:5173',
  'sec-fetch-site': 'same-site',
  'sec-fetch-mode': 'cors',
  'sec-fetch-dest': 'empty',
  referer: 'http://localhost:5173/',
  'accept-encoding': 'gzip, deflate, br, zstd',
  'accept-language': 'en-US,en;q=0.9',
  'if-none-match': 'W/"36c-WtZDj7yxDPOcR4UcAF6drpI+59g"'
}
Bearer eyJhbGciOiJIUzI1NiIsInR5cCI6IkpXVCJ9.eyJpZCI6IjZhNGZjZDBhMjgxYzBiOTVjMmFkODEyOCIsInJvbGUiOiJ1c2VyIiwiaWF0IjoxNzgzNzA0MzI4LCJleHAiOjE3ODM3MDUyMjh9.7AheBaIvMDAqrnTzuFQDJKGW9DhSNguflCMEFrr0GFI
{
  host: 'localhost:3000',
  connection: 'keep-alive',
  'sec-ch-ua-platform': '"Windows"',
  authorization: 'Bearer eyJhbGciOiJIUzI1NiIsInR5cCI6IkpXVCJ9.eyJpZCI6IjZhNGZjZDBhMjgxYzBiOTVjMmFkODEyOCIsInJvbGUiOiJ1c2VyIiwiaWF0IjoxNzgzNzA0MzI4LCJleHAiOjE3ODM3MDUyMjh9.7AheBaIvMDAqrnTzuFQDJKGW9DhSNguflCMEFrr0GFI',
  'user-agent': 'Mozilla/5.0 (Windows NT 10.0; Win64; x64) AppleWebKit/537.36 (KHTML, like Gecko) Chrome/149.0.0.0 Safari/537.36',
  'sec-ch-ua': '"Google Chrome";v="149", "Chromium";v="149", "Not)A;Brand";v="24"',
  'sec-ch-ua-mobile': '?0',
  accept: '*/*',
  origin: 'http://localhost:5173',
  'sec-fetch-site': 'same-site',
  'sec-fetch-mode': 'cors',
  'sec-fetch-dest': 'empty',
  referer: 'http://localhost:5173/',
  'accept-encoding': 'gzip, deflate, br, zstd',
  'accept-language': 'en-US,en;q=0.9',
  'if-none-match': 'W/"ca-QJF0w7qlz04EAzx1xFYNEdw+FyY"'
}
Bearer eyJhbGciOiJIUzI1NiIsInR5cCI6IkpXVCJ9.eyJpZCI6IjZhNGZjZDBhMjgxYzBiOTVjMmFkODEyOCIsInJvbGUiOiJ1c2VyIiwiaWF0IjoxNzgzNzA0MzI4LCJleHAiOjE3ODM3MDUyMjh9.7AheBaIvMDAqrnTzuFQDJKGW9DhSNguflCMEFrr0GFI
{
  host: 'localhost:3000',
  connection: 'keep-alive',
  'sec-ch-ua-platform': '"Windows"',
  authorization: 'Bearer eyJhbGciOiJIUzI1NiIsInR5cCI6IkpXVCJ9.eyJpZCI6IjZhNGZjZDBhMjgxYzBiOTVjMmFkODEyOCIsInJvbGUiOiJ1c2VyIiwiaWF0IjoxNzgzNzA0MzI4LCJleHAiOjE3ODM3MDUyMjh9.7AheBaIvMDAqrnTzuFQDJKGW9DhSNguflCMEFrr0GFI',
  'user-agent': 'Mozilla/5.0 (Windows NT 10.0; Win64; x64) AppleWebKit/537.36 (KHTML, like Gecko) Chrome/149.0.0.0 Safari/537.36',
  'sec-ch-ua': '"Google Chrome";v="149", "Chromium";v="149", "Not)A;Brand";v="24"',
  'sec-ch-ua-mobile': '?0',
  accept: '*/*',
  origin: 'http://localhost:5173',
  'sec-fetch-site': 'same-site',
  'sec-fetch-mode': 'cors',
  'sec-fetch-dest': 'empty',
  referer: 'http://localhost:5173/',
  'accept-encoding': 'gzip, deflate, br, zstd',
  'accept-language': 'en-US,en;q=0.9',
  'if-none-match': 'W/"36c-WtZDj7yxDPOcR4UcAF6drpI+59g"'
}
Bearer eyJhbGciOiJIUzI1NiIsInR5cCI6IkpXVCJ9.eyJpZCI6IjZhNGZjZDBhMjgxYzBiOTVjMmFkODEyOCIsInJvbGUiOiJ1c2VyIiwiaWF0IjoxNzgzNzA0MzI4LCJleHAiOjE3ODM3MDUyMjh9.7AheBaIvMDAqrnTzuFQDJKGW9DhSNguflCMEFrr0GFI
{
  host: 'localhost:3000',
  connection: 'keep-alive',
  'sec-ch-ua-platform': '"Windows"',
  authorization: 'Bearer eyJhbGciOiJIUzI1NiIsInR5cCI6IkpXVCJ9.eyJpZCI6IjZhNGZjZDBhMjgxYzBiOTVjMmFkODEyOCIsInJvbGUiOiJ1c2VyIiwiaWF0IjoxNzgzNzA0MzI4LCJleHAiOjE3ODM3MDUyMjh9.7AheBaIvMDAqrnTzuFQDJKGW9DhSNguflCMEFrr0GFI',
  'user-agent': 'Mozilla/5.0 (Windows NT 10.0; Win64; x64) AppleWebKit/537.36 (KHTML, like Gecko) Chrome/149.0.0.0 Safari/537.36',
  'sec-ch-ua': '"Google Chrome";v="149", "Chromium";v="149", "Not)A;Brand";v="24"',
  'sec-ch-ua-mobile': '?0',
  accept: '*/*',
  origin: 'http://localhost:5173',
  'sec-fetch-site': 'same-site',
  'sec-fetch-mode': 'cors',
  'sec-fetch-dest': 'empty',
  referer: 'http://localhost:5173/',
  'accept-encoding': 'gzip, deflate, br, zstd',
  'accept-language': 'en-US,en;q=0.9',
  'if-none-match': 'W/"ca-QJF0w7qlz04EAzx1xFYNEdw+FyY"'
}
Bearer eyJhbGciOiJIUzI1NiIsInR5cCI6IkpXVCJ9.eyJpZCI6IjZhNGZjZDBhMjgxYzBiOTVjMmFkODEyOCIsInJvbGUiOiJ1c2VyIiwiaWF0IjoxNzgzNzA0MzI4LCJleHAiOjE3ODM3MDUyMjh9.7AheBaIvMDAqrnTzuFQDJKGW9DhSNguflCMEFrr0GFI
{
  host: 'localhost:3000',
  connection: 'keep-alive',
  'sec-ch-ua-platform': '"Windows"',
  authorization: 'Bearer eyJhbGciOiJIUzI1NiIsInR5cCI6IkpXVCJ9.eyJpZCI6IjZhNGZjZDBhMjgxYzBiOTVjMmFkODEyOCIsInJvbGUiOiJ1c2VyIiwiaWF0IjoxNzgzNzA0MzI4LCJleHAiOjE3ODM3MDUyMjh9.7AheBaIvMDAqrnTzuFQDJKGW9DhSNguflCMEFrr0GFI',
  'user-agent': 'Mozilla/5.0 (Windows NT 10.0; Win64; x64) AppleWebKit/537.36 (KHTML, like Gecko) Chrome/149.0.0.0 Safari/537.36',
  'sec-ch-ua': '"Google Chrome";v="149", "Chromium";v="149", "Not)A;Brand";v="24"',
  'sec-ch-ua-mobile': '?0',
  accept: '*/*',
  origin: 'http://localhost:5173',
  'sec-fetch-site': 'same-site',
  'sec-fetch-mode': 'cors',
  'sec-fetch-dest': 'empty',
  referer: 'http://localhost:5173/',
  'accept-encoding': 'gzip, deflate, br, zstd',
  'accept-language': 'en-US,en;q=0.9',
  'if-none-match': 'W/"1f7-k0XwO550AMiqWJgh7UIG2nbW/iY"'
}
Bearer eyJhbGciOiJIUzI1NiIsInR5cCI6IkpXVCJ9.eyJpZCI6IjZhNGZjZDBhMjgxYzBiOTVjMmFkODEyOCIsInJvbGUiOiJ1c2VyIiwiaWF0IjoxNzgzNzA0MzI4LCJleHAiOjE3ODM3MDUyMjh9.7AheBaIvMDAqrnTzuFQDJKGW9DhSNguflCMEFrr0GFI
{
  host: 'localhost:3000',
  connection: 'keep-alive',
  'content-length': '118',
  'sec-ch-ua-platform': '"Windows"',
  authorization: 'Bearer eyJhbGciOiJIUzI1NiIsInR5cCI6IkpXVCJ9.eyJpZCI6IjZhNGZjZDBhMjgxYzBiOTVjMmFkODEyOCIsInJvbGUiOiJ1c2VyIiwiaWF0IjoxNzgzNzA0MzI4LCJleHAiOjE3ODM3MDUyMjh9.7AheBaIvMDAqrnTzuFQDJKGW9DhSNguflCMEFrr0GFI',
  'user-agent': 'Mozilla/5.0 (Windows NT 10.0; Win64; x64) AppleWebKit/537.36 (KHTML, like Gecko) Chrome/149.0.0.0 Safari/537.36',
  'sec-ch-ua': '"Google Chrome";v="149", "Chromium";v="149", "Not)A;Brand";v="24"',
  'content-type': 'application/json',
  'sec-ch-ua-mobile': '?0',
  accept: '*/*',
  origin: 'http://localhost:5173',
  'sec-fetch-site': 'same-site',
  'sec-fetch-mode': 'cors',
  'sec-fetch-dest': 'empty',
  referer: 'http://localhost:5173/',
  'accept-encoding': 'gzip, deflate, br, zstd',
  'accept-language': 'en-US,en;q=0.9'
}
Bearer eyJhbGciOiJIUzI1NiIsInR5cCI6IkpXVCJ9.eyJpZCI6IjZhNGZjZDBhMjgxYzBiOTVjMmFkODEyOCIsInJvbGUiOiJ1c2VyIiwiaWF0IjoxNzgzNzA0MzI4LCJleHAiOjE3ODM3MDUyMjh9.7AheBaIvMDAqrnTzuFQDJKGW9DhSNguflCMEFrr0GFI
{
  host: 'localhost:3000',
  connection: 'keep-alive',
  'sec-ch-ua-platform': '"Windows"',
  authorization: 'Bearer eyJhbGciOiJIUzI1NiIsInR5cCI6IkpXVCJ9.eyJpZCI6IjZhNGZjZDBhMjgxYzBiOTVjMmFkODEyOCIsInJvbGUiOiJ1c2VyIiwiaWF0IjoxNzgzNzA0MzI4LCJleHAiOjE3ODM3MDUyMjh9.7AheBaIvMDAqrnTzuFQDJKGW9DhSNguflCMEFrr0GFI',
  'user-agent': 'Mozilla/5.0 (Windows NT 10.0; Win64; x64) AppleWebKit/537.36 (KHTML, like Gecko) Chrome/149.0.0.0 Safari/537.36',
  'sec-ch-ua': '"Google Chrome";v="149", "Chromium";v="149", "Not)A;Brand";v="24"',
  'sec-ch-ua-mobile': '?0',
  accept: '*/*',
  origin: 'http://localhost:5173',
  'sec-fetch-site': 'same-site',
  'sec-fetch-mode': 'cors',
  'sec-fetch-dest': 'empty',
  referer: 'http://localhost:5173/',
  'accept-encoding': 'gzip, deflate, br, zstd',
  'accept-language': 'en-US,en;q=0.9'
}
Bearer eyJhbGciOiJIUzI1NiIsInR5cCI6IkpXVCJ9.eyJpZCI6IjZhNGZjZDBhMjgxYzBiOTVjMmFkODEyOCIsInJvbGUiOiJ1c2VyIiwiaWF0IjoxNzgzNzA0MzI4LCJleHAiOjE3ODM3MDUyMjh9.7AheBaIvMDAqrnTzuFQDJKGW9DhSNguflCMEFrr0GFI
{
  host: 'localhost:3000',
  connection: 'keep-alive',
  'sec-ch-ua-platform': '"Windows"',
  authorization: 'Bearer eyJhbGciOiJIUzI1NiIsInR5cCI6IkpXVCJ9.eyJpZCI6IjZhNGZjZDBhMjgxYzBiOTVjMmFkODEyOCIsInJvbGUiOiJ1c2VyIiwiaWF0IjoxNzgzNzA0MzI4LCJleHAiOjE3ODM3MDUyMjh9.7AheBaIvMDAqrnTzuFQDJKGW9DhSNguflCMEFrr0GFI',
  'user-agent': 'Mozilla/5.0 (Windows NT 10.0; Win64; x64) AppleWebKit/537.36 (KHTML, like Gecko) Chrome/149.0.0.0 Safari/537.36',
  'sec-ch-ua': '"Google Chrome";v="149", "Chromium";v="149", "Not)A;Brand";v="24"',
  'sec-ch-ua-mobile': '?0',
  accept: '*/*',
  origin: 'http://localhost:5173',
  'sec-fetch-site': 'same-site',
  'sec-fetch-mode': 'cors',
  'sec-fetch-dest': 'empty',
  referer: 'http://localhost:5173/',
  'accept-encoding': 'gzip, deflate, br, zstd',
  'accept-language': 'en-US,en;q=0.9',
  'if-none-match': 'W/"655-KmzHoGwpUjrKV9U1X6k9ewnCIJ0"'
}
Bearer eyJhbGciOiJIUzI1NiIsInR5cCI6IkpXVCJ9.eyJpZCI6IjZhNGZjZDBhMjgxYzBiOTVjMmFkODEyOCIsInJvbGUiOiJ1c2VyIiwiaWF0IjoxNzgzNzA0MzI4LCJleHAiOjE3ODM3MDUyMjh9.7AheBaIvMDAqrnTzuFQDJKGW9DhSNguflCMEFrr0GFI
{
  host: 'localhost:3000',
  connection: 'keep-alive',
  'content-length': '181',
  'sec-ch-ua-platform': '"Windows"',
  authorization: 'Bearer eyJhbGciOiJIUzI1NiIsInR5cCI6IkpXVCJ9.eyJpZCI6IjZhNGZjZDBhMjgxYzBiOTVjMmFkODEyOCIsInJvbGUiOiJ1c2VyIiwiaWF0IjoxNzgzNzA0MzI4LCJleHAiOjE3ODM3MDUyMjh9.7AheBaIvMDAqrnTzuFQDJKGW9DhSNguflCMEFrr0GFI',
  'user-agent': 'Mozilla/5.0 (Windows NT 10.0; Win64; x64) AppleWebKit/537.36 (KHTML, like Gecko) Chrome/149.0.0.0 Safari/537.36',
  'sec-ch-ua': '"Google Chrome";v="149", "Chromium";v="149", "Not)A;Brand";v="24"',
  'content-type': 'application/json',
  'sec-ch-ua-mobile': '?0',
  accept: '*/*',
  origin: 'http://localhost:5173',
  'sec-fetch-site': 'same-site',
  'sec-fetch-mode': 'cors',
  'sec-fetch-dest': 'empty',
  referer: 'http://localhost:5173/',
  'accept-encoding': 'gzip, deflate, br, zstd',
  'accept-language': 'en-US,en;q=0.9'
}
Bearer eyJhbGciOiJIUzI1NiIsInR5cCI6IkpXVCJ9.eyJpZCI6IjZhNGZjZDBhMjgxYzBiOTVjMmFkODEyOCIsInJvbGUiOiJ1c2VyIiwiaWF0IjoxNzgzNzA0MzI4LCJleHAiOjE3ODM3MDUyMjh9.7AheBaIvMDAqrnTzuFQDJKGW9DhSNguflCMEFrr0GFI
{
  host: 'localhost:3000',
  connection: 'keep-alive',
  'sec-ch-ua-platform': '"Windows"',
  authorization: 'Bearer eyJhbGciOiJIUzI1NiIsInR5cCI6IkpXVCJ9.eyJpZCI6IjZhNGZjZDBhMjgxYzBiOTVjMmFkODEyOCIsInJvbGUiOiJ1c2VyIiwiaWF0IjoxNzgzNzA0MzI4LCJleHAiOjE3ODM3MDUyMjh9.7AheBaIvMDAqrnTzuFQDJKGW9DhSNguflCMEFrr0GFI',
  'user-agent': 'Mozilla/5.0 (Windows NT 10.0; Win64; x64) AppleWebKit/537.36 (KHTML, like Gecko) Chrome/149.0.0.0 Safari/537.36',
  'sec-ch-ua': '"Google Chrome";v="149", "Chromium";v="149", "Not)A;Brand";v="24"',
  'sec-ch-ua-mobile': '?0',
  accept: '*/*',
  origin: 'http://localhost:5173',
  'sec-fetch-site': 'same-site',
  'sec-fetch-mode': 'cors',
  'sec-fetch-dest': 'empty',
  referer: 'http://localhost:5173/',
  'accept-encoding': 'gzip, deflate, br, zstd',
  'accept-language': 'en-US,en;q=0.9',
  'if-none-match': 'W/"36c-WtZDj7yxDPOcR4UcAF6drpI+59g"'
}
Bearer eyJhbGciOiJIUzI1NiIsInR5cCI6IkpXVCJ9.eyJpZCI6IjZhNGZjZDBhMjgxYzBiOTVjMmFkODEyOCIsInJvbGUiOiJ1c2VyIiwiaWF0IjoxNzgzNzA0MzI4LCJleHAiOjE3ODM3MDUyMjh9.7AheBaIvMDAqrnTzuFQDJKGW9DhSNguflCMEFrr0GFI
{
  host: 'localhost:3000',
  connection: 'keep-alive',
  'sec-ch-ua-platform': '"Windows"',
  authorization: 'Bearer eyJhbGciOiJIUzI1NiIsInR5cCI6IkpXVCJ9.eyJpZCI6IjZhNGZjZDBhMjgxYzBiOTVjMmFkODEyOCIsInJvbGUiOiJ1c2VyIiwiaWF0IjoxNzgzNzA0MzI4LCJleHAiOjE3ODM3MDUyMjh9.7AheBaIvMDAqrnTzuFQDJKGW9DhSNguflCMEFrr0GFI',
  'user-agent': 'Mozilla/5.0 (Windows NT 10.0; Win64; x64) AppleWebKit/537.36 (KHTML, like Gecko) Chrome/149.0.0.0 Safari/537.36',
  'sec-ch-ua': '"Google Chrome";v="149", "Chromium";v="149", "Not)A;Brand";v="24"',
  'sec-ch-ua-mobile': '?0',
  accept: '*/*',
  origin: 'http://localhost:5173',
  'sec-fetch-site': 'same-site',
  'sec-fetch-mode': 'cors',
  'sec-fetch-dest': 'empty',
  referer: 'http://localhost:5173/',
  'accept-encoding': 'gzip, deflate, br, zstd',
  'accept-language': 'en-US,en;q=0.9',
  'if-none-match': 'W/"65d-ROhJ1EGepqyVFLKYC1nLQ3Nbup8"'
}
Bearer eyJhbGciOiJIUzI1NiIsInR5cCI6IkpXVCJ9.eyJpZCI6IjZhNGZjZDBhMjgxYzBiOTVjMmFkODEyOCIsInJvbGUiOiJ1c2VyIiwiaWF0IjoxNzgzNzA0MzI4LCJleHAiOjE3ODM3MDUyMjh9.7AheBaIvMDAqrnTzuFQDJKGW9DhSNguflCMEFrr0GFI
[32m[nodemon] restarting due to changes...[39m
[32m[nodemon] restarting due to changes...[39m
[32m[nodemon] starting `node src/index.js`[39m
◇ injected env (16) from .env // tip: ⌘ custom filepath { path: '/custom/path/.env' }
◇ injected env (0) from .env // tip: ◈ encrypted .env [www.dotenvx.com]
✅ Supabase client created
◇ injected env (0) from .env // tip: ⌁ auth for agents [www.vestauth.com]
◇ injected env (0) from .env // tip: ⌘ suppress logs { quiet: true }
◇ injected env (0) from .env // tip: ⌘ enable debugging { debug: true }
◇ injected env (0) from .env // tip: ⌘ suppress logs { quiet: true }
◇ injected env (0) from .env // tip: ⌘ suppress logs { quiet: true }
✅ MongoDB Connected
Server is running on port 3000
{
  host: 'localhost:3000',
  connection: 'keep-alive',
  'sec-ch-ua-platform': '"Windows"',
  authorization: 'Bearer eyJhbGciOiJIUzI1NiIsInR5cCI6IkpXVCJ9.eyJpZCI6IjZhNGZjZDBhMjgxYzBiOTVjMmFkODEyOCIsInJvbGUiOiJ1c2VyIiwiaWF0IjoxNzgzNzA0MzI4LCJleHAiOjE3ODM3MDUyMjh9.7AheBaIvMDAqrnTzuFQDJKGW9DhSNguflCMEFrr0GFI',
  'user-agent': 'Mozilla/5.0 (Windows NT 10.0; Win64; x64) AppleWebKit/537.36 (KHTML, like Gecko) Chrome/149.0.0.0 Safari/537.36',
  'sec-ch-ua': '"Google Chrome";v="149", "Chromium";v="149", "Not)A;Brand";v="24"',
  'sec-ch-ua-mobile': '?0',
  accept: '*/*',
  origin: 'http://localhost:5173',
  'sec-fetch-site': 'same-site',
  'sec-fetch-mode': 'cors',
  'sec-fetch-dest': 'empty',
  referer: 'http://localhost:5173/',
  'accept-encoding': 'gzip, deflate, br, zstd',
  'accept-language': 'en-US,en;q=0.9',
  'if-none-match': 'W/"65d-ROhJ1EGepqyVFLKYC1nLQ3Nbup8"'
}
Bearer eyJhbGciOiJIUzI1NiIsInR5cCI6IkpXVCJ9.eyJpZCI6IjZhNGZjZDBhMjgxYzBiOTVjMmFkODEyOCIsInJvbGUiOiJ1c2VyIiwiaWF0IjoxNzgzNzA0MzI4LCJleHAiOjE3ODM3MDUyMjh9.7AheBaIvMDAqrnTzuFQDJKGW9DhSNguflCMEFrr0GFI
{
  host: 'localhost:3000',
  connection: 'keep-alive',
  'sec-ch-ua-platform': '"Windows"',
  authorization: 'Bearer eyJhbGciOiJIUzI1NiIsInR5cCI6IkpXVCJ9.eyJpZCI6IjZhNGZjZDBhMjgxYzBiOTVjMmFkODEyOCIsInJvbGUiOiJ1c2VyIiwiaWF0IjoxNzgzNzA0MzI4LCJleHAiOjE3ODM3MDUyMjh9.7AheBaIvMDAqrnTzuFQDJKGW9DhSNguflCMEFrr0GFI',
  'user-agent': 'Mozilla/5.0 (Windows NT 10.0; Win64; x64) AppleWebKit/537.36 (KHTML, like Gecko) Chrome/149.0.0.0 Safari/537.36',
  'sec-ch-ua': '"Google Chrome";v="149", "Chromium";v="149", "Not)A;Brand";v="24"',
  'sec-ch-ua-mobile': '?0',
  accept: '*/*',
  origin: 'http://localhost:5173',
  'sec-fetch-site': 'same-site',
  'sec-fetch-mode': 'cors',
  'sec-fetch-dest': 'empty',
  referer: 'http://localhost:5173/',
  'accept-encoding': 'gzip, deflate, br, zstd',
  'accept-language': 'en-US,en;q=0.9',
  'if-none-match': 'W/"ca-QJF0w7qlz04EAzx1xFYNEdw+FyY"'
}
Bearer eyJhbGciOiJIUzI1NiIsInR5cCI6IkpXVCJ9.eyJpZCI6IjZhNGZjZDBhMjgxYzBiOTVjMmFkODEyOCIsInJvbGUiOiJ1c2VyIiwiaWF0IjoxNzgzNzA0MzI4LCJleHAiOjE3ODM3MDUyMjh9.7AheBaIvMDAqrnTzuFQDJKGW9DhSNguflCMEFrr0GFI
{
  host: 'localhost:3000',
  connection: 'keep-alive',
  'sec-ch-ua-platform': '"Windows"',
  authorization: 'Bearer eyJhbGciOiJIUzI1NiIsInR5cCI6IkpXVCJ9.eyJpZCI6IjZhNGZjZDBhMjgxYzBiOTVjMmFkODEyOCIsInJvbGUiOiJ1c2VyIiwiaWF0IjoxNzgzNzA0MzI4LCJleHAiOjE3ODM3MDUyMjh9.7AheBaIvMDAqrnTzuFQDJKGW9DhSNguflCMEFrr0GFI',
  'user-agent': 'Mozilla/5.0 (Windows NT 10.0; Win64; x64) AppleWebKit/537.36 (KHTML, like Gecko) Chrome/149.0.0.0 Safari/537.36',
  'sec-ch-ua': '"Google Chrome";v="149", "Chromium";v="149", "Not)A;Brand";v="24"',
  'sec-ch-ua-mobile': '?0',
  accept: '*/*',
  origin: 'http://localhost:5173',
  'sec-fetch-site': 'same-site',
  'sec-fetch-mode': 'cors',
  'sec-fetch-dest': 'empty',
  referer: 'http://localhost:5173/',
  'accept-encoding': 'gzip, deflate, br, zstd',
  'accept-language': 'en-US,en;q=0.9',
  'if-none-match': 'W/"ca-QJF0w7qlz04EAzx1xFYNEdw+FyY"'
}
Bearer eyJhbGciOiJIUzI1NiIsInR5cCI6IkpXVCJ9.eyJpZCI6IjZhNGZjZDBhMjgxYzBiOTVjMmFkODEyOCIsInJvbGUiOiJ1c2VyIiwiaWF0IjoxNzgzNzA0MzI4LCJleHAiOjE3ODM3MDUyMjh9.7AheBaIvMDAqrnTzuFQDJKGW9DhSNguflCMEFrr0GFI
{
  host: 'localhost:3000',
  connection: 'keep-alive',
  'sec-ch-ua-platform': '"Windows"',
  authorization: 'Bearer eyJhbGciOiJIUzI1NiIsInR5cCI6IkpXVCJ9.eyJpZCI6IjZhNGZjZDBhMjgxYzBiOTVjMmFkODEyOCIsInJvbGUiOiJ1c2VyIiwiaWF0IjoxNzgzNzA0MzI4LCJleHAiOjE3ODM3MDUyMjh9.7AheBaIvMDAqrnTzuFQDJKGW9DhSNguflCMEFrr0GFI',
  'user-agent': 'Mozilla/5.0 (Windows NT 10.0; Win64; x64) AppleWebKit/537.36 (KHTML, like Gecko) Chrome/149.0.0.0 Safari/537.36',
  'sec-ch-ua': '"Google Chrome";v="149", "Chromium";v="149", "Not)A;Brand";v="24"',
  'sec-ch-ua-mobile': '?0',
  accept: '*/*',
  origin: 'http://localhost:5173',
  'sec-fetch-site': 'same-site',
  'sec-fetch-mode': 'cors',
  'sec-fetch-dest': 'empty',
  referer: 'http://localhost:5173/',
  'accept-encoding': 'gzip, deflate, br, zstd',
  'accept-language': 'en-US,en;q=0.9',
  'if-none-match': 'W/"673-G4Vz11JU5VMnTvS2jLg55SvQNpU"'
}
Bearer eyJhbGciOiJIUzI1NiIsInR5cCI6IkpXVCJ9.eyJpZCI6IjZhNGZjZDBhMjgxYzBiOTVjMmFkODEyOCIsInJvbGUiOiJ1c2VyIiwiaWF0IjoxNzgzNzA0MzI4LCJleHAiOjE3ODM3MDUyMjh9.7AheBaIvMDAqrnTzuFQDJKGW9DhSNguflCMEFrr0GFI
{
  host: 'localhost:3000',
  connection: 'keep-alive',
  'sec-ch-ua-platform': '"Windows"',
  authorization: 'Bearer eyJhbGciOiJIUzI1NiIsInR5cCI6IkpXVCJ9.eyJpZCI6IjZhNGZjZDBhMjgxYzBiOTVjMmFkODEyOCIsInJvbGUiOiJ1c2VyIiwiaWF0IjoxNzgzNzA0MzI4LCJleHAiOjE3ODM3MDUyMjh9.7AheBaIvMDAqrnTzuFQDJKGW9DhSNguflCMEFrr0GFI',
  'user-agent': 'Mozilla/5.0 (Windows NT 10.0; Win64; x64) AppleWebKit/537.36 (KHTML, like Gecko) Chrome/149.0.0.0 Safari/537.36',
  'sec-ch-ua': '"Google Chrome";v="149", "Chromium";v="149", "Not)A;Brand";v="24"',
  'sec-ch-ua-mobile': '?0',
  accept: '*/*',
  origin: 'http://localhost:5173',
  'sec-fetch-site': 'same-site',
  'sec-fetch-mode': 'cors',
  'sec-fetch-dest': 'empty',
  referer: 'http://localhost:5173/',
  'accept-encoding': 'gzip, deflate, br, zstd',
  'accept-language': 'en-US,en;q=0.9',
  'if-none-match': 'W/"ca-QJF0w7qlz04EAzx1xFYNEdw+FyY"'
}
Bearer eyJhbGciOiJIUzI1NiIsInR5cCI6IkpXVCJ9.eyJpZCI6IjZhNGZjZDBhMjgxYzBiOTVjMmFkODEyOCIsInJvbGUiOiJ1c2VyIiwiaWF0IjoxNzgzNzA0MzI4LCJleHAiOjE3ODM3MDUyMjh9.7AheBaIvMDAqrnTzuFQDJKGW9DhSNguflCMEFrr0GFI
{
  host: 'localhost:3000',
  connection: 'keep-alive',
  'sec-ch-ua-platform': '"Windows"',
  authorization: 'Bearer eyJhbGciOiJIUzI1NiIsInR5cCI6IkpXVCJ9.eyJpZCI6IjZhNGZjZDBhMjgxYzBiOTVjMmFkODEyOCIsInJvbGUiOiJ1c2VyIiwiaWF0IjoxNzgzNzA0MzI4LCJleHAiOjE3ODM3MDUyMjh9.7AheBaIvMDAqrnTzuFQDJKGW9DhSNguflCMEFrr0GFI',
  'user-agent': 'Mozilla/5.0 (Windows NT 10.0; Win64; x64) AppleWebKit/537.36 (KHTML, like Gecko) Chrome/149.0.0.0 Safari/537.36',
  'sec-ch-ua': '"Google Chrome";v="149", "Chromium";v="149", "Not)A;Brand";v="24"',
  'sec-ch-ua-mobile': '?0',
  accept: '*/*',
  origin: 'http://localhost:5173',
  'sec-fetch-site': 'same-site',
  'sec-fetch-mode': 'cors',
  'sec-fetch-dest': 'empty',
  referer: 'http://localhost:5173/',
  'accept-encoding': 'gzip, deflate, br, zstd',
  'accept-language': 'en-US,en;q=0.9',
  'if-none-match': 'W/"673-G4Vz11JU5VMnTvS2jLg55SvQNpU"'
}
Bearer eyJhbGciOiJIUzI1NiIsInR5cCI6IkpXVCJ9.eyJpZCI6IjZhNGZjZDBhMjgxYzBiOTVjMmFkODEyOCIsInJvbGUiOiJ1c2VyIiwiaWF0IjoxNzgzNzA0MzI4LCJleHAiOjE3ODM3MDUyMjh9.7AheBaIvMDAqrnTzuFQDJKGW9DhSNguflCMEFrr0GFI
{
  host: 'localhost:3000',
  connection: 'keep-alive',
  'sec-ch-ua-platform': '"Windows"',
  authorization: 'Bearer eyJhbGciOiJIUzI1NiIsInR5cCI6IkpXVCJ9.eyJpZCI6IjZhNGZjZDBhMjgxYzBiOTVjMmFkODEyOCIsInJvbGUiOiJ1c2VyIiwiaWF0IjoxNzgzNzA0MzI4LCJleHAiOjE3ODM3MDUyMjh9.7AheBaIvMDAqrnTzuFQDJKGW9DhSNguflCMEFrr0GFI',
  'user-agent': 'Mozilla/5.0 (Windows NT 10.0; Win64; x64) AppleWebKit/537.36 (KHTML, like Gecko) Chrome/149.0.0.0 Safari/537.36',
  'sec-ch-ua': '"Google Chrome";v="149", "Chromium";v="149", "Not)A;Brand";v="24"',
  'sec-ch-ua-mobile': '?0',
  accept: '*/*',
  origin: 'http://localhost:5173',
  'sec-fetch-site': 'same-site',
  'sec-fetch-mode': 'cors',
  'sec-fetch-dest': 'empty',
  referer: 'http://localhost:5173/',
  'accept-encoding': 'gzip, deflate, br, zstd',
  'accept-language': 'en-US,en;q=0.9',
  'if-none-match': 'W/"ca-QJF0w7qlz04EAzx1xFYNEdw+FyY"'
}
Bearer eyJhbGciOiJIUzI1NiIsInR5cCI6IkpXVCJ9.eyJpZCI6IjZhNGZjZDBhMjgxYzBiOTVjMmFkODEyOCIsInJvbGUiOiJ1c2VyIiwiaWF0IjoxNzgzNzA0MzI4LCJleHAiOjE3ODM3MDUyMjh9.7AheBaIvMDAqrnTzuFQDJKGW9DhSNguflCMEFrr0GFI
{
  host: 'localhost:3000',
  connection: 'keep-alive',
  'sec-ch-ua-platform': '"Windows"',
  authorization: 'Bearer eyJhbGciOiJIUzI1NiIsInR5cCI6IkpXVCJ9.eyJpZCI6IjZhNGZjZDBhMjgxYzBiOTVjMmFkODEyOCIsInJvbGUiOiJ1c2VyIiwiaWF0IjoxNzgzNzA0MzI4LCJleHAiOjE3ODM3MDUyMjh9.7AheBaIvMDAqrnTzuFQDJKGW9DhSNguflCMEFrr0GFI',
  'user-agent': 'Mozilla/5.0 (Windows NT 10.0; Win64; x64) AppleWebKit/537.36 (KHTML, like Gecko) Chrome/149.0.0.0 Safari/537.36',
  'sec-ch-ua': '"Google Chrome";v="149", "Chromium";v="149", "Not)A;Brand";v="24"',
  'sec-ch-ua-mobile': '?0',
  accept: '*/*',
  origin: 'http://localhost:5173',
  'sec-fetch-site': 'same-site',
  'sec-fetch-mode': 'cors',
  'sec-fetch-dest': 'empty',
  referer: 'http://localhost:5173/',
  'accept-encoding': 'gzip, deflate, br, zstd',
  'accept-language': 'en-US,en;q=0.9',
  'if-none-match': 'W/"673-G4Vz11JU5VMnTvS2jLg55SvQNpU"'
}
Bearer eyJhbGciOiJIUzI1NiIsInR5cCI6IkpXVCJ9.eyJpZCI6IjZhNGZjZDBhMjgxYzBiOTVjMmFkODEyOCIsInJvbGUiOiJ1c2VyIiwiaWF0IjoxNzgzNzA0MzI4LCJleHAiOjE3ODM3MDUyMjh9.7AheBaIvMDAqrnTzuFQDJKGW9DhSNguflCMEFrr0GFI
{
  host: 'localhost:3000',
  connection: 'keep-alive',
  'sec-ch-ua-platform': '"Windows"',
  authorization: 'Bearer eyJhbGciOiJIUzI1NiIsInR5cCI6IkpXVCJ9.eyJpZCI6IjZhNGZjZDBhMjgxYzBiOTVjMmFkODEyOCIsInJvbGUiOiJ1c2VyIiwiaWF0IjoxNzgzNzA0MzI4LCJleHAiOjE3ODM3MDUyMjh9.7AheBaIvMDAqrnTzuFQDJKGW9DhSNguflCMEFrr0GFI',
  'user-agent': 'Mozilla/5.0 (Windows NT 10.0; Win64; x64) AppleWebKit/537.36 (KHTML, like Gecko) Chrome/149.0.0.0 Safari/537.36',
  'sec-ch-ua': '"Google Chrome";v="149", "Chromium";v="149", "Not)A;Brand";v="24"',
  'sec-ch-ua-mobile': '?0',
  accept: '*/*',
  origin: 'http://localhost:5173',
  'sec-fetch-site': 'same-site',
  'sec-fetch-mode': 'cors',
  'sec-fetch-dest': 'empty',
  referer: 'http://localhost:5173/',
  'accept-encoding': 'gzip, deflate, br, zstd',
  'accept-language': 'en-US,en;q=0.9',
  'if-none-match': 'W/"673-G4Vz11JU5VMnTvS2jLg55SvQNpU"'
}
Bearer eyJhbGciOiJIUzI1NiIsInR5cCI6IkpXVCJ9.eyJpZCI6IjZhNGZjZDBhMjgxYzBiOTVjMmFkODEyOCIsInJvbGUiOiJ1c2VyIiwiaWF0IjoxNzgzNzA0MzI4LCJleHAiOjE3ODM3MDUyMjh9.7AheBaIvMDAqrnTzuFQDJKGW9DhSNguflCMEFrr0GFI
{
  host: 'localhost:3000',
  connection: 'keep-alive',
  'sec-ch-ua-platform': '"Windows"',
  authorization: 'Bearer eyJhbGciOiJIUzI1NiIsInR5cCI6IkpXVCJ9.eyJpZCI6IjZhNGZjZDBhMjgxYzBiOTVjMmFkODEyOCIsInJvbGUiOiJ1c2VyIiwiaWF0IjoxNzgzNzA0MzI4LCJleHAiOjE3ODM3MDUyMjh9.7AheBaIvMDAqrnTzuFQDJKGW9DhSNguflCMEFrr0GFI',
  'user-agent': 'Mozilla/5.0 (Windows NT 10.0; Win64; x64) AppleWebKit/537.36 (KHTML, like Gecko) Chrome/149.0.0.0 Safari/537.36',
  'sec-ch-ua': '"Google Chrome";v="149", "Chromium";v="149", "Not)A;Brand";v="24"',
  'sec-ch-ua-mobile': '?0',
  accept: '*/*',
  origin: 'http://localhost:5173',
  'sec-fetch-site': 'same-site',
  'sec-fetch-mode': 'cors',
  'sec-fetch-dest': 'empty',
  referer: 'http://localhost:5173/',
  'accept-encoding': 'gzip, deflate, br, zstd',
  'accept-language': 'en-US,en;q=0.9',
  'if-none-match': 'W/"673-G4Vz11JU5VMnTvS2jLg55SvQNpU"'
}
Bearer eyJhbGciOiJIUzI1NiIsInR5cCI6IkpXVCJ9.eyJpZCI6IjZhNGZjZDBhMjgxYzBiOTVjMmFkODEyOCIsInJvbGUiOiJ1c2VyIiwiaWF0IjoxNzgzNzA0MzI4LCJleHAiOjE3ODM3MDUyMjh9.7AheBaIvMDAqrnTzuFQDJKGW9DhSNguflCMEFrr0GFI
[32m[nodemon] restarting due to changes...[39m
[32m[nodemon] restarting due to changes...[39m
[32m[nodemon] starting `node src/index.js`[39m
◇ injected env (16) from .env // tip: ⌘ enable debugging { debug: true }
◇ injected env (0) from .env // tip: ⌘ enable debugging { debug: true }
✅ Supabase client created
◇ injected env (0) from .env // tip: ◈ secrets for agents [www.dotenvx.com]
◇ injected env (0) from .env // tip: ⌘ custom filepath { path: '/custom/path/.env' }
◇ injected env (0) from .env // tip: ⌘ custom filepath { path: '/custom/path/.env' }
◇ injected env (0) from .env // tip: ⌘ multiple files { path: ['.env.local', '.env'] }
◇ injected env (0) from .env // tip: ⌘ multiple files { path: ['.env.local', '.env'] }
✅ MongoDB Connected
Server is running on port 3000
{
  host: 'localhost:3000',
  connection: 'keep-alive',
  'sec-ch-ua-platform': '"Windows"',
  authorization: 'Bearer eyJhbGciOiJIUzI1NiIsInR5cCI6IkpXVCJ9.eyJpZCI6IjZhNGZjZDBhMjgxYzBiOTVjMmFkODEyOCIsInJvbGUiOiJ1c2VyIiwiaWF0IjoxNzgzNzA0MzI4LCJleHAiOjE3ODM3MDUyMjh9.7AheBaIvMDAqrnTzuFQDJKGW9DhSNguflCMEFrr0GFI',
  'user-agent': 'Mozilla/5.0 (Windows NT 10.0; Win64; x64) AppleWebKit/537.36 (KHTML, like Gecko) Chrome/149.0.0.0 Safari/537.36',
  'sec-ch-ua': '"Google Chrome";v="149", "Chromium";v="149", "Not)A;Brand";v="24"',
  'sec-ch-ua-mobile': '?0',
  accept: '*/*',
  origin: 'http://localhost:5173',
  'sec-fetch-site': 'same-site',
  'sec-fetch-mode': 'cors',
  'sec-fetch-dest': 'empty',
  referer: 'http://localhost:5173/',
  'accept-encoding': 'gzip, deflate, br, zstd',
  'accept-language': 'en-US,en;q=0.9',
  'if-none-match': 'W/"673-G4Vz11JU5VMnTvS2jLg55SvQNpU"'
}
Bearer eyJhbGciOiJIUzI1NiIsInR5cCI6IkpXVCJ9.eyJpZCI6IjZhNGZjZDBhMjgxYzBiOTVjMmFkODEyOCIsInJvbGUiOiJ1c2VyIiwiaWF0IjoxNzgzNzA0MzI4LCJleHAiOjE3ODM3MDUyMjh9.7AheBaIvMDAqrnTzuFQDJKGW9DhSNguflCMEFrr0GFI
{
  host: 'localhost:3000',
  connection: 'keep-alive',
  'sec-ch-ua-platform': '"Windows"',
  authorization: 'Bearer eyJhbGciOiJIUzI1NiIsInR5cCI6IkpXVCJ9.eyJpZCI6IjZhNGZjZDBhMjgxYzBiOTVjMmFkODEyOCIsInJvbGUiOiJ1c2VyIiwiaWF0IjoxNzgzNzA0MzI4LCJleHAiOjE3ODM3MDUyMjh9.7AheBaIvMDAqrnTzuFQDJKGW9DhSNguflCMEFrr0GFI',
  'user-agent': 'Mozilla/5.0 (Windows NT 10.0; Win64; x64) AppleWebKit/537.36 (KHTML, like Gecko) Chrome/149.0.0.0 Safari/537.36',
  'sec-ch-ua': '"Google Chrome";v="149", "Chromium";v="149", "Not)A;Brand";v="24"',
  'sec-ch-ua-mobile': '?0',
  accept: '*/*',
  origin: 'http://localhost:5173',
  'sec-fetch-site': 'same-site',
  'sec-fetch-mode': 'cors',
  'sec-fetch-dest': 'empty',
  referer: 'http://localhost:5173/',
  'accept-encoding': 'gzip, deflate, br, zstd',
  'accept-language': 'en-US,en;q=0.9',
  'if-none-match': 'W/"ca-QJF0w7qlz04EAzx1xFYNEdw+FyY"'
}
Bearer eyJhbGciOiJIUzI1NiIsInR5cCI6IkpXVCJ9.eyJpZCI6IjZhNGZjZDBhMjgxYzBiOTVjMmFkODEyOCIsInJvbGUiOiJ1c2VyIiwiaWF0IjoxNzgzNzA0MzI4LCJleHAiOjE3ODM3MDUyMjh9.7AheBaIvMDAqrnTzuFQDJKGW9DhSNguflCMEFrr0GFI
{
  host: 'localhost:3000',
  connection: 'keep-alive',
  'sec-ch-ua-platform': '"Windows"',
  authorization: 'Bearer eyJhbGciOiJIUzI1NiIsInR5cCI6IkpXVCJ9.eyJpZCI6IjZhNGZjZDBhMjgxYzBiOTVjMmFkODEyOCIsInJvbGUiOiJ1c2VyIiwiaWF0IjoxNzgzNzA0MzI4LCJleHAiOjE3ODM3MDUyMjh9.7AheBaIvMDAqrnTzuFQDJKGW9DhSNguflCMEFrr0GFI',
  'user-agent': 'Mozilla/5.0 (Windows NT 10.0; Win64; x64) AppleWebKit/537.36 (KHTML, like Gecko) Chrome/149.0.0.0 Safari/537.36',
  'sec-ch-ua': '"Google Chrome";v="149", "Chromium";v="149", "Not)A;Brand";v="24"',
  'sec-ch-ua-mobile': '?0',
  accept: '*/*',
  origin: 'http://localhost:5173',
  'sec-fetch-site': 'same-site',
  'sec-fetch-mode': 'cors',
  'sec-fetch-dest': 'empty',
  referer: 'http://localhost:5173/',
  'accept-encoding': 'gzip, deflate, br, zstd',
  'accept-language': 'en-US,en;q=0.9',
  'if-none-match': 'W/"ca-QJF0w7qlz04EAzx1xFYNEdw+FyY"'
}
Bearer eyJhbGciOiJIUzI1NiIsInR5cCI6IkpXVCJ9.eyJpZCI6IjZhNGZjZDBhMjgxYzBiOTVjMmFkODEyOCIsInJvbGUiOiJ1c2VyIiwiaWF0IjoxNzgzNzA0MzI4LCJleHAiOjE3ODM3MDUyMjh9.7AheBaIvMDAqrnTzuFQDJKGW9DhSNguflCMEFrr0GFI
{
  host: 'localhost:3000',
  connection: 'keep-alive',
  'sec-ch-ua-platform': '"Windows"',
  authorization: 'Bearer eyJhbGciOiJIUzI1NiIsInR5cCI6IkpXVCJ9.eyJpZCI6IjZhNGZjZDBhMjgxYzBiOTVjMmFkODEyOCIsInJvbGUiOiJ1c2VyIiwiaWF0IjoxNzgzNzA0MzI4LCJleHAiOjE3ODM3MDUyMjh9.7AheBaIvMDAqrnTzuFQDJKGW9DhSNguflCMEFrr0GFI',
  'user-agent': 'Mozilla/5.0 (Windows NT 10.0; Win64; x64) AppleWebKit/537.36 (KHTML, like Gecko) Chrome/149.0.0.0 Safari/537.36',
  'sec-ch-ua': '"Google Chrome";v="149", "Chromium";v="149", "Not)A;Brand";v="24"',
  'sec-ch-ua-mobile': '?0',
  accept: '*/*',
  origin: 'http://localhost:5173',
  'sec-fetch-site': 'same-site',
  'sec-fetch-mode': 'cors',
  'sec-fetch-dest': 'empty',
  referer: 'http://localhost:5173/',
  'accept-encoding': 'gzip, deflate, br, zstd',
  'accept-language': 'en-US,en;q=0.9',
  'if-none-match': 'W/"673-G4Vz11JU5VMnTvS2jLg55SvQNpU"'
}
Bearer eyJhbGciOiJIUzI1NiIsInR5cCI6IkpXVCJ9.eyJpZCI6IjZhNGZjZDBhMjgxYzBiOTVjMmFkODEyOCIsInJvbGUiOiJ1c2VyIiwiaWF0IjoxNzgzNzA0MzI4LCJleHAiOjE3ODM3MDUyMjh9.7AheBaIvMDAqrnTzuFQDJKGW9DhSNguflCMEFrr0GFI
{
  host: 'localhost:3000',
  connection: 'keep-alive',
  'sec-ch-ua-platform': '"Windows"',
  authorization: 'Bearer eyJhbGciOiJIUzI1NiIsInR5cCI6IkpXVCJ9.eyJpZCI6IjZhNGZjZDBhMjgxYzBiOTVjMmFkODEyOCIsInJvbGUiOiJ1c2VyIiwiaWF0IjoxNzgzNzA0MzI4LCJleHAiOjE3ODM3MDUyMjh9.7AheBaIvMDAqrnTzuFQDJKGW9DhSNguflCMEFrr0GFI',
  'user-agent': 'Mozilla/5.0 (Windows NT 10.0; Win64; x64) AppleWebKit/537.36 (KHTML, like Gecko) Chrome/149.0.0.0 Safari/537.36',
  'sec-ch-ua': '"Google Chrome";v="149", "Chromium";v="149", "Not)A;Brand";v="24"',
  'sec-ch-ua-mobile': '?0',
  accept: '*/*',
  origin: 'http://localhost:5173',
  'sec-fetch-site': 'same-site',
  'sec-fetch-mode': 'cors',
  'sec-fetch-dest': 'empty',
  referer: 'http://localhost:5173/',
  'accept-encoding': 'gzip, deflate, br, zstd',
  'accept-language': 'en-US,en;q=0.9',
  'if-none-match': 'W/"673-G4Vz11JU5VMnTvS2jLg55SvQNpU"'
}
Bearer eyJhbGciOiJIUzI1NiIsInR5cCI6IkpXVCJ9.eyJpZCI6IjZhNGZjZDBhMjgxYzBiOTVjMmFkODEyOCIsInJvbGUiOiJ1c2VyIiwiaWF0IjoxNzgzNzA0MzI4LCJleHAiOjE3ODM3MDUyMjh9.7AheBaIvMDAqrnTzuFQDJKGW9DhSNguflCMEFrr0GFI
{
  host: 'localhost:3000',
  connection: 'keep-alive',
  'sec-ch-ua-platform': '"Windows"',
  authorization: 'Bearer eyJhbGciOiJIUzI1NiIsInR5cCI6IkpXVCJ9.eyJpZCI6IjZhNGZjZDBhMjgxYzBiOTVjMmFkODEyOCIsInJvbGUiOiJ1c2VyIiwiaWF0IjoxNzgzNzA0MzI4LCJleHAiOjE3ODM3MDUyMjh9.7AheBaIvMDAqrnTzuFQDJKGW9DhSNguflCMEFrr0GFI',
  'user-agent': 'Mozilla/5.0 (Windows NT 10.0; Win64; x64) AppleWebKit/537.36 (KHTML, like Gecko) Chrome/149.0.0.0 Safari/537.36',
  'sec-ch-ua': '"Google Chrome";v="149", "Chromium";v="149", "Not)A;Brand";v="24"',
  'sec-ch-ua-mobile': '?0',
  accept: '*/*',
  origin: 'http://localhost:5173',
  'sec-fetch-site': 'same-site',
  'sec-fetch-mode': 'cors',
  'sec-fetch-dest': 'empty',
  referer: 'http://localhost:5173/',
  'accept-encoding': 'gzip, deflate, br, zstd',
  'accept-language': 'en-US,en;q=0.9',
  'if-none-match': 'W/"673-G4Vz11JU5VMnTvS2jLg55SvQNpU"'
}
Bearer eyJhbGciOiJIUzI1NiIsInR5cCI6IkpXVCJ9.eyJpZCI6IjZhNGZjZDBhMjgxYzBiOTVjMmFkODEyOCIsInJvbGUiOiJ1c2VyIiwiaWF0IjoxNzgzNzA0MzI4LCJleHAiOjE3ODM3MDUyMjh9.7AheBaIvMDAqrnTzuFQDJKGW9DhSNguflCMEFrr0GFI
{
  host: 'localhost:3000',
  connection: 'keep-alive',
  'sec-ch-ua-platform': '"Windows"',
  authorization: 'Bearer eyJhbGciOiJIUzI1NiIsInR5cCI6IkpXVCJ9.eyJpZCI6IjZhNGZjZDBhMjgxYzBiOTVjMmFkODEyOCIsInJvbGUiOiJ1c2VyIiwiaWF0IjoxNzgzNzA0MzI4LCJleHAiOjE3ODM3MDUyMjh9.7AheBaIvMDAqrnTzuFQDJKGW9DhSNguflCMEFrr0GFI',
  'user-agent': 'Mozilla/5.0 (Windows NT 10.0; Win64; x64) AppleWebKit/537.36 (KHTML, like Gecko) Chrome/149.0.0.0 Safari/537.36',
  'sec-ch-ua': '"Google Chrome";v="149", "Chromium";v="149", "Not)A;Brand";v="24"',
  'sec-ch-ua-mobile': '?0',
  accept: '*/*',
  origin: 'http://localhost:5173',
  'sec-fetch-site': 'same-site',
  'sec-fetch-mode': 'cors',
  'sec-fetch-dest': 'empty',
  referer: 'http://localhost:5173/',
  'accept-encoding': 'gzip, deflate, br, zstd',
  'accept-language': 'en-US,en;q=0.9',
  'if-none-match': 'W/"7c-eOXo3RJuDDEvIybIvVWLkrNw3Ss"'
}
Bearer eyJhbGciOiJIUzI1NiIsInR5cCI6IkpXVCJ9.eyJpZCI6IjZhNGZjZDBhMjgxYzBiOTVjMmFkODEyOCIsInJvbGUiOiJ1c2VyIiwiaWF0IjoxNzgzNzA0MzI4LCJleHAiOjE3ODM3MDUyMjh9.7AheBaIvMDAqrnTzuFQDJKGW9DhSNguflCMEFrr0GFI
{
  host: 'localhost:3000',
  connection: 'keep-alive',
  'sec-ch-ua-platform': '"Windows"',
  authorization: 'Bearer eyJhbGciOiJIUzI1NiIsInR5cCI6IkpXVCJ9.eyJpZCI6IjZhNGZjZDBhMjgxYzBiOTVjMmFkODEyOCIsInJvbGUiOiJ1c2VyIiwiaWF0IjoxNzgzNzA0MzI4LCJleHAiOjE3ODM3MDUyMjh9.7AheBaIvMDAqrnTzuFQDJKGW9DhSNguflCMEFrr0GFI',
  'user-agent': 'Mozilla/5.0 (Windows NT 10.0; Win64; x64) AppleWebKit/537.36 (KHTML, like Gecko) Chrome/149.0.0.0 Safari/537.36',
  'sec-ch-ua': '"Google Chrome";v="149", "Chromium";v="149", "Not)A;Brand";v="24"',
  'sec-ch-ua-mobile': '?0',
  accept: '*/*',
  origin: 'http://localhost:5173',
  'sec-fetch-site': 'same-site',
  'sec-fetch-mode': 'cors',
  'sec-fetch-dest': 'empty',
  referer: 'http://localhost:5173/',
  'accept-encoding': 'gzip, deflate, br, zstd',
  'accept-language': 'en-US,en;q=0.9',
  'if-none-match': 'W/"7c-eOXo3RJuDDEvIybIvVWLkrNw3Ss"'
}
Bearer eyJhbGciOiJIUzI1NiIsInR5cCI6IkpXVCJ9.eyJpZCI6IjZhNGZjZDBhMjgxYzBiOTVjMmFkODEyOCIsInJvbGUiOiJ1c2VyIiwiaWF0IjoxNzgzNzA0MzI4LCJleHAiOjE3ODM3MDUyMjh9.7AheBaIvMDAqrnTzuFQDJKGW9DhSNguflCMEFrr0GFI
{
  host: 'localhost:3000',
  connection: 'keep-alive',
  'content-length': '115',
  'sec-ch-ua-platform': '"Windows"',
  authorization: 'Bearer eyJhbGciOiJIUzI1NiIsInR5cCI6IkpXVCJ9.eyJpZCI6IjZhNGZjZDBhMjgxYzBiOTVjMmFkODEyOCIsInJvbGUiOiJ1c2VyIiwiaWF0IjoxNzgzNzA0MzI4LCJleHAiOjE3ODM3MDUyMjh9.7AheBaIvMDAqrnTzuFQDJKGW9DhSNguflCMEFrr0GFI',
  'user-agent': 'Mozilla/5.0 (Windows NT 10.0; Win64; x64) AppleWebKit/537.36 (KHTML, like Gecko) Chrome/149.0.0.0 Safari/537.36',
  'sec-ch-ua': '"Google Chrome";v="149", "Chromium";v="149", "Not)A;Brand";v="24"',
  'content-type': 'application/json',
  'sec-ch-ua-mobile': '?0',
  accept: '*/*',
  origin: 'http://localhost:5173',
  'sec-fetch-site': 'same-site',
  'sec-fetch-mode': 'cors',
  'sec-fetch-dest': 'empty',
  referer: 'http://localhost:5173/',
  'accept-encoding': 'gzip, deflate, br, zstd',
  'accept-language': 'en-US,en;q=0.9'
}
Bearer eyJhbGciOiJIUzI1NiIsInR5cCI6IkpXVCJ9.eyJpZCI6IjZhNGZjZDBhMjgxYzBiOTVjMmFkODEyOCIsInJvbGUiOiJ1c2VyIiwiaWF0IjoxNzgzNzA0MzI4LCJleHAiOjE3ODM3MDUyMjh9.7AheBaIvMDAqrnTzuFQDJKGW9DhSNguflCMEFrr0GFI
{
  host: 'localhost:3000',
  connection: 'keep-alive',
  'content-length': '115',
  'sec-ch-ua-platform': '"Windows"',
  authorization: 'Bearer eyJhbGciOiJIUzI1NiIsInR5cCI6IkpXVCJ9.eyJpZCI6IjZhNGZjZDBhMjgxYzBiOTVjMmFkODEyOCIsInJvbGUiOiJ1c2VyIiwiaWF0IjoxNzgzNzA1MjQyLCJleHAiOjE3ODM3MDYxNDJ9.Ak_a1cS_z7vshOCx_gB4kCKM4vJs9PtBOys4RQI6QvA',
  'user-agent': 'Mozilla/5.0 (Windows NT 10.0; Win64; x64) AppleWebKit/537.36 (KHTML, like Gecko) Chrome/149.0.0.0 Safari/537.36',
  'sec-ch-ua': '"Google Chrome";v="149", "Chromium";v="149", "Not)A;Brand";v="24"',
  'content-type': 'application/json',
  'sec-ch-ua-mobile': '?0',
  accept: '*/*',
  origin: 'http://localhost:5173',
  'sec-fetch-site': 'same-site',
  'sec-fetch-mode': 'cors',
  'sec-fetch-dest': 'empty',
  referer: 'http://localhost:5173/',
  'accept-encoding': 'gzip, deflate, br, zstd',
  'accept-language': 'en-US,en;q=0.9'
}
Bearer eyJhbGciOiJIUzI1NiIsInR5cCI6IkpXVCJ9.eyJpZCI6IjZhNGZjZDBhMjgxYzBiOTVjMmFkODEyOCIsInJvbGUiOiJ1c2VyIiwiaWF0IjoxNzgzNzA1MjQyLCJleHAiOjE3ODM3MDYxNDJ9.Ak_a1cS_z7vshOCx_gB4kCKM4vJs9PtBOys4RQI6QvA
{
  host: 'localhost:3000',
  connection: 'keep-alive',
  'sec-ch-ua-platform': '"Windows"',
  authorization: 'Bearer eyJhbGciOiJIUzI1NiIsInR5cCI6IkpXVCJ9.eyJpZCI6IjZhNGZjZDBhMjgxYzBiOTVjMmFkODEyOCIsInJvbGUiOiJ1c2VyIiwiaWF0IjoxNzgzNzA1MjQyLCJleHAiOjE3ODM3MDYxNDJ9.Ak_a1cS_z7vshOCx_gB4kCKM4vJs9PtBOys4RQI6QvA',
  'user-agent': 'Mozilla/5.0 (Windows NT 10.0; Win64; x64) AppleWebKit/537.36 (KHTML, like Gecko) Chrome/149.0.0.0 Safari/537.36',
  'sec-ch-ua': '"Google Chrome";v="149", "Chromium";v="149", "Not)A;Brand";v="24"',
  'sec-ch-ua-mobile': '?0',
  accept: '*/*',
  origin: 'http://localhost:5173',
  'sec-fetch-site': 'same-site',
  'sec-fetch-mode': 'cors',
  'sec-fetch-dest': 'empty',
  referer: 'http://localhost:5173/',
  'accept-encoding': 'gzip, deflate, br, zstd',
  'accept-language': 'en-US,en;q=0.9',
  'if-none-match': 'W/"673-G4Vz11JU5VMnTvS2jLg55SvQNpU"'
}
Bearer eyJhbGciOiJIUzI1NiIsInR5cCI6IkpXVCJ9.eyJpZCI6IjZhNGZjZDBhMjgxYzBiOTVjMmFkODEyOCIsInJvbGUiOiJ1c2VyIiwiaWF0IjoxNzgzNzA1MjQyLCJleHAiOjE3ODM3MDYxNDJ9.Ak_a1cS_z7vshOCx_gB4kCKM4vJs9PtBOys4RQI6QvA
{
  host: 'localhost:3000',
  connection: 'keep-alive',
  'sec-ch-ua-platform': '"Windows"',
  authorization: 'Bearer eyJhbGciOiJIUzI1NiIsInR5cCI6IkpXVCJ9.eyJpZCI6IjZhNGZjZDBhMjgxYzBiOTVjMmFkODEyOCIsInJvbGUiOiJ1c2VyIiwiaWF0IjoxNzgzNzA1MjQyLCJleHAiOjE3ODM3MDYxNDJ9.Ak_a1cS_z7vshOCx_gB4kCKM4vJs9PtBOys4RQI6QvA',
  'user-agent': 'Mozilla/5.0 (Windows NT 10.0; Win64; x64) AppleWebKit/537.36 (KHTML, like Gecko) Chrome/149.0.0.0 Safari/537.36',
  'sec-ch-ua': '"Google Chrome";v="149", "Chromium";v="149", "Not)A;Brand";v="24"',
  'sec-ch-ua-mobile': '?0',
  accept: '*/*',
  origin: 'http://localhost:5173',
  'sec-fetch-site': 'same-site',
  'sec-fetch-mode': 'cors',
  'sec-fetch-dest': 'empty',
  referer: 'http://localhost:5173/',
  'accept-encoding': 'gzip, deflate, br, zstd',
  'accept-language': 'en-US,en;q=0.9',
  'if-none-match': 'W/"925-S1545hXGGEMwUqrFeXgNV2xywwk"'
}
Bearer eyJhbGciOiJIUzI1NiIsInR5cCI6IkpXVCJ9.eyJpZCI6IjZhNGZjZDBhMjgxYzBiOTVjMmFkODEyOCIsInJvbGUiOiJ1c2VyIiwiaWF0IjoxNzgzNzA1MjQyLCJleHAiOjE3ODM3MDYxNDJ9.Ak_a1cS_z7vshOCx_gB4kCKM4vJs9PtBOys4RQI6QvA
{
  host: 'localhost:3000',
  connection: 'keep-alive',
  'content-length': '202',
  'sec-ch-ua-platform': '"Windows"',
  authorization: 'Bearer eyJhbGciOiJIUzI1NiIsInR5cCI6IkpXVCJ9.eyJpZCI6IjZhNGZjZDBhMjgxYzBiOTVjMmFkODEyOCIsInJvbGUiOiJ1c2VyIiwiaWF0IjoxNzgzNzA1MjQyLCJleHAiOjE3ODM3MDYxNDJ9.Ak_a1cS_z7vshOCx_gB4kCKM4vJs9PtBOys4RQI6QvA',
  'user-agent': 'Mozilla/5.0 (Windows NT 10.0; Win64; x64) AppleWebKit/537.36 (KHTML, like Gecko) Chrome/149.0.0.0 Safari/537.36',
  'sec-ch-ua': '"Google Chrome";v="149", "Chromium";v="149", "Not)A;Brand";v="24"',
  'content-type': 'application/json',
  'sec-ch-ua-mobile': '?0',
  accept: '*/*',
  origin: 'http://localhost:5173',
  'sec-fetch-site': 'same-site',
  'sec-fetch-mode': 'cors',
  'sec-fetch-dest': 'empty',
  referer: 'http://localhost:5173/',
  'accept-encoding': 'gzip, deflate, br, zstd',
  'accept-language': 'en-US,en;q=0.9'
}
Bearer eyJhbGciOiJIUzI1NiIsInR5cCI6IkpXVCJ9.eyJpZCI6IjZhNGZjZDBhMjgxYzBiOTVjMmFkODEyOCIsInJvbGUiOiJ1c2VyIiwiaWF0IjoxNzgzNzA1MjQyLCJleHAiOjE3ODM3MDYxNDJ9.Ak_a1cS_z7vshOCx_gB4kCKM4vJs9PtBOys4RQI6QvA
{
  host: 'localhost:3000',
  connection: 'keep-alive',
  'sec-ch-ua-platform': '"Windows"',
  authorization: 'Bearer eyJhbGciOiJIUzI1NiIsInR5cCI6IkpXVCJ9.eyJpZCI6IjZhNGZjZDBhMjgxYzBiOTVjMmFkODEyOCIsInJvbGUiOiJ1c2VyIiwiaWF0IjoxNzgzNzA1MjQyLCJleHAiOjE3ODM3MDYxNDJ9.Ak_a1cS_z7vshOCx_gB4kCKM4vJs9PtBOys4RQI6QvA',
  'user-agent': 'Mozilla/5.0 (Windows NT 10.0; Win64; x64) AppleWebKit/537.36 (KHTML, like Gecko) Chrome/149.0.0.0 Safari/537.36',
  'sec-ch-ua': '"Google Chrome";v="149", "Chromium";v="149", "Not)A;Brand";v="24"',
  'sec-ch-ua-mobile': '?0',
  accept: '*/*',
  origin: 'http://localhost:5173',
  'sec-fetch-site': 'same-site',
  'sec-fetch-mode': 'cors',
  'sec-fetch-dest': 'empty',
  referer: 'http://localhost:5173/',
  'accept-encoding': 'gzip, deflate, br, zstd',
  'accept-language': 'en-US,en;q=0.9',
  'if-none-match': 'W/"7c-eOXo3RJuDDEvIybIvVWLkrNw3Ss"'
}
Bearer eyJhbGciOiJIUzI1NiIsInR5cCI6IkpXVCJ9.eyJpZCI6IjZhNGZjZDBhMjgxYzBiOTVjMmFkODEyOCIsInJvbGUiOiJ1c2VyIiwiaWF0IjoxNzgzNzA1MjQyLCJleHAiOjE3ODM3MDYxNDJ9.Ak_a1cS_z7vshOCx_gB4kCKM4vJs9PtBOys4RQI6QvA
{
  host: 'localhost:3000',
  connection: 'keep-alive',
  'sec-ch-ua-platform': '"Windows"',
  authorization: 'Bearer eyJhbGciOiJIUzI1NiIsInR5cCI6IkpXVCJ9.eyJpZCI6IjZhNGZjZDBhMjgxYzBiOTVjMmFkODEyOCIsInJvbGUiOiJ1c2VyIiwiaWF0IjoxNzgzNzA1MjQyLCJleHAiOjE3ODM3MDYxNDJ9.Ak_a1cS_z7vshOCx_gB4kCKM4vJs9PtBOys4RQI6QvA',
  'user-agent': 'Mozilla/5.0 (Windows NT 10.0; Win64; x64) AppleWebKit/537.36 (KHTML, like Gecko) Chrome/149.0.0.0 Safari/537.36',
  'sec-ch-ua': '"Google Chrome";v="149", "Chromium";v="149", "Not)A;Brand";v="24"',
  'sec-ch-ua-mobile': '?0',
  accept: '*/*',
  origin: 'http://localhost:5173',
  'sec-fetch-site': 'same-site',
  'sec-fetch-mode': 'cors',
  'sec-fetch-dest': 'empty',
  referer: 'http://localhost:5173/',
  'accept-encoding': 'gzip, deflate, br, zstd',
  'accept-language': 'en-US,en;q=0.9',
  'if-none-match': 'W/"7c-eOXo3RJuDDEvIybIvVWLkrNw3Ss"'
}
Bearer eyJhbGciOiJIUzI1NiIsInR5cCI6IkpXVCJ9.eyJpZCI6IjZhNGZjZDBhMjgxYzBiOTVjMmFkODEyOCIsInJvbGUiOiJ1c2VyIiwiaWF0IjoxNzgzNzA1MjQyLCJleHAiOjE3ODM3MDYxNDJ9.Ak_a1cS_z7vshOCx_gB4kCKM4vJs9PtBOys4RQI6QvA
{
  host: 'localhost:3000',
  connection: 'keep-alive',
  'sec-ch-ua-platform': '"Windows"',
  authorization: 'Bearer eyJhbGciOiJIUzI1NiIsInR5cCI6IkpXVCJ9.eyJpZCI6IjZhNGZjZDBhMjgxYzBiOTVjMmFkODEyOCIsInJvbGUiOiJ1c2VyIiwiaWF0IjoxNzgzNzA1MjQyLCJleHAiOjE3ODM3MDYxNDJ9.Ak_a1cS_z7vshOCx_gB4kCKM4vJs9PtBOys4RQI6QvA',
  'user-agent': 'Mozilla/5.0 (Windows NT 10.0; Win64; x64) AppleWebKit/537.36 (KHTML, like Gecko) Chrome/149.0.0.0 Safari/537.36',
  'sec-ch-ua': '"Google Chrome";v="149", "Chromium";v="149", "Not)A;Brand";v="24"',
  'sec-ch-ua-mobile': '?0',
  accept: '*/*',
  origin: 'http://localhost:5173',
  'sec-fetch-site': 'same-site',
  'sec-fetch-mode': 'cors',
  'sec-fetch-dest': 'empty',
  referer: 'http://localhost:5173/',
  'accept-encoding': 'gzip, deflate, br, zstd',
  'accept-language': 'en-US,en;q=0.9',
  'if-none-match': 'W/"7c-eOXo3RJuDDEvIybIvVWLkrNw3Ss"'
}
Bearer eyJhbGciOiJIUzI1NiIsInR5cCI6IkpXVCJ9.eyJpZCI6IjZhNGZjZDBhMjgxYzBiOTVjMmFkODEyOCIsInJvbGUiOiJ1c2VyIiwiaWF0IjoxNzgzNzA1MjQyLCJleHAiOjE3ODM3MDYxNDJ9.Ak_a1cS_z7vshOCx_gB4kCKM4vJs9PtBOys4RQI6QvA
{
  host: 'localhost:3000',
  connection: 'keep-alive',
  'sec-ch-ua-platform': '"Windows"',
  authorization: 'Bearer eyJhbGciOiJIUzI1NiIsInR5cCI6IkpXVCJ9.eyJpZCI6IjZhNGZjZDBhMjgxYzBiOTVjMmFkODEyOCIsInJvbGUiOiJ1c2VyIiwiaWF0IjoxNzgzNzA1MjQyLCJleHAiOjE3ODM3MDYxNDJ9.Ak_a1cS_z7vshOCx_gB4kCKM4vJs9PtBOys4RQI6QvA',
  'user-agent': 'Mozilla/5.0 (Windows NT 10.0; Win64; x64) AppleWebKit/537.36 (KHTML, like Gecko) Chrome/149.0.0.0 Safari/537.36',
  'sec-ch-ua': '"Google Chrome";v="149", "Chromium";v="149", "Not)A;Brand";v="24"',
  'sec-ch-ua-mobile': '?0',
  accept: '*/*',
  origin: 'http://localhost:5173',
  'sec-fetch-site': 'same-site',
  'sec-fetch-mode': 'cors',
  'sec-fetch-dest': 'empty',
  referer: 'http://localhost:5173/',
  'accept-encoding': 'gzip, deflate, br, zstd',
  'accept-language': 'en-US,en;q=0.9',
  'if-none-match': 'W/"ca-QJF0w7qlz04EAzx1xFYNEdw+FyY"'
}
Bearer eyJhbGciOiJIUzI1NiIsInR5cCI6IkpXVCJ9.eyJpZCI6IjZhNGZjZDBhMjgxYzBiOTVjMmFkODEyOCIsInJvbGUiOiJ1c2VyIiwiaWF0IjoxNzgzNzA1MjQyLCJleHAiOjE3ODM3MDYxNDJ9.Ak_a1cS_z7vshOCx_gB4kCKM4vJs9PtBOys4RQI6QvA
{
  host: 'localhost:3000',
  connection: 'keep-alive',
  'sec-ch-ua-platform': '"Windows"',
  authorization: 'Bearer eyJhbGciOiJIUzI1NiIsInR5cCI6IkpXVCJ9.eyJpZCI6IjZhNGZjZDBhMjgxYzBiOTVjMmFkODEyOCIsInJvbGUiOiJ1c2VyIiwiaWF0IjoxNzgzNzA1MjQyLCJleHAiOjE3ODM3MDYxNDJ9.Ak_a1cS_z7vshOCx_gB4kCKM4vJs9PtBOys4RQI6QvA',
  'user-agent': 'Mozilla/5.0 (Windows NT 10.0; Win64; x64) AppleWebKit/537.36 (KHTML, like Gecko) Chrome/149.0.0.0 Safari/537.36',
  'sec-ch-ua': '"Google Chrome";v="149", "Chromium";v="149", "Not)A;Brand";v="24"',
  'sec-ch-ua-mobile': '?0',
  accept: '*/*',
  origin: 'http://localhost:5173',
  'sec-fetch-site': 'same-site',
  'sec-fetch-mode': 'cors',
  'sec-fetch-dest': 'empty',
  referer: 'http://localhost:5173/',
  'accept-encoding': 'gzip, deflate, br, zstd',
  'accept-language': 'en-US,en;q=0.9',
  'if-none-match': 'W/"925-S1545hXGGEMwUqrFeXgNV2xywwk"'
}
Bearer eyJhbGciOiJIUzI1NiIsInR5cCI6IkpXVCJ9.eyJpZCI6IjZhNGZjZDBhMjgxYzBiOTVjMmFkODEyOCIsInJvbGUiOiJ1c2VyIiwiaWF0IjoxNzgzNzA1MjQyLCJleHAiOjE3ODM3MDYxNDJ9.Ak_a1cS_z7vshOCx_gB4kCKM4vJs9PtBOys4RQI6QvA
{
  host: 'localhost:3000',
  connection: 'keep-alive',
  'sec-ch-ua-platform': '"Windows"',
  authorization: 'Bearer eyJhbGciOiJIUzI1NiIsInR5cCI6IkpXVCJ9.eyJpZCI6IjZhNGZjZDBhMjgxYzBiOTVjMmFkODEyOCIsInJvbGUiOiJ1c2VyIiwiaWF0IjoxNzgzNzA1MjQyLCJleHAiOjE3ODM3MDYxNDJ9.Ak_a1cS_z7vshOCx_gB4kCKM4vJs9PtBOys4RQI6QvA',
  'user-agent': 'Mozilla/5.0 (Windows NT 10.0; Win64; x64) AppleWebKit/537.36 (KHTML, like Gecko) Chrome/149.0.0.0 Safari/537.36',
  'sec-ch-ua': '"Google Chrome";v="149", "Chromium";v="149", "Not)A;Brand";v="24"',
  'sec-ch-ua-mobile': '?0',
  accept: '*/*',
  origin: 'http://localhost:5173',
  'sec-fetch-site': 'same-site',
  'sec-fetch-mode': 'cors',
  'sec-fetch-dest': 'empty',
  referer: 'http://localhost:5173/',
  'accept-encoding': 'gzip, deflate, br, zstd',
  'accept-language': 'en-US,en;q=0.9',
  'if-none-match': 'W/"7c-eOXo3RJuDDEvIybIvVWLkrNw3Ss"'
}
Bearer eyJhbGciOiJIUzI1NiIsInR5cCI6IkpXVCJ9.eyJpZCI6IjZhNGZjZDBhMjgxYzBiOTVjMmFkODEyOCIsInJvbGUiOiJ1c2VyIiwiaWF0IjoxNzgzNzA1MjQyLCJleHAiOjE3ODM3MDYxNDJ9.Ak_a1cS_z7vshOCx_gB4kCKM4vJs9PtBOys4RQI6QvA
{
  host: 'localhost:3000',
  connection: 'keep-alive',
  'sec-ch-ua-platform': '"Windows"',
  authorization: 'Bearer eyJhbGciOiJIUzI1NiIsInR5cCI6IkpXVCJ9.eyJpZCI6IjZhNGZjZDBhMjgxYzBiOTVjMmFkODEyOCIsInJvbGUiOiJ1c2VyIiwiaWF0IjoxNzgzNzA1MjQyLCJleHAiOjE3ODM3MDYxNDJ9.Ak_a1cS_z7vshOCx_gB4kCKM4vJs9PtBOys4RQI6QvA',
  'user-agent': 'Mozilla/5.0 (Windows NT 10.0; Win64; x64) AppleWebKit/537.36 (KHTML, like Gecko) Chrome/149.0.0.0 Safari/537.36',
  'sec-ch-ua': '"Google Chrome";v="149", "Chromium";v="149", "Not)A;Brand";v="24"',
  'sec-ch-ua-mobile': '?0',
  accept: '*/*',
  origin: 'http://localhost:5173',
  'sec-fetch-site': 'same-site',
  'sec-fetch-mode': 'cors',
  'sec-fetch-dest': 'empty',
  referer: 'http://localhost:5173/',
  'accept-encoding': 'gzip, deflate, br, zstd',
  'accept-language': 'en-US,en;q=0.9',
  'if-none-match': 'W/"ca-QJF0w7qlz04EAzx1xFYNEdw+FyY"'
}
Bearer eyJhbGciOiJIUzI1NiIsInR5cCI6IkpXVCJ9.eyJpZCI6IjZhNGZjZDBhMjgxYzBiOTVjMmFkODEyOCIsInJvbGUiOiJ1c2VyIiwiaWF0IjoxNzgzNzA1MjQyLCJleHAiOjE3ODM3MDYxNDJ9.Ak_a1cS_z7vshOCx_gB4kCKM4vJs9PtBOys4RQI6QvA
{
  host: 'localhost:3000',
  connection: 'keep-alive',
  'sec-ch-ua-platform': '"Windows"',
  authorization: 'Bearer eyJhbGciOiJIUzI1NiIsInR5cCI6IkpXVCJ9.eyJpZCI6IjZhNGZjZDBhMjgxYzBiOTVjMmFkODEyOCIsInJvbGUiOiJ1c2VyIiwiaWF0IjoxNzgzNzA1MjQyLCJleHAiOjE3ODM3MDYxNDJ9.Ak_a1cS_z7vshOCx_gB4kCKM4vJs9PtBOys4RQI6QvA',
  'user-agent': 'Mozilla/5.0 (Windows NT 10.0; Win64; x64) AppleWebKit/537.36 (KHTML, like Gecko) Chrome/149.0.0.0 Safari/537.36',
  'sec-ch-ua': '"Google Chrome";v="149", "Chromium";v="149", "Not)A;Brand";v="24"',
  'sec-ch-ua-mobile': '?0',
  accept: '*/*',
  origin: 'http://localhost:5173',
  'sec-fetch-site': 'same-site',
  'sec-fetch-mode': 'cors',
  'sec-fetch-dest': 'empty',
  referer: 'http://localhost:5173/',
  'accept-encoding': 'gzip, deflate, br, zstd',
  'accept-language': 'en-US,en;q=0.9',
  'if-none-match': 'W/"925-S1545hXGGEMwUqrFeXgNV2xywwk"'
}
Bearer eyJhbGciOiJIUzI1NiIsInR5cCI6IkpXVCJ9.eyJpZCI6IjZhNGZjZDBhMjgxYzBiOTVjMmFkODEyOCIsInJvbGUiOiJ1c2VyIiwiaWF0IjoxNzgzNzA1MjQyLCJleHAiOjE3ODM3MDYxNDJ9.Ak_a1cS_z7vshOCx_gB4kCKM4vJs9PtBOys4RQI6QvA
{
  host: 'localhost:3000',
  connection: 'keep-alive',
  'sec-ch-ua-platform': '"Windows"',
  authorization: 'Bearer eyJhbGciOiJIUzI1NiIsInR5cCI6IkpXVCJ9.eyJpZCI6IjZhNGZjZDBhMjgxYzBiOTVjMmFkODEyOCIsInJvbGUiOiJ1c2VyIiwiaWF0IjoxNzgzNzA1MjQyLCJleHAiOjE3ODM3MDYxNDJ9.Ak_a1cS_z7vshOCx_gB4kCKM4vJs9PtBOys4RQI6QvA',
  'user-agent': 'Mozilla/5.0 (Windows NT 10.0; Win64; x64) AppleWebKit/537.36 (KHTML, like Gecko) Chrome/149.0.0.0 Safari/537.36',
  'sec-ch-ua': '"Google Chrome";v="149", "Chromium";v="149", "Not)A;Brand";v="24"',
  'sec-ch-ua-mobile': '?0',
  accept: '*/*',
  origin: 'http://localhost:5173',
  'sec-fetch-site': 'same-site',
  'sec-fetch-mode': 'cors',
  'sec-fetch-dest': 'empty',
  referer: 'http://localhost:5173/',
  'accept-encoding': 'gzip, deflate, br, zstd',
  'accept-language': 'en-US,en;q=0.9',
  'if-none-match': 'W/"1fa-mQ1N/BePu7jjfOBEhTymecB7Cqw"'
}
Bearer eyJhbGciOiJIUzI1NiIsInR5cCI6IkpXVCJ9.eyJpZCI6IjZhNGZjZDBhMjgxYzBiOTVjMmFkODEyOCIsInJvbGUiOiJ1c2VyIiwiaWF0IjoxNzgzNzA1MjQyLCJleHAiOjE3ODM3MDYxNDJ9.Ak_a1cS_z7vshOCx_gB4kCKM4vJs9PtBOys4RQI6QvA
{
  host: 'localhost:3000',
  connection: 'keep-alive',
  'content-length': '115',
  'sec-ch-ua-platform': '"Windows"',
  authorization: 'Bearer eyJhbGciOiJIUzI1NiIsInR5cCI6IkpXVCJ9.eyJpZCI6IjZhNGZjZDBhMjgxYzBiOTVjMmFkODEyOCIsInJvbGUiOiJ1c2VyIiwiaWF0IjoxNzgzNzA1MjQyLCJleHAiOjE3ODM3MDYxNDJ9.Ak_a1cS_z7vshOCx_gB4kCKM4vJs9PtBOys4RQI6QvA',
  'user-agent': 'Mozilla/5.0 (Windows NT 10.0; Win64; x64) AppleWebKit/537.36 (KHTML, like Gecko) Chrome/149.0.0.0 Safari/537.36',
  'sec-ch-ua': '"Google Chrome";v="149", "Chromium";v="149", "Not)A;Brand";v="24"',
  'content-type': 'application/json',
  'sec-ch-ua-mobile': '?0',
  accept: '*/*',
  origin: 'http://localhost:5173',
  'sec-fetch-site': 'same-site',
  'sec-fetch-mode': 'cors',
  'sec-fetch-dest': 'empty',
  referer: 'http://localhost:5173/',
  'accept-encoding': 'gzip, deflate, br, zstd',
  'accept-language': 'en-US,en;q=0.9'
}
Bearer eyJhbGciOiJIUzI1NiIsInR5cCI6IkpXVCJ9.eyJpZCI6IjZhNGZjZDBhMjgxYzBiOTVjMmFkODEyOCIsInJvbGUiOiJ1c2VyIiwiaWF0IjoxNzgzNzA1MjQyLCJleHAiOjE3ODM3MDYxNDJ9.Ak_a1cS_z7vshOCx_gB4kCKM4vJs9PtBOys4RQI6QvA
{
  host: 'localhost:3000',
  connection: 'keep-alive',
  'content-length': '181',
  'sec-ch-ua-platform': '"Windows"',
  authorization: 'Bearer eyJhbGciOiJIUzI1NiIsInR5cCI6IkpXVCJ9.eyJpZCI6IjZhNGZjZDBhMjgxYzBiOTVjMmFkODEyOCIsInJvbGUiOiJ1c2VyIiwiaWF0IjoxNzgzNzA1MjQyLCJleHAiOjE3ODM3MDYxNDJ9.Ak_a1cS_z7vshOCx_gB4kCKM4vJs9PtBOys4RQI6QvA',
  'user-agent': 'Mozilla/5.0 (Windows NT 10.0; Win64; x64) AppleWebKit/537.36 (KHTML, like Gecko) Chrome/149.0.0.0 Safari/537.36',
  'sec-ch-ua': '"Google Chrome";v="149", "Chromium";v="149", "Not)A;Brand";v="24"',
  'content-type': 'application/json',
  'sec-ch-ua-mobile': '?0',
  accept: '*/*',
  origin: 'http://localhost:5173',
  'sec-fetch-site': 'same-site',
  'sec-fetch-mode': 'cors',
  'sec-fetch-dest': 'empty',
  referer: 'http://localhost:5173/',
  'accept-encoding': 'gzip, deflate, br, zstd',
  'accept-language': 'en-US,en;q=0.9'
}
Bearer eyJhbGciOiJIUzI1NiIsInR5cCI6IkpXVCJ9.eyJpZCI6IjZhNGZjZDBhMjgxYzBiOTVjMmFkODEyOCIsInJvbGUiOiJ1c2VyIiwiaWF0IjoxNzgzNzA1MjQyLCJleHAiOjE3ODM3MDYxNDJ9.Ak_a1cS_z7vshOCx_gB4kCKM4vJs9PtBOys4RQI6QvA
{
  host: 'localhost:3000',
  connection: 'keep-alive',
  'sec-ch-ua-platform': '"Windows"',
  authorization: 'Bearer eyJhbGciOiJIUzI1NiIsInR5cCI6IkpXVCJ9.eyJpZCI6IjZhNGZjZDBhMjgxYzBiOTVjMmFkODEyOCIsInJvbGUiOiJ1c2VyIiwiaWF0IjoxNzgzNzA1MjQyLCJleHAiOjE3ODM3MDYxNDJ9.Ak_a1cS_z7vshOCx_gB4kCKM4vJs9PtBOys4RQI6QvA',
  'user-agent': 'Mozilla/5.0 (Windows NT 10.0; Win64; x64) AppleWebKit/537.36 (KHTML, like Gecko) Chrome/149.0.0.0 Safari/537.36',
  'sec-ch-ua': '"Google Chrome";v="149", "Chromium";v="149", "Not)A;Brand";v="24"',
  'sec-ch-ua-mobile': '?0',
  accept: '*/*',
  origin: 'http://localhost:5173',
  'sec-fetch-site': 'same-site',
  'sec-fetch-mode': 'cors',
  'sec-fetch-dest': 'empty',
  referer: 'http://localhost:5173/',
  'accept-encoding': 'gzip, deflate, br, zstd',
  'accept-language': 'en-US,en;q=0.9',
  'if-none-match': 'W/"7c-eOXo3RJuDDEvIybIvVWLkrNw3Ss"'
}
Bearer eyJhbGciOiJIUzI1NiIsInR5cCI6IkpXVCJ9.eyJpZCI6IjZhNGZjZDBhMjgxYzBiOTVjMmFkODEyOCIsInJvbGUiOiJ1c2VyIiwiaWF0IjoxNzgzNzA1MjQyLCJleHAiOjE3ODM3MDYxNDJ9.Ak_a1cS_z7vshOCx_gB4kCKM4vJs9PtBOys4RQI6QvA
{
  host: 'localhost:3000',
  connection: 'keep-alive',
  'sec-ch-ua-platform': '"Windows"',
  authorization: 'Bearer eyJhbGciOiJIUzI1NiIsInR5cCI6IkpXVCJ9.eyJpZCI6IjZhNGZjZDBhMjgxYzBiOTVjMmFkODEyOCIsInJvbGUiOiJ1c2VyIiwiaWF0IjoxNzgzNzA1MjQyLCJleHAiOjE3ODM3MDYxNDJ9.Ak_a1cS_z7vshOCx_gB4kCKM4vJs9PtBOys4RQI6QvA',
  'user-agent': 'Mozilla/5.0 (Windows NT 10.0; Win64; x64) AppleWebKit/537.36 (KHTML, like Gecko) Chrome/149.0.0.0 Safari/537.36',
  'sec-ch-ua': '"Google Chrome";v="149", "Chromium";v="149", "Not)A;Brand";v="24"',
  'sec-ch-ua-mobile': '?0',
  accept: '*/*',
  origin: 'http://localhost:5173',
  'sec-fetch-site': 'same-site',
  'sec-fetch-mode': 'cors',
  'sec-fetch-dest': 'empty',
  referer: 'http://localhost:5173/',
  'accept-encoding': 'gzip, deflate, br, zstd',
  'accept-language': 'en-US,en;q=0.9',
  'if-none-match': 'W/"7c-eOXo3RJuDDEvIybIvVWLkrNw3Ss"'
}
Bearer eyJhbGciOiJIUzI1NiIsInR5cCI6IkpXVCJ9.eyJpZCI6IjZhNGZjZDBhMjgxYzBiOTVjMmFkODEyOCIsInJvbGUiOiJ1c2VyIiwiaWF0IjoxNzgzNzA1MjQyLCJleHAiOjE3ODM3MDYxNDJ9.Ak_a1cS_z7vshOCx_gB4kCKM4vJs9PtBOys4RQI6QvA
[32m[nodemon] restarting due to changes...[39m
[32m[nodemon] restarting due to changes...[39m
[32m[nodemon] starting `node src/index.js`[39m
◇ injected env (16) from .env // tip: ⌘ custom filepath { path: '/custom/path/.env' }
◇ injected env (0) from .env // tip: ◈ secrets for agents [www.dotenvx.com]
✅ Supabase client created
◇ injected env (0) from .env // tip: ⌘ custom filepath { path: '/custom/path/.env' }
◇ injected env (0) from .env // tip: ⌘ override existing { override: true }
◇ injected env (0) from .env // tip: ⌁ auth for agents [www.vestauth.com]
◇ injected env (0) from .env // tip: ◈ secrets for agents [www.dotenvx.com]
◇ injected env (0) from .env // tip: ◈ encrypted .env [www.dotenvx.com]
✅ MongoDB Connected
Server is running on port 3000
{
  host: 'localhost:3000',
  connection: 'keep-alive',
  'sec-ch-ua-platform': '"Windows"',
  authorization: 'Bearer eyJhbGciOiJIUzI1NiIsInR5cCI6IkpXVCJ9.eyJpZCI6IjZhNGZjZDBhMjgxYzBiOTVjMmFkODEyOCIsInJvbGUiOiJ1c2VyIiwiaWF0IjoxNzgzNzA1MjQyLCJleHAiOjE3ODM3MDYxNDJ9.Ak_a1cS_z7vshOCx_gB4kCKM4vJs9PtBOys4RQI6QvA',
  'user-agent': 'Mozilla/5.0 (Windows NT 10.0; Win64; x64) AppleWebKit/537.36 (KHTML, like Gecko) Chrome/149.0.0.0 Safari/537.36',
  'sec-ch-ua': '"Google Chrome";v="149", "Chromium";v="149", "Not)A;Brand";v="24"',
  'sec-ch-ua-mobile': '?0',
  accept: '*/*',
  origin: 'http://localhost:5173',
  'sec-fetch-site': 'same-site',
  'sec-fetch-mode': 'cors',
  'sec-fetch-dest': 'empty',
  referer: 'http://localhost:5173/',
  'accept-encoding': 'gzip, deflate, br, zstd',
  'accept-language': 'en-US,en;q=0.9',
  'if-none-match': 'W/"1fa-/36E2jnnCyyn6aKo0Ju1STknA5c"'
}
Bearer eyJhbGciOiJIUzI1NiIsInR5cCI6IkpXVCJ9.eyJpZCI6IjZhNGZjZDBhMjgxYzBiOTVjMmFkODEyOCIsInJvbGUiOiJ1c2VyIiwiaWF0IjoxNzgzNzA1MjQyLCJleHAiOjE3ODM3MDYxNDJ9.Ak_a1cS_z7vshOCx_gB4kCKM4vJs9PtBOys4RQI6QvA
{
  host: 'localhost:3000',
  connection: 'keep-alive',
  'sec-ch-ua-platform': '"Windows"',
  authorization: 'Bearer eyJhbGciOiJIUzI1NiIsInR5cCI6IkpXVCJ9.eyJpZCI6IjZhNGZjZDBhMjgxYzBiOTVjMmFkODEyOCIsInJvbGUiOiJ1c2VyIiwiaWF0IjoxNzgzNzA1MjQyLCJleHAiOjE3ODM3MDYxNDJ9.Ak_a1cS_z7vshOCx_gB4kCKM4vJs9PtBOys4RQI6QvA',
  'user-agent': 'Mozilla/5.0 (Windows NT 10.0; Win64; x64) AppleWebKit/537.36 (KHTML, like Gecko) Chrome/149.0.0.0 Safari/537.36',
  'sec-ch-ua': '"Google Chrome";v="149", "Chromium";v="149", "Not)A;Brand";v="24"',
  'sec-ch-ua-mobile': '?0',
  accept: '*/*',
  origin: 'http://localhost:5173',
  'sec-fetch-site': 'same-site',
  'sec-fetch-mode': 'cors',
  'sec-fetch-dest': 'empty',
  referer: 'http://localhost:5173/',
  'accept-encoding': 'gzip, deflate, br, zstd',
  'accept-language': 'en-US,en;q=0.9',
  'if-none-match': 'W/"1fa-MCHjQyvAhJ9OXjCqCuK6aUWXu2o"'
}
Bearer eyJhbGciOiJIUzI1NiIsInR5cCI6IkpXVCJ9.eyJpZCI6IjZhNGZjZDBhMjgxYzBiOTVjMmFkODEyOCIsInJvbGUiOiJ1c2VyIiwiaWF0IjoxNzgzNzA1MjQyLCJleHAiOjE3ODM3MDYxNDJ9.Ak_a1cS_z7vshOCx_gB4kCKM4vJs9PtBOys4RQI6QvA
{
  host: 'localhost:3000',
  connection: 'keep-alive',
  'sec-ch-ua-platform': '"Windows"',
  authorization: 'Bearer eyJhbGciOiJIUzI1NiIsInR5cCI6IkpXVCJ9.eyJpZCI6IjZhNGZjZDBhMjgxYzBiOTVjMmFkODEyOCIsInJvbGUiOiJ1c2VyIiwiaWF0IjoxNzgzNzA1MjQyLCJleHAiOjE3ODM3MDYxNDJ9.Ak_a1cS_z7vshOCx_gB4kCKM4vJs9PtBOys4RQI6QvA',
  'user-agent': 'Mozilla/5.0 (Windows NT 10.0; Win64; x64) AppleWebKit/537.36 (KHTML, like Gecko) Chrome/149.0.0.0 Safari/537.36',
  'sec-ch-ua': '"Google Chrome";v="149", "Chromium";v="149", "Not)A;Brand";v="24"',
  'sec-ch-ua-mobile': '?0',
  accept: '*/*',
  origin: 'http://localhost:5173',
  'sec-fetch-site': 'same-site',
  'sec-fetch-mode': 'cors',
  'sec-fetch-dest': 'empty',
  referer: 'http://localhost:5173/',
  'accept-encoding': 'gzip, deflate, br, zstd',
  'accept-language': 'en-US,en;q=0.9',
  'if-none-match': 'W/"1d-AaFOkrC4/GTKknFVVyp3ltN6LBU"'
}
Bearer eyJhbGciOiJIUzI1NiIsInR5cCI6IkpXVCJ9.eyJpZCI6IjZhNGZjZDBhMjgxYzBiOTVjMmFkODEyOCIsInJvbGUiOiJ1c2VyIiwiaWF0IjoxNzgzNzA1MjQyLCJleHAiOjE3ODM3MDYxNDJ9.Ak_a1cS_z7vshOCx_gB4kCKM4vJs9PtBOys4RQI6QvA
{
  host: 'localhost:3000',
  connection: 'keep-alive',
  'sec-ch-ua-platform': '"Windows"',
  authorization: 'Bearer eyJhbGciOiJIUzI1NiIsInR5cCI6IkpXVCJ9.eyJpZCI6IjZhNGZjZDBhMjgxYzBiOTVjMmFkODEyOCIsInJvbGUiOiJ1c2VyIiwiaWF0IjoxNzgzNzA1MjQyLCJleHAiOjE3ODM3MDYxNDJ9.Ak_a1cS_z7vshOCx_gB4kCKM4vJs9PtBOys4RQI6QvA',
  'user-agent': 'Mozilla/5.0 (Windows NT 10.0; Win64; x64) AppleWebKit/537.36 (KHTML, like Gecko) Chrome/149.0.0.0 Safari/537.36',
  'sec-ch-ua': '"Google Chrome";v="149", "Chromium";v="149", "Not)A;Brand";v="24"',
  'sec-ch-ua-mobile': '?0',
  accept: '*/*',
  origin: 'http://localhost:5173',
  'sec-fetch-site': 'same-site',
  'sec-fetch-mode': 'cors',
  'sec-fetch-dest': 'empty',
  referer: 'http://localhost:5173/',
  'accept-encoding': 'gzip, deflate, br, zstd',
  'accept-language': 'en-US,en;q=0.9',
  'if-none-match': 'W/"341-H/ISUP7totvRw9aawMkTiuHZxmE"'
}
Bearer eyJhbGciOiJIUzI1NiIsInR5cCI6IkpXVCJ9.eyJpZCI6IjZhNGZjZDBhMjgxYzBiOTVjMmFkODEyOCIsInJvbGUiOiJ1c2VyIiwiaWF0IjoxNzgzNzA1MjQyLCJleHAiOjE3ODM3MDYxNDJ9.Ak_a1cS_z7vshOCx_gB4kCKM4vJs9PtBOys4RQI6QvA
{
  host: 'localhost:3000',
  connection: 'keep-alive',
  'sec-ch-ua-platform': '"Windows"',
  authorization: 'Bearer eyJhbGciOiJIUzI1NiIsInR5cCI6IkpXVCJ9.eyJpZCI6IjZhNGZjZDBhMjgxYzBiOTVjMmFkODEyOCIsInJvbGUiOiJ1c2VyIiwiaWF0IjoxNzgzNzA1MjQyLCJleHAiOjE3ODM3MDYxNDJ9.Ak_a1cS_z7vshOCx_gB4kCKM4vJs9PtBOys4RQI6QvA',
  'user-agent': 'Mozilla/5.0 (Windows NT 10.0; Win64; x64) AppleWebKit/537.36 (KHTML, like Gecko) Chrome/149.0.0.0 Safari/537.36',
  'sec-ch-ua': '"Google Chrome";v="149", "Chromium";v="149", "Not)A;Brand";v="24"',
  'sec-ch-ua-mobile': '?0',
  accept: '*/*',
  origin: 'http://localhost:5173',
  'sec-fetch-site': 'same-site',
  'sec-fetch-mode': 'cors',
  'sec-fetch-dest': 'empty',
  referer: 'http://localhost:5173/',
  'accept-encoding': 'gzip, deflate, br, zstd',
  'accept-language': 'en-US,en;q=0.9',
  'if-none-match': 'W/"341-H/ISUP7totvRw9aawMkTiuHZxmE"'
}
Bearer eyJhbGciOiJIUzI1NiIsInR5cCI6IkpXVCJ9.eyJpZCI6IjZhNGZjZDBhMjgxYzBiOTVjMmFkODEyOCIsInJvbGUiOiJ1c2VyIiwiaWF0IjoxNzgzNzA1MjQyLCJleHAiOjE3ODM3MDYxNDJ9.Ak_a1cS_z7vshOCx_gB4kCKM4vJs9PtBOys4RQI6QvA
{
  host: 'localhost:3000',
  connection: 'keep-alive',
  'sec-ch-ua-platform': '"Windows"',
  authorization: 'Bearer eyJhbGciOiJIUzI1NiIsInR5cCI6IkpXVCJ9.eyJpZCI6IjZhNGZjZDBhMjgxYzBiOTVjMmFkODEyOCIsInJvbGUiOiJ1c2VyIiwiaWF0IjoxNzgzNzA1MjQyLCJleHAiOjE3ODM3MDYxNDJ9.Ak_a1cS_z7vshOCx_gB4kCKM4vJs9PtBOys4RQI6QvA',
  'user-agent': 'Mozilla/5.0 (Windows NT 10.0; Win64; x64) AppleWebKit/537.36 (KHTML, like Gecko) Chrome/149.0.0.0 Safari/537.36',
  'sec-ch-ua': '"Google Chrome";v="149", "Chromium";v="149", "Not)A;Brand";v="24"',
  'sec-ch-ua-mobile': '?0',
  accept: '*/*',
  origin: 'http://localhost:5173',
  'sec-fetch-site': 'same-site',
  'sec-fetch-mode': 'cors',
  'sec-fetch-dest': 'empty',
  referer: 'http://localhost:5173/',
  'accept-encoding': 'gzip, deflate, br, zstd',
  'accept-language': 'en-US,en;q=0.9',
  'if-none-match': 'W/"341-H/ISUP7totvRw9aawMkTiuHZxmE"'
}
Bearer eyJhbGciOiJIUzI1NiIsInR5cCI6IkpXVCJ9.eyJpZCI6IjZhNGZjZDBhMjgxYzBiOTVjMmFkODEyOCIsInJvbGUiOiJ1c2VyIiwiaWF0IjoxNzgzNzA1MjQyLCJleHAiOjE3ODM3MDYxNDJ9.Ak_a1cS_z7vshOCx_gB4kCKM4vJs9PtBOys4RQI6QvA
{
  host: 'localhost:3000',
  connection: 'keep-alive',
  'sec-ch-ua-platform': '"Windows"',
  authorization: 'Bearer eyJhbGciOiJIUzI1NiIsInR5cCI6IkpXVCJ9.eyJpZCI6IjZhNGZjZDBhMjgxYzBiOTVjMmFkODEyOCIsInJvbGUiOiJ1c2VyIiwiaWF0IjoxNzgzNzA1MjQyLCJleHAiOjE3ODM3MDYxNDJ9.Ak_a1cS_z7vshOCx_gB4kCKM4vJs9PtBOys4RQI6QvA',
  'user-agent': 'Mozilla/5.0 (Windows NT 10.0; Win64; x64) AppleWebKit/537.36 (KHTML, like Gecko) Chrome/149.0.0.0 Safari/537.36',
  'sec-ch-ua': '"Google Chrome";v="149", "Chromium";v="149", "Not)A;Brand";v="24"',
  'sec-ch-ua-mobile': '?0',
  accept: '*/*',
  origin: 'http://localhost:5173',
  'sec-fetch-site': 'same-site',
  'sec-fetch-mode': 'cors',
  'sec-fetch-dest': 'empty',
  referer: 'http://localhost:5173/',
  'accept-encoding': 'gzip, deflate, br, zstd',
  'accept-language': 'en-US,en;q=0.9',
  'if-none-match': 'W/"ec2-9XvYo7pA0lwJmkQEs+Xa3B/SMbg"'
}
Bearer eyJhbGciOiJIUzI1NiIsInR5cCI6IkpXVCJ9.eyJpZCI6IjZhNGZjZDBhMjgxYzBiOTVjMmFkODEyOCIsInJvbGUiOiJ1c2VyIiwiaWF0IjoxNzgzNzA1MjQyLCJleHAiOjE3ODM3MDYxNDJ9.Ak_a1cS_z7vshOCx_gB4kCKM4vJs9PtBOys4RQI6QvA
{
  host: 'localhost:3000',
  connection: 'keep-alive',
  'sec-ch-ua-platform': '"Windows"',
  authorization: 'Bearer eyJhbGciOiJIUzI1NiIsInR5cCI6IkpXVCJ9.eyJpZCI6IjZhNGZjZDBhMjgxYzBiOTVjMmFkODEyOCIsInJvbGUiOiJ1c2VyIiwiaWF0IjoxNzgzNzA1MjQyLCJleHAiOjE3ODM3MDYxNDJ9.Ak_a1cS_z7vshOCx_gB4kCKM4vJs9PtBOys4RQI6QvA',
  'user-agent': 'Mozilla/5.0 (Windows NT 10.0; Win64; x64) AppleWebKit/537.36 (KHTML, like Gecko) Chrome/149.0.0.0 Safari/537.36',
  'sec-ch-ua': '"Google Chrome";v="149", "Chromium";v="149", "Not)A;Brand";v="24"',
  'sec-ch-ua-mobile': '?0',
  accept: '*/*',
  origin: 'http://localhost:5173',
  'sec-fetch-site': 'same-site',
  'sec-fetch-mode': 'cors',
  'sec-fetch-dest': 'empty',
  referer: 'http://localhost:5173/',
  'accept-encoding': 'gzip, deflate, br, zstd',
  'accept-language': 'en-US,en;q=0.9',
  'if-none-match': 'W/"ec2-9XvYo7pA0lwJmkQEs+Xa3B/SMbg"'
}
Bearer eyJhbGciOiJIUzI1NiIsInR5cCI6IkpXVCJ9.eyJpZCI6IjZhNGZjZDBhMjgxYzBiOTVjMmFkODEyOCIsInJvbGUiOiJ1c2VyIiwiaWF0IjoxNzgzNzA1MjQyLCJleHAiOjE3ODM3MDYxNDJ9.Ak_a1cS_z7vshOCx_gB4kCKM4vJs9PtBOys4RQI6QvA
{
  host: 'localhost:3000',
  connection: 'keep-alive',
  'sec-ch-ua-platform': '"Windows"',
  authorization: 'Bearer eyJhbGciOiJIUzI1NiIsInR5cCI6IkpXVCJ9.eyJpZCI6IjZhNGZjZDBhMjgxYzBiOTVjMmFkODEyOCIsInJvbGUiOiJ1c2VyIiwiaWF0IjoxNzgzNzA1MjQyLCJleHAiOjE3ODM3MDYxNDJ9.Ak_a1cS_z7vshOCx_gB4kCKM4vJs9PtBOys4RQI6QvA',
  'user-agent': 'Mozilla/5.0 (Windows NT 10.0; Win64; x64) AppleWebKit/537.36 (KHTML, like Gecko) Chrome/149.0.0.0 Safari/537.36',
  'sec-ch-ua': '"Google Chrome";v="149", "Chromium";v="149", "Not)A;Brand";v="24"',
  'sec-ch-ua-mobile': '?0',
  accept: '*/*',
  origin: 'http://localhost:5173',
  'sec-fetch-site': 'same-site',
  'sec-fetch-mode': 'cors',
  'sec-fetch-dest': 'empty',
  referer: 'http://localhost:5173/',
  'accept-encoding': 'gzip, deflate, br, zstd',
  'accept-language': 'en-US,en;q=0.9',
  'if-none-match': 'W/"1fa-MCHjQyvAhJ9OXjCqCuK6aUWXu2o"'
}
Bearer eyJhbGciOiJIUzI1NiIsInR5cCI6IkpXVCJ9.eyJpZCI6IjZhNGZjZDBhMjgxYzBiOTVjMmFkODEyOCIsInJvbGUiOiJ1c2VyIiwiaWF0IjoxNzgzNzA1MjQyLCJleHAiOjE3ODM3MDYxNDJ9.Ak_a1cS_z7vshOCx_gB4kCKM4vJs9PtBOys4RQI6QvA
{
  host: 'localhost:3000',
  connection: 'keep-alive',
  'sec-ch-ua-platform': '"Windows"',
  authorization: 'Bearer eyJhbGciOiJIUzI1NiIsInR5cCI6IkpXVCJ9.eyJpZCI6IjZhNGZjZDBhMjgxYzBiOTVjMmFkODEyOCIsInJvbGUiOiJ1c2VyIiwiaWF0IjoxNzgzNzA1MjQyLCJleHAiOjE3ODM3MDYxNDJ9.Ak_a1cS_z7vshOCx_gB4kCKM4vJs9PtBOys4RQI6QvA',
  'user-agent': 'Mozilla/5.0 (Windows NT 10.0; Win64; x64) AppleWebKit/537.36 (KHTML, like Gecko) Chrome/149.0.0.0 Safari/537.36',
  'sec-ch-ua': '"Google Chrome";v="149", "Chromium";v="149", "Not)A;Brand";v="24"',
  'sec-ch-ua-mobile': '?0',
  accept: '*/*',
  origin: 'http://localhost:5173',
  'sec-fetch-site': 'same-site',
  'sec-fetch-mode': 'cors',
  'sec-fetch-dest': 'empty',
  referer: 'http://localhost:5173/',
  'accept-encoding': 'gzip, deflate, br, zstd',
  'accept-language': 'en-US,en;q=0.9',
  'if-none-match': 'W/"1fa-MCHjQyvAhJ9OXjCqCuK6aUWXu2o"'
}
Bearer eyJhbGciOiJIUzI1NiIsInR5cCI6IkpXVCJ9.eyJpZCI6IjZhNGZjZDBhMjgxYzBiOTVjMmFkODEyOCIsInJvbGUiOiJ1c2VyIiwiaWF0IjoxNzgzNzA1MjQyLCJleHAiOjE3ODM3MDYxNDJ9.Ak_a1cS_z7vshOCx_gB4kCKM4vJs9PtBOys4RQI6QvA
{
  host: 'localhost:3000',
  connection: 'keep-alive',
  'sec-ch-ua-platform': '"Windows"',
  authorization: 'Bearer eyJhbGciOiJIUzI1NiIsInR5cCI6IkpXVCJ9.eyJpZCI6IjZhNGZjZDBhMjgxYzBiOTVjMmFkODEyOCIsInJvbGUiOiJ1c2VyIiwiaWF0IjoxNzgzNzA1MjQyLCJleHAiOjE3ODM3MDYxNDJ9.Ak_a1cS_z7vshOCx_gB4kCKM4vJs9PtBOys4RQI6QvA',
  'user-agent': 'Mozilla/5.0 (Windows NT 10.0; Win64; x64) AppleWebKit/537.36 (KHTML, like Gecko) Chrome/149.0.0.0 Safari/537.36',
  'sec-ch-ua': '"Google Chrome";v="149", "Chromium";v="149", "Not)A;Brand";v="24"',
  'sec-ch-ua-mobile': '?0',
  accept: '*/*',
  origin: 'http://localhost:5173',
  'sec-fetch-site': 'same-site',
  'sec-fetch-mode': 'cors',
  'sec-fetch-dest': 'empty',
  referer: 'http://localhost:5173/',
  'accept-encoding': 'gzip, deflate, br, zstd',
  'accept-language': 'en-US,en;q=0.9',
  'if-none-match': 'W/"7c-eOXo3RJuDDEvIybIvVWLkrNw3Ss"'
}
Bearer eyJhbGciOiJIUzI1NiIsInR5cCI6IkpXVCJ9.eyJpZCI6IjZhNGZjZDBhMjgxYzBiOTVjMmFkODEyOCIsInJvbGUiOiJ1c2VyIiwiaWF0IjoxNzgzNzA1MjQyLCJleHAiOjE3ODM3MDYxNDJ9.Ak_a1cS_z7vshOCx_gB4kCKM4vJs9PtBOys4RQI6QvA
{
  host: 'localhost:3000',
  connection: 'keep-alive',
  'sec-ch-ua-platform': '"Windows"',
  authorization: 'Bearer eyJhbGciOiJIUzI1NiIsInR5cCI6IkpXVCJ9.eyJpZCI6IjZhNGZjZDBhMjgxYzBiOTVjMmFkODEyOCIsInJvbGUiOiJ1c2VyIiwiaWF0IjoxNzgzNzA1MjQyLCJleHAiOjE3ODM3MDYxNDJ9.Ak_a1cS_z7vshOCx_gB4kCKM4vJs9PtBOys4RQI6QvA',
  'user-agent': 'Mozilla/5.0 (Windows NT 10.0; Win64; x64) AppleWebKit/537.36 (KHTML, like Gecko) Chrome/149.0.0.0 Safari/537.36',
  'sec-ch-ua': '"Google Chrome";v="149", "Chromium";v="149", "Not)A;Brand";v="24"',
  'sec-ch-ua-mobile': '?0',
  accept: '*/*',
  origin: 'http://localhost:5173',
  'sec-fetch-site': 'same-site',
  'sec-fetch-mode': 'cors',
  'sec-fetch-dest': 'empty',
  referer: 'http://localhost:5173/',
  'accept-encoding': 'gzip, deflate, br, zstd',
  'accept-language': 'en-US,en;q=0.9',
  'if-none-match': 'W/"7c-eOXo3RJuDDEvIybIvVWLkrNw3Ss"'
}
Bearer eyJhbGciOiJIUzI1NiIsInR5cCI6IkpXVCJ9.eyJpZCI6IjZhNGZjZDBhMjgxYzBiOTVjMmFkODEyOCIsInJvbGUiOiJ1c2VyIiwiaWF0IjoxNzgzNzA1MjQyLCJleHAiOjE3ODM3MDYxNDJ9.Ak_a1cS_z7vshOCx_gB4kCKM4vJs9PtBOys4RQI6QvA
{
  host: 'localhost:3000',
  connection: 'keep-alive',
  'sec-ch-ua-platform': '"Windows"',
  authorization: 'Bearer eyJhbGciOiJIUzI1NiIsInR5cCI6IkpXVCJ9.eyJpZCI6IjZhNGZjZDBhMjgxYzBiOTVjMmFkODEyOCIsInJvbGUiOiJ1c2VyIiwiaWF0IjoxNzgzNzA1MjQyLCJleHAiOjE3ODM3MDYxNDJ9.Ak_a1cS_z7vshOCx_gB4kCKM4vJs9PtBOys4RQI6QvA',
  'user-agent': 'Mozilla/5.0 (Windows NT 10.0; Win64; x64) AppleWebKit/537.36 (KHTML, like Gecko) Chrome/149.0.0.0 Safari/537.36',
  'sec-ch-ua': '"Google Chrome";v="149", "Chromium";v="149", "Not)A;Brand";v="24"',
  'sec-ch-ua-mobile': '?0',
  accept: '*/*',
  origin: 'http://localhost:5173',
  'sec-fetch-site': 'same-site',
  'sec-fetch-mode': 'cors',
  'sec-fetch-dest': 'empty',
  referer: 'http://localhost:5173/',
  'accept-encoding': 'gzip, deflate, br, zstd',
  'accept-language': 'en-US,en;q=0.9',
  'if-none-match': 'W/"7c-eOXo3RJuDDEvIybIvVWLkrNw3Ss"'
}
Bearer eyJhbGciOiJIUzI1NiIsInR5cCI6IkpXVCJ9.eyJpZCI6IjZhNGZjZDBhMjgxYzBiOTVjMmFkODEyOCIsInJvbGUiOiJ1c2VyIiwiaWF0IjoxNzgzNzA1MjQyLCJleHAiOjE3ODM3MDYxNDJ9.Ak_a1cS_z7vshOCx_gB4kCKM4vJs9PtBOys4RQI6QvA
{
  host: 'localhost:3000',
  connection: 'keep-alive',
  'sec-ch-ua-platform': '"Windows"',
  authorization: 'Bearer eyJhbGciOiJIUzI1NiIsInR5cCI6IkpXVCJ9.eyJpZCI6IjZhNGZjZDBhMjgxYzBiOTVjMmFkODEyOCIsInJvbGUiOiJ1c2VyIiwiaWF0IjoxNzgzNzA1MjQyLCJleHAiOjE3ODM3MDYxNDJ9.Ak_a1cS_z7vshOCx_gB4kCKM4vJs9PtBOys4RQI6QvA',
  'user-agent': 'Mozilla/5.0 (Windows NT 10.0; Win64; x64) AppleWebKit/537.36 (KHTML, like Gecko) Chrome/149.0.0.0 Safari/537.36',
  'sec-ch-ua': '"Google Chrome";v="149", "Chromium";v="149", "Not)A;Brand";v="24"',
  'sec-ch-ua-mobile': '?0',
  accept: '*/*',
  origin: 'http://localhost:5173',
  'sec-fetch-site': 'same-site',
  'sec-fetch-mode': 'cors',
  'sec-fetch-dest': 'empty',
  referer: 'http://localhost:5173/',
  'accept-encoding': 'gzip, deflate, br, zstd',
  'accept-language': 'en-US,en;q=0.9',
  'if-none-match': 'W/"925-S1545hXGGEMwUqrFeXgNV2xywwk"'
}
Bearer eyJhbGciOiJIUzI1NiIsInR5cCI6IkpXVCJ9.eyJpZCI6IjZhNGZjZDBhMjgxYzBiOTVjMmFkODEyOCIsInJvbGUiOiJ1c2VyIiwiaWF0IjoxNzgzNzA1MjQyLCJleHAiOjE3ODM3MDYxNDJ9.Ak_a1cS_z7vshOCx_gB4kCKM4vJs9PtBOys4RQI6QvA
{
  host: 'localhost:3000',
  connection: 'keep-alive',
  'sec-ch-ua-platform': '"Windows"',
  authorization: 'Bearer eyJhbGciOiJIUzI1NiIsInR5cCI6IkpXVCJ9.eyJpZCI6IjZhNGZjZDBhMjgxYzBiOTVjMmFkODEyOCIsInJvbGUiOiJ1c2VyIiwiaWF0IjoxNzgzNzA1MjQyLCJleHAiOjE3ODM3MDYxNDJ9.Ak_a1cS_z7vshOCx_gB4kCKM4vJs9PtBOys4RQI6QvA',
  'user-agent': 'Mozilla/5.0 (Windows NT 10.0; Win64; x64) AppleWebKit/537.36 (KHTML, like Gecko) Chrome/149.0.0.0 Safari/537.36',
  'sec-ch-ua': '"Google Chrome";v="149", "Chromium";v="149", "Not)A;Brand";v="24"',
  'sec-ch-ua-mobile': '?0',
  accept: '*/*',
  origin: 'http://localhost:5173',
  'sec-fetch-site': 'same-site',
  'sec-fetch-mode': 'cors',
  'sec-fetch-dest': 'empty',
  referer: 'http://localhost:5173/',
  'accept-encoding': 'gzip, deflate, br, zstd',
  'accept-language': 'en-US,en;q=0.9',
  'if-none-match': 'W/"ca-QJF0w7qlz04EAzx1xFYNEdw+FyY"'
}
Bearer eyJhbGciOiJIUzI1NiIsInR5cCI6IkpXVCJ9.eyJpZCI6IjZhNGZjZDBhMjgxYzBiOTVjMmFkODEyOCIsInJvbGUiOiJ1c2VyIiwiaWF0IjoxNzgzNzA1MjQyLCJleHAiOjE3ODM3MDYxNDJ9.Ak_a1cS_z7vshOCx_gB4kCKM4vJs9PtBOys4RQI6QvA
{
  host: 'localhost:3000',
  connection: 'keep-alive',
  'sec-ch-ua-platform': '"Windows"',
  authorization: 'Bearer eyJhbGciOiJIUzI1NiIsInR5cCI6IkpXVCJ9.eyJpZCI6IjZhNGZjZDBhMjgxYzBiOTVjMmFkODEyOCIsInJvbGUiOiJ1c2VyIiwiaWF0IjoxNzgzNzA1MjQyLCJleHAiOjE3ODM3MDYxNDJ9.Ak_a1cS_z7vshOCx_gB4kCKM4vJs9PtBOys4RQI6QvA',
  'user-agent': 'Mozilla/5.0 (Windows NT 10.0; Win64; x64) AppleWebKit/537.36 (KHTML, like Gecko) Chrome/149.0.0.0 Safari/537.36',
  'sec-ch-ua': '"Google Chrome";v="149", "Chromium";v="149", "Not)A;Brand";v="24"',
  'sec-ch-ua-mobile': '?0',
  accept: '*/*',
  origin: 'http://localhost:5173',
  'sec-fetch-site': 'same-site',
  'sec-fetch-mode': 'cors',
  'sec-fetch-dest': 'empty',
  referer: 'http://localhost:5173/',
  'accept-encoding': 'gzip, deflate, br, zstd',
  'accept-language': 'en-US,en;q=0.9',
  'if-none-match': 'W/"7c-eOXo3RJuDDEvIybIvVWLkrNw3Ss"'
}
Bearer eyJhbGciOiJIUzI1NiIsInR5cCI6IkpXVCJ9.eyJpZCI6IjZhNGZjZDBhMjgxYzBiOTVjMmFkODEyOCIsInJvbGUiOiJ1c2VyIiwiaWF0IjoxNzgzNzA1MjQyLCJleHAiOjE3ODM3MDYxNDJ9.Ak_a1cS_z7vshOCx_gB4kCKM4vJs9PtBOys4RQI6QvA
{
  host: 'localhost:3000',
  connection: 'keep-alive',
  'sec-ch-ua-platform': '"Windows"',
  authorization: 'Bearer eyJhbGciOiJIUzI1NiIsInR5cCI6IkpXVCJ9.eyJpZCI6IjZhNGZjZDBhMjgxYzBiOTVjMmFkODEyOCIsInJvbGUiOiJ1c2VyIiwiaWF0IjoxNzgzNzA1MjQyLCJleHAiOjE3ODM3MDYxNDJ9.Ak_a1cS_z7vshOCx_gB4kCKM4vJs9PtBOys4RQI6QvA',
  'user-agent': 'Mozilla/5.0 (Windows NT 10.0; Win64; x64) AppleWebKit/537.36 (KHTML, like Gecko) Chrome/149.0.0.0 Safari/537.36',
  'sec-ch-ua': '"Google Chrome";v="149", "Chromium";v="149", "Not)A;Brand";v="24"',
  'sec-ch-ua-mobile': '?0',
  accept: '*/*',
  origin: 'http://localhost:5173',
  'sec-fetch-site': 'same-site',
  'sec-fetch-mode': 'cors',
  'sec-fetch-dest': 'empty',
  referer: 'http://localhost:5173/',
  'accept-encoding': 'gzip, deflate, br, zstd',
  'accept-language': 'en-US,en;q=0.9',
  'if-none-match': 'W/"925-S1545hXGGEMwUqrFeXgNV2xywwk"'
}
Bearer eyJhbGciOiJIUzI1NiIsInR5cCI6IkpXVCJ9.eyJpZCI6IjZhNGZjZDBhMjgxYzBiOTVjMmFkODEyOCIsInJvbGUiOiJ1c2VyIiwiaWF0IjoxNzgzNzA1MjQyLCJleHAiOjE3ODM3MDYxNDJ9.Ak_a1cS_z7vshOCx_gB4kCKM4vJs9PtBOys4RQI6QvA
{
  host: 'localhost:3000',
  connection: 'keep-alive',
  'sec-ch-ua-platform': '"Windows"',
  authorization: 'Bearer eyJhbGciOiJIUzI1NiIsInR5cCI6IkpXVCJ9.eyJpZCI6IjZhNGZjZDBhMjgxYzBiOTVjMmFkODEyOCIsInJvbGUiOiJ1c2VyIiwiaWF0IjoxNzgzNzA1MjQyLCJleHAiOjE3ODM3MDYxNDJ9.Ak_a1cS_z7vshOCx_gB4kCKM4vJs9PtBOys4RQI6QvA',
  'user-agent': 'Mozilla/5.0 (Windows NT 10.0; Win64; x64) AppleWebKit/537.36 (KHTML, like Gecko) Chrome/149.0.0.0 Safari/537.36',
  'sec-ch-ua': '"Google Chrome";v="149", "Chromium";v="149", "Not)A;Brand";v="24"',
  'sec-ch-ua-mobile': '?0',
  accept: '*/*',
  origin: 'http://localhost:5173',
  'sec-fetch-site': 'same-site',
  'sec-fetch-mode': 'cors',
  'sec-fetch-dest': 'empty',
  referer: 'http://localhost:5173/',
  'accept-encoding': 'gzip, deflate, br, zstd',
  'accept-language': 'en-US,en;q=0.9',
  'if-none-match': 'W/"ca-QJF0w7qlz04EAzx1xFYNEdw+FyY"'
}
Bearer eyJhbGciOiJIUzI1NiIsInR5cCI6IkpXVCJ9.eyJpZCI6IjZhNGZjZDBhMjgxYzBiOTVjMmFkODEyOCIsInJvbGUiOiJ1c2VyIiwiaWF0IjoxNzgzNzA1MjQyLCJleHAiOjE3ODM3MDYxNDJ9.Ak_a1cS_z7vshOCx_gB4kCKM4vJs9PtBOys4RQI6QvA
{
  host: 'localhost:3000',
  connection: 'keep-alive',
  'sec-ch-ua-platform': '"Windows"',
  authorization: 'Bearer eyJhbGciOiJIUzI1NiIsInR5cCI6IkpXVCJ9.eyJpZCI6IjZhNGZjZDBhMjgxYzBiOTVjMmFkODEyOCIsInJvbGUiOiJ1c2VyIiwiaWF0IjoxNzgzNzA2MTkwLCJleHAiOjE3ODM3MDcwOTB9.WiqyzESrBI3f66aOwPAsGPzN8IiS63Rp7Yjniua8c88',
  'user-agent': 'Mozilla/5.0 (Windows NT 10.0; Win64; x64) AppleWebKit/537.36 (KHTML, like Gecko) Chrome/149.0.0.0 Safari/537.36',
  'sec-ch-ua': '"Google Chrome";v="149", "Chromium";v="149", "Not)A;Brand";v="24"',
  'sec-ch-ua-mobile': '?0',
  accept: '*/*',
  origin: 'http://localhost:5173',
  'sec-fetch-site': 'same-site',
  'sec-fetch-mode': 'cors',
  'sec-fetch-dest': 'empty',
  referer: 'http://localhost:5173/',
  'accept-encoding': 'gzip, deflate, br, zstd',
  'accept-language': 'en-US,en;q=0.9',
  'if-none-match': 'W/"7c-eOXo3RJuDDEvIybIvVWLkrNw3Ss"'
}
Bearer eyJhbGciOiJIUzI1NiIsInR5cCI6IkpXVCJ9.eyJpZCI6IjZhNGZjZDBhMjgxYzBiOTVjMmFkODEyOCIsInJvbGUiOiJ1c2VyIiwiaWF0IjoxNzgzNzA2MTkwLCJleHAiOjE3ODM3MDcwOTB9.WiqyzESrBI3f66aOwPAsGPzN8IiS63Rp7Yjniua8c88
{
  host: 'localhost:3000',
  connection: 'keep-alive',
  'sec-ch-ua-platform': '"Windows"',
  authorization: 'Bearer eyJhbGciOiJIUzI1NiIsInR5cCI6IkpXVCJ9.eyJpZCI6IjZhNGZjZDBhMjgxYzBiOTVjMmFkODEyOCIsInJvbGUiOiJ1c2VyIiwiaWF0IjoxNzgzNzA2MTkwLCJleHAiOjE3ODM3MDcwOTB9.WiqyzESrBI3f66aOwPAsGPzN8IiS63Rp7Yjniua8c88',
  'user-agent': 'Mozilla/5.0 (Windows NT 10.0; Win64; x64) AppleWebKit/537.36 (KHTML, like Gecko) Chrome/149.0.0.0 Safari/537.36',
  'sec-ch-ua': '"Google Chrome";v="149", "Chromium";v="149", "Not)A;Brand";v="24"',
  'sec-ch-ua-mobile': '?0',
  accept: '*/*',
  origin: 'http://localhost:5173',
  'sec-fetch-site': 'same-site',
  'sec-fetch-mode': 'cors',
  'sec-fetch-dest': 'empty',
  referer: 'http://localhost:5173/',
  'accept-encoding': 'gzip, deflate, br, zstd',
  'accept-language': 'en-US,en;q=0.9',
  'if-none-match': 'W/"925-S1545hXGGEMwUqrFeXgNV2xywwk"'
}
Bearer eyJhbGciOiJIUzI1NiIsInR5cCI6IkpXVCJ9.eyJpZCI6IjZhNGZjZDBhMjgxYzBiOTVjMmFkODEyOCIsInJvbGUiOiJ1c2VyIiwiaWF0IjoxNzgzNzA2MTkwLCJleHAiOjE3ODM3MDcwOTB9.WiqyzESrBI3f66aOwPAsGPzN8IiS63Rp7Yjniua8c88
{
  host: 'localhost:3000',
  connection: 'keep-alive',
  'sec-ch-ua-platform': '"Windows"',
  authorization: 'Bearer eyJhbGciOiJIUzI1NiIsInR5cCI6IkpXVCJ9.eyJpZCI6IjZhNGZjZDBhMjgxYzBiOTVjMmFkODEyOCIsInJvbGUiOiJ1c2VyIiwiaWF0IjoxNzgzNzA2MTkwLCJleHAiOjE3ODM3MDcwOTB9.WiqyzESrBI3f66aOwPAsGPzN8IiS63Rp7Yjniua8c88',
  'user-agent': 'Mozilla/5.0 (Windows NT 10.0; Win64; x64) AppleWebKit/537.36 (KHTML, like Gecko) Chrome/149.0.0.0 Safari/537.36',
  'sec-ch-ua': '"Google Chrome";v="149", "Chromium";v="149", "Not)A;Brand";v="24"',
  'sec-ch-ua-mobile': '?0',
  accept: '*/*',
  origin: 'http://localhost:5173',
  'sec-fetch-site': 'same-site',
  'sec-fetch-mode': 'cors',
  'sec-fetch-dest': 'empty',
  referer: 'http://localhost:5173/',
  'accept-encoding': 'gzip, deflate, br, zstd',
  'accept-language': 'en-US,en;q=0.9',
  'if-none-match': 'W/"ca-QJF0w7qlz04EAzx1xFYNEdw+FyY"'
}
Bearer eyJhbGciOiJIUzI1NiIsInR5cCI6IkpXVCJ9.eyJpZCI6IjZhNGZjZDBhMjgxYzBiOTVjMmFkODEyOCIsInJvbGUiOiJ1c2VyIiwiaWF0IjoxNzgzNzA2MTkwLCJleHAiOjE3ODM3MDcwOTB9.WiqyzESrBI3f66aOwPAsGPzN8IiS63Rp7Yjniua8c88
{
  host: 'localhost:3000',
  connection: 'keep-alive',
  'sec-ch-ua-platform': '"Windows"',
  authorization: 'Bearer eyJhbGciOiJIUzI1NiIsInR5cCI6IkpXVCJ9.eyJpZCI6IjZhNGZjZDBhMjgxYzBiOTVjMmFkODEyOCIsInJvbGUiOiJ1c2VyIiwiaWF0IjoxNzgzNzA2MTkwLCJleHAiOjE3ODM3MDcwOTB9.WiqyzESrBI3f66aOwPAsGPzN8IiS63Rp7Yjniua8c88',
  'user-agent': 'Mozilla/5.0 (Windows NT 10.0; Win64; x64) AppleWebKit/537.36 (KHTML, like Gecko) Chrome/149.0.0.0 Safari/537.36',
  'sec-ch-ua': '"Google Chrome";v="149", "Chromium";v="149", "Not)A;Brand";v="24"',
  'sec-ch-ua-mobile': '?0',
  accept: '*/*',
  origin: 'http://localhost:5173',
  'sec-fetch-site': 'same-site',
  'sec-fetch-mode': 'cors',
  'sec-fetch-dest': 'empty',
  referer: 'http://localhost:5173/',
  'accept-encoding': 'gzip, deflate, br, zstd',
  'accept-language': 'en-US,en;q=0.9',
  'if-none-match': 'W/"7c-eOXo3RJuDDEvIybIvVWLkrNw3Ss"'
}
Bearer eyJhbGciOiJIUzI1NiIsInR5cCI6IkpXVCJ9.eyJpZCI6IjZhNGZjZDBhMjgxYzBiOTVjMmFkODEyOCIsInJvbGUiOiJ1c2VyIiwiaWF0IjoxNzgzNzA2MTkwLCJleHAiOjE3ODM3MDcwOTB9.WiqyzESrBI3f66aOwPAsGPzN8IiS63Rp7Yjniua8c88
{
  host: 'localhost:3000',
  connection: 'keep-alive',
  'sec-ch-ua-platform': '"Windows"',
  authorization: 'Bearer eyJhbGciOiJIUzI1NiIsInR5cCI6IkpXVCJ9.eyJpZCI6IjZhNGZjZDBhMjgxYzBiOTVjMmFkODEyOCIsInJvbGUiOiJ1c2VyIiwiaWF0IjoxNzgzNzA2MTkxLCJleHAiOjE3ODM3MDcwOTF9.V_pFq06eTU-T0jOp1ysmwKhiXYkZsHob-ElCMYidKeU',
  'user-agent': 'Mozilla/5.0 (Windows NT 10.0; Win64; x64) AppleWebKit/537.36 (KHTML, like Gecko) Chrome/149.0.0.0 Safari/537.36',
  'sec-ch-ua': '"Google Chrome";v="149", "Chromium";v="149", "Not)A;Brand";v="24"',
  'sec-ch-ua-mobile': '?0',
  accept: '*/*',
  origin: 'http://localhost:5173',
  'sec-fetch-site': 'same-site',
  'sec-fetch-mode': 'cors',
  'sec-fetch-dest': 'empty',
  referer: 'http://localhost:5173/',
  'accept-encoding': 'gzip, deflate, br, zstd',
  'accept-language': 'en-US,en;q=0.9',
  'if-none-match': 'W/"925-C7qt9tVkX1lqrk7tn8yOq+dWiM8"'
}
Bearer eyJhbGciOiJIUzI1NiIsInR5cCI6IkpXVCJ9.eyJpZCI6IjZhNGZjZDBhMjgxYzBiOTVjMmFkODEyOCIsInJvbGUiOiJ1c2VyIiwiaWF0IjoxNzgzNzA2MTkxLCJleHAiOjE3ODM3MDcwOTF9.V_pFq06eTU-T0jOp1ysmwKhiXYkZsHob-ElCMYidKeU
{
  host: 'localhost:3000',
  connection: 'keep-alive',
  'sec-ch-ua-platform': '"Windows"',
  authorization: 'Bearer eyJhbGciOiJIUzI1NiIsInR5cCI6IkpXVCJ9.eyJpZCI6IjZhNGZjZDBhMjgxYzBiOTVjMmFkODEyOCIsInJvbGUiOiJ1c2VyIiwiaWF0IjoxNzgzNzA2MTkxLCJleHAiOjE3ODM3MDcwOTF9.V_pFq06eTU-T0jOp1ysmwKhiXYkZsHob-ElCMYidKeU',
  'user-agent': 'Mozilla/5.0 (Windows NT 10.0; Win64; x64) AppleWebKit/537.36 (KHTML, like Gecko) Chrome/149.0.0.0 Safari/537.36',
  'sec-ch-ua': '"Google Chrome";v="149", "Chromium";v="149", "Not)A;Brand";v="24"',
  'sec-ch-ua-mobile': '?0',
  accept: '*/*',
  origin: 'http://localhost:5173',
  'sec-fetch-site': 'same-site',
  'sec-fetch-mode': 'cors',
  'sec-fetch-dest': 'empty',
  referer: 'http://localhost:5173/',
  'accept-encoding': 'gzip, deflate, br, zstd',
  'accept-language': 'en-US,en;q=0.9'
}
Bearer eyJhbGciOiJIUzI1NiIsInR5cCI6IkpXVCJ9.eyJpZCI6IjZhNGZjZDBhMjgxYzBiOTVjMmFkODEyOCIsInJvbGUiOiJ1c2VyIiwiaWF0IjoxNzgzNzA2MTkxLCJleHAiOjE3ODM3MDcwOTF9.V_pFq06eTU-T0jOp1ysmwKhiXYkZsHob-ElCMYidKeU
{
  host: 'localhost:3000',
  connection: 'keep-alive',
  'sec-ch-ua-platform': '"Windows"',
  authorization: 'Bearer eyJhbGciOiJIUzI1NiIsInR5cCI6IkpXVCJ9.eyJpZCI6IjZhNGZjZDBhMjgxYzBiOTVjMmFkODEyOCIsInJvbGUiOiJ1c2VyIiwiaWF0IjoxNzgzNzA2MTkxLCJleHAiOjE3ODM3MDcwOTF9.V_pFq06eTU-T0jOp1ysmwKhiXYkZsHob-ElCMYidKeU',
  'user-agent': 'Mozilla/5.0 (Windows NT 10.0; Win64; x64) AppleWebKit/537.36 (KHTML, like Gecko) Chrome/149.0.0.0 Safari/537.36',
  'sec-ch-ua': '"Google Chrome";v="149", "Chromium";v="149", "Not)A;Brand";v="24"',
  'sec-ch-ua-mobile': '?0',
  accept: '*/*',
  origin: 'http://localhost:5173',
  'sec-fetch-site': 'same-site',
  'sec-fetch-mode': 'cors',
  'sec-fetch-dest': 'empty',
  referer: 'http://localhost:5173/',
  'accept-encoding': 'gzip, deflate, br, zstd',
  'accept-language': 'en-US,en;q=0.9',
  'if-none-match': 'W/"7c-eOXo3RJuDDEvIybIvVWLkrNw3Ss"'
}
Bearer eyJhbGciOiJIUzI1NiIsInR5cCI6IkpXVCJ9.eyJpZCI6IjZhNGZjZDBhMjgxYzBiOTVjMmFkODEyOCIsInJvbGUiOiJ1c2VyIiwiaWF0IjoxNzgzNzA2MTkxLCJleHAiOjE3ODM3MDcwOTF9.V_pFq06eTU-T0jOp1ysmwKhiXYkZsHob-ElCMYidKeU
{
  host: 'localhost:3000',
  connection: 'keep-alive',
  'sec-ch-ua-platform': '"Windows"',
  authorization: 'Bearer eyJhbGciOiJIUzI1NiIsInR5cCI6IkpXVCJ9.eyJpZCI6IjZhNGZjZDBhMjgxYzBiOTVjMmFkODEyOCIsInJvbGUiOiJ1c2VyIiwiaWF0IjoxNzgzNzA2MTkxLCJleHAiOjE3ODM3MDcwOTF9.V_pFq06eTU-T0jOp1ysmwKhiXYkZsHob-ElCMYidKeU',
  'user-agent': 'Mozilla/5.0 (Windows NT 10.0; Win64; x64) AppleWebKit/537.36 (KHTML, like Gecko) Chrome/149.0.0.0 Safari/537.36',
  'sec-ch-ua': '"Google Chrome";v="149", "Chromium";v="149", "Not)A;Brand";v="24"',
  'sec-ch-ua-mobile': '?0',
  accept: '*/*',
  origin: 'http://localhost:5173',
  'sec-fetch-site': 'same-site',
  'sec-fetch-mode': 'cors',
  'sec-fetch-dest': 'empty',
  referer: 'http://localhost:5173/',
  'accept-encoding': 'gzip, deflate, br, zstd',
  'accept-language': 'en-US,en;q=0.9',
  'if-none-match': 'W/"925-C7qt9tVkX1lqrk7tn8yOq+dWiM8"'
}
Bearer eyJhbGciOiJIUzI1NiIsInR5cCI6IkpXVCJ9.eyJpZCI6IjZhNGZjZDBhMjgxYzBiOTVjMmFkODEyOCIsInJvbGUiOiJ1c2VyIiwiaWF0IjoxNzgzNzA2MTkxLCJleHAiOjE3ODM3MDcwOTF9.V_pFq06eTU-T0jOp1ysmwKhiXYkZsHob-ElCMYidKeU
{
  host: 'localhost:3000',
  connection: 'keep-alive',
  'sec-ch-ua-platform': '"Windows"',
  authorization: 'Bearer eyJhbGciOiJIUzI1NiIsInR5cCI6IkpXVCJ9.eyJpZCI6IjZhNGZjZDBhMjgxYzBiOTVjMmFkODEyOCIsInJvbGUiOiJ1c2VyIiwiaWF0IjoxNzgzNzA2MTkxLCJleHAiOjE3ODM3MDcwOTF9.V_pFq06eTU-T0jOp1ysmwKhiXYkZsHob-ElCMYidKeU',
  'user-agent': 'Mozilla/5.0 (Windows NT 10.0; Win64; x64) AppleWebKit/537.36 (KHTML, like Gecko) Chrome/149.0.0.0 Safari/537.36',
  'sec-ch-ua': '"Google Chrome";v="149", "Chromium";v="149", "Not)A;Brand";v="24"',
  'sec-ch-ua-mobile': '?0',
  accept: '*/*',
  origin: 'http://localhost:5173',
  'sec-fetch-site': 'same-site',
  'sec-fetch-mode': 'cors',
  'sec-fetch-dest': 'empty',
  referer: 'http://localhost:5173/',
  'accept-encoding': 'gzip, deflate, br, zstd',
  'accept-language': 'en-US,en;q=0.9'
}
Bearer eyJhbGciOiJIUzI1NiIsInR5cCI6IkpXVCJ9.eyJpZCI6IjZhNGZjZDBhMjgxYzBiOTVjMmFkODEyOCIsInJvbGUiOiJ1c2VyIiwiaWF0IjoxNzgzNzA2MTkxLCJleHAiOjE3ODM3MDcwOTF9.V_pFq06eTU-T0jOp1ysmwKhiXYkZsHob-ElCMYidKeU
{
  host: 'localhost:3000',
  connection: 'keep-alive',
  'sec-ch-ua-platform': '"Windows"',
  authorization: 'Bearer eyJhbGciOiJIUzI1NiIsInR5cCI6IkpXVCJ9.eyJpZCI6IjZhNGZjZDBhMjgxYzBiOTVjMmFkODEyOCIsInJvbGUiOiJ1c2VyIiwiaWF0IjoxNzgzNzA2MTkxLCJleHAiOjE3ODM3MDcwOTF9.V_pFq06eTU-T0jOp1ysmwKhiXYkZsHob-ElCMYidKeU',
  'user-agent': 'Mozilla/5.0 (Windows NT 10.0; Win64; x64) AppleWebKit/537.36 (KHTML, like Gecko) Chrome/149.0.0.0 Safari/537.36',
  'sec-ch-ua': '"Google Chrome";v="149", "Chromium";v="149", "Not)A;Brand";v="24"',
  'sec-ch-ua-mobile': '?0',
  accept: '*/*',
  origin: 'http://localhost:5173',
  'sec-fetch-site': 'same-site',
  'sec-fetch-mode': 'cors',
  'sec-fetch-dest': 'empty',
  referer: 'http://localhost:5173/',
  'accept-encoding': 'gzip, deflate, br, zstd',
  'accept-language': 'en-US,en;q=0.9',
  'if-none-match': 'W/"7c-eOXo3RJuDDEvIybIvVWLkrNw3Ss"'
}
Bearer eyJhbGciOiJIUzI1NiIsInR5cCI6IkpXVCJ9.eyJpZCI6IjZhNGZjZDBhMjgxYzBiOTVjMmFkODEyOCIsInJvbGUiOiJ1c2VyIiwiaWF0IjoxNzgzNzA2MTkxLCJleHAiOjE3ODM3MDcwOTF9.V_pFq06eTU-T0jOp1ysmwKhiXYkZsHob-ElCMYidKeU
{
  host: 'localhost:3000',
  connection: 'keep-alive',
  'sec-ch-ua-platform': '"Windows"',
  authorization: 'Bearer eyJhbGciOiJIUzI1NiIsInR5cCI6IkpXVCJ9.eyJpZCI6IjZhNGZjZDBhMjgxYzBiOTVjMmFkODEyOCIsInJvbGUiOiJ1c2VyIiwiaWF0IjoxNzgzNzA2MTkxLCJleHAiOjE3ODM3MDcwOTF9.V_pFq06eTU-T0jOp1ysmwKhiXYkZsHob-ElCMYidKeU',
  'user-agent': 'Mozilla/5.0 (Windows NT 10.0; Win64; x64) AppleWebKit/537.36 (KHTML, like Gecko) Chrome/149.0.0.0 Safari/537.36',
  'sec-ch-ua': '"Google Chrome";v="149", "Chromium";v="149", "Not)A;Brand";v="24"',
  'sec-ch-ua-mobile': '?0',
  accept: '*/*',
  origin: 'http://localhost:5173',
  'sec-fetch-site': 'same-site',
  'sec-fetch-mode': 'cors',
  'sec-fetch-dest': 'empty',
  referer: 'http://localhost:5173/',
  'accept-encoding': 'gzip, deflate, br, zstd',
  'accept-language': 'en-US,en;q=0.9',
  'if-none-match': 'W/"7c-eOXo3RJuDDEvIybIvVWLkrNw3Ss"'
}
Bearer eyJhbGciOiJIUzI1NiIsInR5cCI6IkpXVCJ9.eyJpZCI6IjZhNGZjZDBhMjgxYzBiOTVjMmFkODEyOCIsInJvbGUiOiJ1c2VyIiwiaWF0IjoxNzgzNzA2MTkxLCJleHAiOjE3ODM3MDcwOTF9.V_pFq06eTU-T0jOp1ysmwKhiXYkZsHob-ElCMYidKeU
{
  host: 'localhost:3000',
  connection: 'keep-alive',
  'sec-ch-ua-platform': '"Windows"',
  authorization: 'Bearer eyJhbGciOiJIUzI1NiIsInR5cCI6IkpXVCJ9.eyJpZCI6IjZhNGZjZDBhMjgxYzBiOTVjMmFkODEyOCIsInJvbGUiOiJ1c2VyIiwiaWF0IjoxNzgzNzA2MTkxLCJleHAiOjE3ODM3MDcwOTF9.V_pFq06eTU-T0jOp1ysmwKhiXYkZsHob-ElCMYidKeU',
  'user-agent': 'Mozilla/5.0 (Windows NT 10.0; Win64; x64) AppleWebKit/537.36 (KHTML, like Gecko) Chrome/149.0.0.0 Safari/537.36',
  'sec-ch-ua': '"Google Chrome";v="149", "Chromium";v="149", "Not)A;Brand";v="24"',
  'sec-ch-ua-mobile': '?0',
  accept: '*/*',
  origin: 'http://localhost:5173',
  'sec-fetch-site': 'same-site',
  'sec-fetch-mode': 'cors',
  'sec-fetch-dest': 'empty',
  referer: 'http://localhost:5173/',
  'accept-encoding': 'gzip, deflate, br, zstd',
  'accept-language': 'en-US,en;q=0.9'
}
Bearer eyJhbGciOiJIUzI1NiIsInR5cCI6IkpXVCJ9.eyJpZCI6IjZhNGZjZDBhMjgxYzBiOTVjMmFkODEyOCIsInJvbGUiOiJ1c2VyIiwiaWF0IjoxNzgzNzA2MTkxLCJleHAiOjE3ODM3MDcwOTF9.V_pFq06eTU-T0jOp1ysmwKhiXYkZsHob-ElCMYidKeU
{
  host: 'localhost:3000',
  connection: 'keep-alive',
  'sec-ch-ua-platform': '"Windows"',
  authorization: 'Bearer eyJhbGciOiJIUzI1NiIsInR5cCI6IkpXVCJ9.eyJpZCI6IjZhNGZjZDBhMjgxYzBiOTVjMmFkODEyOCIsInJvbGUiOiJ1c2VyIiwiaWF0IjoxNzgzNzA2MTkxLCJleHAiOjE3ODM3MDcwOTF9.V_pFq06eTU-T0jOp1ysmwKhiXYkZsHob-ElCMYidKeU',
  'user-agent': 'Mozilla/5.0 (Windows NT 10.0; Win64; x64) AppleWebKit/537.36 (KHTML, like Gecko) Chrome/149.0.0.0 Safari/537.36',
  'sec-ch-ua': '"Google Chrome";v="149", "Chromium";v="149", "Not)A;Brand";v="24"',
  'sec-ch-ua-mobile': '?0',
  accept: '*/*',
  origin: 'http://localhost:5173',
  'sec-fetch-site': 'same-site',
  'sec-fetch-mode': 'cors',
  'sec-fetch-dest': 'empty',
  referer: 'http://localhost:5173/',
  'accept-encoding': 'gzip, deflate, br, zstd',
  'accept-language': 'en-US,en;q=0.9'
}
Bearer eyJhbGciOiJIUzI1NiIsInR5cCI6IkpXVCJ9.eyJpZCI6IjZhNGZjZDBhMjgxYzBiOTVjMmFkODEyOCIsInJvbGUiOiJ1c2VyIiwiaWF0IjoxNzgzNzA2MTkxLCJleHAiOjE3ODM3MDcwOTF9.V_pFq06eTU-T0jOp1ysmwKhiXYkZsHob-ElCMYidKeU
{
  host: 'localhost:3000',
  connection: 'keep-alive',
  'sec-ch-ua-platform': '"Windows"',
  authorization: 'Bearer eyJhbGciOiJIUzI1NiIsInR5cCI6IkpXVCJ9.eyJpZCI6IjZhNGZjZDBhMjgxYzBiOTVjMmFkODEyOCIsInJvbGUiOiJ1c2VyIiwiaWF0IjoxNzgzNzA2MTkxLCJleHAiOjE3ODM3MDcwOTF9.V_pFq06eTU-T0jOp1ysmwKhiXYkZsHob-ElCMYidKeU',
  'user-agent': 'Mozilla/5.0 (Windows NT 10.0; Win64; x64) AppleWebKit/537.36 (KHTML, like Gecko) Chrome/149.0.0.0 Safari/537.36',
  'sec-ch-ua': '"Google Chrome";v="149", "Chromium";v="149", "Not)A;Brand";v="24"',
  'sec-ch-ua-mobile': '?0',
  accept: '*/*',
  origin: 'http://localhost:5173',
  'sec-fetch-site': 'same-site',
  'sec-fetch-mode': 'cors',
  'sec-fetch-dest': 'empty',
  referer: 'http://localhost:5173/',
  'accept-encoding': 'gzip, deflate, br, zstd',
  'accept-language': 'en-US,en;q=0.9',
  'if-none-match': 'W/"7c-eOXo3RJuDDEvIybIvVWLkrNw3Ss"'
}
Bearer eyJhbGciOiJIUzI1NiIsInR5cCI6IkpXVCJ9.eyJpZCI6IjZhNGZjZDBhMjgxYzBiOTVjMmFkODEyOCIsInJvbGUiOiJ1c2VyIiwiaWF0IjoxNzgzNzA2MTkxLCJleHAiOjE3ODM3MDcwOTF9.V_pFq06eTU-T0jOp1ysmwKhiXYkZsHob-ElCMYidKeU
{
  host: 'localhost:3000',
  connection: 'keep-alive',
  'sec-ch-ua-platform': '"Windows"',
  authorization: 'Bearer eyJhbGciOiJIUzI1NiIsInR5cCI6IkpXVCJ9.eyJpZCI6IjZhNGZjZDBhMjgxYzBiOTVjMmFkODEyOCIsInJvbGUiOiJ1c2VyIiwiaWF0IjoxNzgzNzA2MTkxLCJleHAiOjE3ODM3MDcwOTF9.V_pFq06eTU-T0jOp1ysmwKhiXYkZsHob-ElCMYidKeU',
  'user-agent': 'Mozilla/5.0 (Windows NT 10.0; Win64; x64) AppleWebKit/537.36 (KHTML, like Gecko) Chrome/149.0.0.0 Safari/537.36',
  'sec-ch-ua': '"Google Chrome";v="149", "Chromium";v="149", "Not)A;Brand";v="24"',
  'sec-ch-ua-mobile': '?0',
  accept: '*/*',
  origin: 'http://localhost:5173',
  'sec-fetch-site': 'same-site',
  'sec-fetch-mode': 'cors',
  'sec-fetch-dest': 'empty',
  referer: 'http://localhost:5173/',
  'accept-encoding': 'gzip, deflate, br, zstd',
  'accept-language': 'en-US,en;q=0.9',
  'if-none-match': 'W/"925-C7qt9tVkX1lqrk7tn8yOq+dWiM8"'
}
Bearer eyJhbGciOiJIUzI1NiIsInR5cCI6IkpXVCJ9.eyJpZCI6IjZhNGZjZDBhMjgxYzBiOTVjMmFkODEyOCIsInJvbGUiOiJ1c2VyIiwiaWF0IjoxNzgzNzA2MTkxLCJleHAiOjE3ODM3MDcwOTF9.V_pFq06eTU-T0jOp1ysmwKhiXYkZsHob-ElCMYidKeU
{
  host: 'localhost:3000',
  connection: 'keep-alive',
  'sec-ch-ua-platform': '"Windows"',
  authorization: 'Bearer eyJhbGciOiJIUzI1NiIsInR5cCI6IkpXVCJ9.eyJpZCI6IjZhNGZjZDBhMjgxYzBiOTVjMmFkODEyOCIsInJvbGUiOiJ1c2VyIiwiaWF0IjoxNzgzNzA2MTkxLCJleHAiOjE3ODM3MDcwOTF9.V_pFq06eTU-T0jOp1ysmwKhiXYkZsHob-ElCMYidKeU',
  'user-agent': 'Mozilla/5.0 (Windows NT 10.0; Win64; x64) AppleWebKit/537.36 (KHTML, like Gecko) Chrome/149.0.0.0 Safari/537.36',
  'sec-ch-ua': '"Google Chrome";v="149", "Chromium";v="149", "Not)A;Brand";v="24"',
  'sec-ch-ua-mobile': '?0',
  accept: '*/*',
  origin: 'http://localhost:5173',
  'sec-fetch-site': 'same-site',
  'sec-fetch-mode': 'cors',
  'sec-fetch-dest': 'empty',
  referer: 'http://localhost:5173/',
  'accept-encoding': 'gzip, deflate, br, zstd',
  'accept-language': 'en-US,en;q=0.9',
  'if-none-match': 'W/"ca-QJF0w7qlz04EAzx1xFYNEdw+FyY"'
}
Bearer eyJhbGciOiJIUzI1NiIsInR5cCI6IkpXVCJ9.eyJpZCI6IjZhNGZjZDBhMjgxYzBiOTVjMmFkODEyOCIsInJvbGUiOiJ1c2VyIiwiaWF0IjoxNzgzNzA2MTkxLCJleHAiOjE3ODM3MDcwOTF9.V_pFq06eTU-T0jOp1ysmwKhiXYkZsHob-ElCMYidKeU
{
  host: 'localhost:3000',
  connection: 'keep-alive',
  'sec-ch-ua-platform': '"Windows"',
  authorization: 'Bearer eyJhbGciOiJIUzI1NiIsInR5cCI6IkpXVCJ9.eyJpZCI6IjZhNGZjZDBhMjgxYzBiOTVjMmFkODEyOCIsInJvbGUiOiJ1c2VyIiwiaWF0IjoxNzgzNzA2MTkxLCJleHAiOjE3ODM3MDcwOTF9.V_pFq06eTU-T0jOp1ysmwKhiXYkZsHob-ElCMYidKeU',
  'user-agent': 'Mozilla/5.0 (Windows NT 10.0; Win64; x64) AppleWebKit/537.36 (KHTML, like Gecko) Chrome/149.0.0.0 Safari/537.36',
  'sec-ch-ua': '"Google Chrome";v="149", "Chromium";v="149", "Not)A;Brand";v="24"',
  'sec-ch-ua-mobile': '?0',
  accept: '*/*',
  origin: 'http://localhost:5173',
  'sec-fetch-site': 'same-site',
  'sec-fetch-mode': 'cors',
  'sec-fetch-dest': 'empty',
  referer: 'http://localhost:5173/',
  'accept-encoding': 'gzip, deflate, br, zstd',
  'accept-language': 'en-US,en;q=0.9',
  'if-none-match': 'W/"7c-eOXo3RJuDDEvIybIvVWLkrNw3Ss"'
}
Bearer eyJhbGciOiJIUzI1NiIsInR5cCI6IkpXVCJ9.eyJpZCI6IjZhNGZjZDBhMjgxYzBiOTVjMmFkODEyOCIsInJvbGUiOiJ1c2VyIiwiaWF0IjoxNzgzNzA2MTkxLCJleHAiOjE3ODM3MDcwOTF9.V_pFq06eTU-T0jOp1ysmwKhiXYkZsHob-ElCMYidKeU
{
  host: 'localhost:3000',
  connection: 'keep-alive',
  'sec-ch-ua-platform': '"Windows"',
  authorization: 'Bearer eyJhbGciOiJIUzI1NiIsInR5cCI6IkpXVCJ9.eyJpZCI6IjZhNGZjZDBhMjgxYzBiOTVjMmFkODEyOCIsInJvbGUiOiJ1c2VyIiwiaWF0IjoxNzgzNzA2MTkxLCJleHAiOjE3ODM3MDcwOTF9.V_pFq06eTU-T0jOp1ysmwKhiXYkZsHob-ElCMYidKeU',
  'user-agent': 'Mozilla/5.0 (Windows NT 10.0; Win64; x64) AppleWebKit/537.36 (KHTML, like Gecko) Chrome/149.0.0.0 Safari/537.36',
  'sec-ch-ua': '"Google Chrome";v="149", "Chromium";v="149", "Not)A;Brand";v="24"',
  'sec-ch-ua-mobile': '?0',
  accept: '*/*',
  origin: 'http://localhost:5173',
  'sec-fetch-site': 'same-site',
  'sec-fetch-mode': 'cors',
  'sec-fetch-dest': 'empty',
  referer: 'http://localhost:5173/',
  'accept-encoding': 'gzip, deflate, br, zstd',
  'accept-language': 'en-US,en;q=0.9',
  'if-none-match': 'W/"925-C7qt9tVkX1lqrk7tn8yOq+dWiM8"'
}
Bearer eyJhbGciOiJIUzI1NiIsInR5cCI6IkpXVCJ9.eyJpZCI6IjZhNGZjZDBhMjgxYzBiOTVjMmFkODEyOCIsInJvbGUiOiJ1c2VyIiwiaWF0IjoxNzgzNzA2MTkxLCJleHAiOjE3ODM3MDcwOTF9.V_pFq06eTU-T0jOp1ysmwKhiXYkZsHob-ElCMYidKeU
{
  host: 'localhost:3000',
  connection: 'keep-alive',
  'sec-ch-ua-platform': '"Windows"',
  authorization: 'Bearer eyJhbGciOiJIUzI1NiIsInR5cCI6IkpXVCJ9.eyJpZCI6IjZhNGZjZDBhMjgxYzBiOTVjMmFkODEyOCIsInJvbGUiOiJ1c2VyIiwiaWF0IjoxNzgzNzA2MTkxLCJleHAiOjE3ODM3MDcwOTF9.V_pFq06eTU-T0jOp1ysmwKhiXYkZsHob-ElCMYidKeU',
  'user-agent': 'Mozilla/5.0 (Windows NT 10.0; Win64; x64) AppleWebKit/537.36 (KHTML, like Gecko) Chrome/149.0.0.0 Safari/537.36',
  'sec-ch-ua': '"Google Chrome";v="149", "Chromium";v="149", "Not)A;Brand";v="24"',
  'sec-ch-ua-mobile': '?0',
  accept: '*/*',
  origin: 'http://localhost:5173',
  'sec-fetch-site': 'same-site',
  'sec-fetch-mode': 'cors',
  'sec-fetch-dest': 'empty',
  referer: 'http://localhost:5173/',
  'accept-encoding': 'gzip, deflate, br, zstd',
  'accept-language': 'en-US,en;q=0.9',
  'if-none-match': 'W/"7c-eOXo3RJuDDEvIybIvVWLkrNw3Ss"'
}
Bearer eyJhbGciOiJIUzI1NiIsInR5cCI6IkpXVCJ9.eyJpZCI6IjZhNGZjZDBhMjgxYzBiOTVjMmFkODEyOCIsInJvbGUiOiJ1c2VyIiwiaWF0IjoxNzgzNzA2MTkxLCJleHAiOjE3ODM3MDcwOTF9.V_pFq06eTU-T0jOp1ysmwKhiXYkZsHob-ElCMYidKeU
{
  host: 'localhost:3000',
  connection: 'keep-alive',
  'sec-ch-ua-platform': '"Windows"',
  authorization: 'Bearer eyJhbGciOiJIUzI1NiIsInR5cCI6IkpXVCJ9.eyJpZCI6IjZhNGZjZDBhMjgxYzBiOTVjMmFkODEyOCIsInJvbGUiOiJ1c2VyIiwiaWF0IjoxNzgzNzA2MTkxLCJleHAiOjE3ODM3MDcwOTF9.V_pFq06eTU-T0jOp1ysmwKhiXYkZsHob-ElCMYidKeU',
  'user-agent': 'Mozilla/5.0 (Windows NT 10.0; Win64; x64) AppleWebKit/537.36 (KHTML, like Gecko) Chrome/149.0.0.0 Safari/537.36',
  'sec-ch-ua': '"Google Chrome";v="149", "Chromium";v="149", "Not)A;Brand";v="24"',
  'sec-ch-ua-mobile': '?0',
  accept: '*/*',
  origin: 'http://localhost:5173',
  'sec-fetch-site': 'same-site',
  'sec-fetch-mode': 'cors',
  'sec-fetch-dest': 'empty',
  referer: 'http://localhost:5173/',
  'accept-encoding': 'gzip, deflate, br, zstd',
  'accept-language': 'en-US,en;q=0.9',
  'if-none-match': 'W/"ca-QJF0w7qlz04EAzx1xFYNEdw+FyY"'
}
Bearer eyJhbGciOiJIUzI1NiIsInR5cCI6IkpXVCJ9.eyJpZCI6IjZhNGZjZDBhMjgxYzBiOTVjMmFkODEyOCIsInJvbGUiOiJ1c2VyIiwiaWF0IjoxNzgzNzA2MTkxLCJleHAiOjE3ODM3MDcwOTF9.V_pFq06eTU-T0jOp1ysmwKhiXYkZsHob-ElCMYidKeU
{
  host: 'localhost:3000',
  connection: 'keep-alive',
  'sec-ch-ua-platform': '"Windows"',
  authorization: 'Bearer eyJhbGciOiJIUzI1NiIsInR5cCI6IkpXVCJ9.eyJpZCI6IjZhNGZjZDBhMjgxYzBiOTVjMmFkODEyOCIsInJvbGUiOiJ1c2VyIiwiaWF0IjoxNzgzNzA2MTkxLCJleHAiOjE3ODM3MDcwOTF9.V_pFq06eTU-T0jOp1ysmwKhiXYkZsHob-ElCMYidKeU',
  'user-agent': 'Mozilla/5.0 (Windows NT 10.0; Win64; x64) AppleWebKit/537.36 (KHTML, like Gecko) Chrome/149.0.0.0 Safari/537.36',
  'sec-ch-ua': '"Google Chrome";v="149", "Chromium";v="149", "Not)A;Brand";v="24"',
  'sec-ch-ua-mobile': '?0',
  accept: '*/*',
  origin: 'http://localhost:5173',
  'sec-fetch-site': 'same-site',
  'sec-fetch-mode': 'cors',
  'sec-fetch-dest': 'empty',
  referer: 'http://localhost:5173/',
  'accept-encoding': 'gzip, deflate, br, zstd',
  'accept-language': 'en-US,en;q=0.9',
  'if-none-match': 'W/"925-C7qt9tVkX1lqrk7tn8yOq+dWiM8"'
}
Bearer eyJhbGciOiJIUzI1NiIsInR5cCI6IkpXVCJ9.eyJpZCI6IjZhNGZjZDBhMjgxYzBiOTVjMmFkODEyOCIsInJvbGUiOiJ1c2VyIiwiaWF0IjoxNzgzNzA2MTkxLCJleHAiOjE3ODM3MDcwOTF9.V_pFq06eTU-T0jOp1ysmwKhiXYkZsHob-ElCMYidKeU
{
  host: 'localhost:3000',
  connection: 'keep-alive',
  'sec-ch-ua-platform': '"Windows"',
  authorization: 'Bearer eyJhbGciOiJIUzI1NiIsInR5cCI6IkpXVCJ9.eyJpZCI6IjZhNGZjZDBhMjgxYzBiOTVjMmFkODEyOCIsInJvbGUiOiJ1c2VyIiwiaWF0IjoxNzgzNzA2MTkxLCJleHAiOjE3ODM3MDcwOTF9.V_pFq06eTU-T0jOp1ysmwKhiXYkZsHob-ElCMYidKeU',
  'user-agent': 'Mozilla/5.0 (Windows NT 10.0; Win64; x64) AppleWebKit/537.36 (KHTML, like Gecko) Chrome/149.0.0.0 Safari/537.36',
  'sec-ch-ua': '"Google Chrome";v="149", "Chromium";v="149", "Not)A;Brand";v="24"',
  'sec-ch-ua-mobile': '?0',
  accept: '*/*',
  origin: 'http://localhost:5173',
  'sec-fetch-site': 'same-site',
  'sec-fetch-mode': 'cors',
  'sec-fetch-dest': 'empty',
  referer: 'http://localhost:5173/',
  'accept-encoding': 'gzip, deflate, br, zstd',
  'accept-language': 'en-US,en;q=0.9',
  'if-none-match': 'W/"ca-QJF0w7qlz04EAzx1xFYNEdw+FyY"'
}
Bearer eyJhbGciOiJIUzI1NiIsInR5cCI6IkpXVCJ9.eyJpZCI6IjZhNGZjZDBhMjgxYzBiOTVjMmFkODEyOCIsInJvbGUiOiJ1c2VyIiwiaWF0IjoxNzgzNzA2MTkxLCJleHAiOjE3ODM3MDcwOTF9.V_pFq06eTU-T0jOp1ysmwKhiXYkZsHob-ElCMYidKeU
{
  host: 'localhost:3000',
  connection: 'keep-alive',
  'sec-ch-ua-platform': '"Windows"',
  authorization: 'Bearer eyJhbGciOiJIUzI1NiIsInR5cCI6IkpXVCJ9.eyJpZCI6IjZhNGZjZDBhMjgxYzBiOTVjMmFkODEyOCIsInJvbGUiOiJ1c2VyIiwiaWF0IjoxNzgzNzA2MTkxLCJleHAiOjE3ODM3MDcwOTF9.V_pFq06eTU-T0jOp1ysmwKhiXYkZsHob-ElCMYidKeU',
  'user-agent': 'Mozilla/5.0 (Windows NT 10.0; Win64; x64) AppleWebKit/537.36 (KHTML, like Gecko) Chrome/149.0.0.0 Safari/537.36',
  'sec-ch-ua': '"Google Chrome";v="149", "Chromium";v="149", "Not)A;Brand";v="24"',
  'sec-ch-ua-mobile': '?0',
  accept: '*/*',
  origin: 'http://localhost:5173',
  'sec-fetch-site': 'same-site',
  'sec-fetch-mode': 'cors',
  'sec-fetch-dest': 'empty',
  referer: 'http://localhost:5173/',
  'accept-encoding': 'gzip, deflate, br, zstd',
  'accept-language': 'en-US,en;q=0.9',
  'if-none-match': 'W/"7c-eOXo3RJuDDEvIybIvVWLkrNw3Ss"'
}
Bearer eyJhbGciOiJIUzI1NiIsInR5cCI6IkpXVCJ9.eyJpZCI6IjZhNGZjZDBhMjgxYzBiOTVjMmFkODEyOCIsInJvbGUiOiJ1c2VyIiwiaWF0IjoxNzgzNzA2MTkxLCJleHAiOjE3ODM3MDcwOTF9.V_pFq06eTU-T0jOp1ysmwKhiXYkZsHob-ElCMYidKeU
{
  host: 'localhost:3000',
  connection: 'keep-alive',
  'sec-ch-ua-platform': '"Windows"',
  authorization: 'Bearer eyJhbGciOiJIUzI1NiIsInR5cCI6IkpXVCJ9.eyJpZCI6IjZhNGZjZDBhMjgxYzBiOTVjMmFkODEyOCIsInJvbGUiOiJ1c2VyIiwiaWF0IjoxNzgzNzA2MTkxLCJleHAiOjE3ODM3MDcwOTF9.V_pFq06eTU-T0jOp1ysmwKhiXYkZsHob-ElCMYidKeU',
  'user-agent': 'Mozilla/5.0 (Windows NT 10.0; Win64; x64) AppleWebKit/537.36 (KHTML, like Gecko) Chrome/149.0.0.0 Safari/537.36',
  'sec-ch-ua': '"Google Chrome";v="149", "Chromium";v="149", "Not)A;Brand";v="24"',
  'sec-ch-ua-mobile': '?0',
  accept: '*/*',
  origin: 'http://localhost:5173',
  'sec-fetch-site': 'same-site',
  'sec-fetch-mode': 'cors',
  'sec-fetch-dest': 'empty',
  referer: 'http://localhost:5173/',
  'accept-encoding': 'gzip, deflate, br, zstd',
  'accept-language': 'en-US,en;q=0.9',
  'if-none-match': 'W/"925-C7qt9tVkX1lqrk7tn8yOq+dWiM8"'
}
Bearer eyJhbGciOiJIUzI1NiIsInR5cCI6IkpXVCJ9.eyJpZCI6IjZhNGZjZDBhMjgxYzBiOTVjMmFkODEyOCIsInJvbGUiOiJ1c2VyIiwiaWF0IjoxNzgzNzA2MTkxLCJleHAiOjE3ODM3MDcwOTF9.V_pFq06eTU-T0jOp1ysmwKhiXYkZsHob-ElCMYidKeU
{
  host: 'localhost:3000',
  connection: 'keep-alive',
  'sec-ch-ua-platform': '"Windows"',
  authorization: 'Bearer eyJhbGciOiJIUzI1NiIsInR5cCI6IkpXVCJ9.eyJpZCI6IjZhNGZjZDBhMjgxYzBiOTVjMmFkODEyOCIsInJvbGUiOiJ1c2VyIiwiaWF0IjoxNzgzNzA2MTkxLCJleHAiOjE3ODM3MDcwOTF9.V_pFq06eTU-T0jOp1ysmwKhiXYkZsHob-ElCMYidKeU',
  'user-agent': 'Mozilla/5.0 (Windows NT 10.0; Win64; x64) AppleWebKit/537.36 (KHTML, like Gecko) Chrome/149.0.0.0 Safari/537.36',
  'sec-ch-ua': '"Google Chrome";v="149", "Chromium";v="149", "Not)A;Brand";v="24"',
  'sec-ch-ua-mobile': '?0',
  accept: '*/*',
  origin: 'http://localhost:5173',
  'sec-fetch-site': 'same-site',
  'sec-fetch-mode': 'cors',
  'sec-fetch-dest': 'empty',
  referer: 'http://localhost:5173/',
  'accept-encoding': 'gzip, deflate, br, zstd',
  'accept-language': 'en-US,en;q=0.9',
  'if-none-match': 'W/"ca-QJF0w7qlz04EAzx1xFYNEdw+FyY"'
}
Bearer eyJhbGciOiJIUzI1NiIsInR5cCI6IkpXVCJ9.eyJpZCI6IjZhNGZjZDBhMjgxYzBiOTVjMmFkODEyOCIsInJvbGUiOiJ1c2VyIiwiaWF0IjoxNzgzNzA2MTkxLCJleHAiOjE3ODM3MDcwOTF9.V_pFq06eTU-T0jOp1ysmwKhiXYkZsHob-ElCMYidKeU
{
  host: 'localhost:3000',
  connection: 'keep-alive',
  'sec-ch-ua-platform': '"Windows"',
  authorization: 'Bearer eyJhbGciOiJIUzI1NiIsInR5cCI6IkpXVCJ9.eyJpZCI6IjZhNGZjZDBhMjgxYzBiOTVjMmFkODEyOCIsInJvbGUiOiJ1c2VyIiwiaWF0IjoxNzgzNzA2MTkxLCJleHAiOjE3ODM3MDcwOTF9.V_pFq06eTU-T0jOp1ysmwKhiXYkZsHob-ElCMYidKeU',
  'user-agent': 'Mozilla/5.0 (Windows NT 10.0; Win64; x64) AppleWebKit/537.36 (KHTML, like Gecko) Chrome/149.0.0.0 Safari/537.36',
  'sec-ch-ua': '"Google Chrome";v="149", "Chromium";v="149", "Not)A;Brand";v="24"',
  'sec-ch-ua-mobile': '?0',
  accept: '*/*',
  origin: 'http://localhost:5173',
  'sec-fetch-site': 'same-site',
  'sec-fetch-mode': 'cors',
  'sec-fetch-dest': 'empty',
  referer: 'http://localhost:5173/',
  'accept-encoding': 'gzip, deflate, br, zstd',
  'accept-language': 'en-US,en;q=0.9',
  'if-none-match': 'W/"7c-eOXo3RJuDDEvIybIvVWLkrNw3Ss"'
}
Bearer eyJhbGciOiJIUzI1NiIsInR5cCI6IkpXVCJ9.eyJpZCI6IjZhNGZjZDBhMjgxYzBiOTVjMmFkODEyOCIsInJvbGUiOiJ1c2VyIiwiaWF0IjoxNzgzNzA2MTkxLCJleHAiOjE3ODM3MDcwOTF9.V_pFq06eTU-T0jOp1ysmwKhiXYkZsHob-ElCMYidKeU
{
  host: 'localhost:3000',
  connection: 'keep-alive',
  'sec-ch-ua-platform': '"Windows"',
  authorization: 'Bearer eyJhbGciOiJIUzI1NiIsInR5cCI6IkpXVCJ9.eyJpZCI6IjZhNGZjZDBhMjgxYzBiOTVjMmFkODEyOCIsInJvbGUiOiJ1c2VyIiwiaWF0IjoxNzgzNzA2MTkxLCJleHAiOjE3ODM3MDcwOTF9.V_pFq06eTU-T0jOp1ysmwKhiXYkZsHob-ElCMYidKeU',
  'user-agent': 'Mozilla/5.0 (Windows NT 10.0; Win64; x64) AppleWebKit/537.36 (KHTML, like Gecko) Chrome/149.0.0.0 Safari/537.36',
  'sec-ch-ua': '"Google Chrome";v="149", "Chromium";v="149", "Not)A;Brand";v="24"',
  'sec-ch-ua-mobile': '?0',
  accept: '*/*',
  origin: 'http://localhost:5173',
  'sec-fetch-site': 'same-site',
  'sec-fetch-mode': 'cors',
  'sec-fetch-dest': 'empty',
  referer: 'http://localhost:5173/',
  'accept-encoding': 'gzip, deflate, br, zstd',
  'accept-language': 'en-US,en;q=0.9',
  'if-none-match': 'W/"925-C7qt9tVkX1lqrk7tn8yOq+dWiM8"'
}
Bearer eyJhbGciOiJIUzI1NiIsInR5cCI6IkpXVCJ9.eyJpZCI6IjZhNGZjZDBhMjgxYzBiOTVjMmFkODEyOCIsInJvbGUiOiJ1c2VyIiwiaWF0IjoxNzgzNzA2MTkxLCJleHAiOjE3ODM3MDcwOTF9.V_pFq06eTU-T0jOp1ysmwKhiXYkZsHob-ElCMYidKeU
{
  host: 'localhost:3000',
  connection: 'keep-alive',
  'sec-ch-ua-platform': '"Windows"',
  authorization: 'Bearer eyJhbGciOiJIUzI1NiIsInR5cCI6IkpXVCJ9.eyJpZCI6IjZhNGZjZDBhMjgxYzBiOTVjMmFkODEyOCIsInJvbGUiOiJ1c2VyIiwiaWF0IjoxNzgzNzA2MTkxLCJleHAiOjE3ODM3MDcwOTF9.V_pFq06eTU-T0jOp1ysmwKhiXYkZsHob-ElCMYidKeU',
  'user-agent': 'Mozilla/5.0 (Windows NT 10.0; Win64; x64) AppleWebKit/537.36 (KHTML, like Gecko) Chrome/149.0.0.0 Safari/537.36',
  'sec-ch-ua': '"Google Chrome";v="149", "Chromium";v="149", "Not)A;Brand";v="24"',
  'sec-ch-ua-mobile': '?0',
  accept: '*/*',
  origin: 'http://localhost:5173',
  'sec-fetch-site': 'same-site',
  'sec-fetch-mode': 'cors',
  'sec-fetch-dest': 'empty',
  referer: 'http://localhost:5173/',
  'accept-encoding': 'gzip, deflate, br, zstd',
  'accept-language': 'en-US,en;q=0.9',
  'if-none-match': 'W/"ca-QJF0w7qlz04EAzx1xFYNEdw+FyY"'
}
Bearer eyJhbGciOiJIUzI1NiIsInR5cCI6IkpXVCJ9.eyJpZCI6IjZhNGZjZDBhMjgxYzBiOTVjMmFkODEyOCIsInJvbGUiOiJ1c2VyIiwiaWF0IjoxNzgzNzA2MTkxLCJleHAiOjE3ODM3MDcwOTF9.V_pFq06eTU-T0jOp1ysmwKhiXYkZsHob-ElCMYidKeU
{
  host: 'localhost:3000',
  connection: 'keep-alive',
  'sec-ch-ua-platform': '"Windows"',
  authorization: 'Bearer eyJhbGciOiJIUzI1NiIsInR5cCI6IkpXVCJ9.eyJpZCI6IjZhNGZjZDBhMjgxYzBiOTVjMmFkODEyOCIsInJvbGUiOiJ1c2VyIiwiaWF0IjoxNzgzNzA2MTkxLCJleHAiOjE3ODM3MDcwOTF9.V_pFq06eTU-T0jOp1ysmwKhiXYkZsHob-ElCMYidKeU',
  'user-agent': 'Mozilla/5.0 (Windows NT 10.0; Win64; x64) AppleWebKit/537.36 (KHTML, like Gecko) Chrome/149.0.0.0 Safari/537.36',
  'sec-ch-ua': '"Google Chrome";v="149", "Chromium";v="149", "Not)A;Brand";v="24"',
  'sec-ch-ua-mobile': '?0',
  accept: '*/*',
  origin: 'http://localhost:5173',
  'sec-fetch-site': 'same-site',
  'sec-fetch-mode': 'cors',
  'sec-fetch-dest': 'empty',
  referer: 'http://localhost:5173/',
  'accept-encoding': 'gzip, deflate, br, zstd',
  'accept-language': 'en-US,en;q=0.9',
  'if-none-match': 'W/"7c-eOXo3RJuDDEvIybIvVWLkrNw3Ss"'
}
Bearer eyJhbGciOiJIUzI1NiIsInR5cCI6IkpXVCJ9.eyJpZCI6IjZhNGZjZDBhMjgxYzBiOTVjMmFkODEyOCIsInJvbGUiOiJ1c2VyIiwiaWF0IjoxNzgzNzA2MTkxLCJleHAiOjE3ODM3MDcwOTF9.V_pFq06eTU-T0jOp1ysmwKhiXYkZsHob-ElCMYidKeU
{
  host: 'localhost:3000',
  connection: 'keep-alive',
  'content-length': '118',
  'sec-ch-ua-platform': '"Windows"',
  authorization: 'Bearer eyJhbGciOiJIUzI1NiIsInR5cCI6IkpXVCJ9.eyJpZCI6IjZhNGZjZDBhMjgxYzBiOTVjMmFkODEyOCIsInJvbGUiOiJ1c2VyIiwiaWF0IjoxNzgzNzA2MTkxLCJleHAiOjE3ODM3MDcwOTF9.V_pFq06eTU-T0jOp1ysmwKhiXYkZsHob-ElCMYidKeU',
  'user-agent': 'Mozilla/5.0 (Windows NT 10.0; Win64; x64) AppleWebKit/537.36 (KHTML, like Gecko) Chrome/149.0.0.0 Safari/537.36',
  'sec-ch-ua': '"Google Chrome";v="149", "Chromium";v="149", "Not)A;Brand";v="24"',
  'content-type': 'application/json',
  'sec-ch-ua-mobile': '?0',
  accept: '*/*',
  origin: 'http://localhost:5173',
  'sec-fetch-site': 'same-site',
  'sec-fetch-mode': 'cors',
  'sec-fetch-dest': 'empty',
  referer: 'http://localhost:5173/',
  'accept-encoding': 'gzip, deflate, br, zstd',
  'accept-language': 'en-US,en;q=0.9'
}
Bearer eyJhbGciOiJIUzI1NiIsInR5cCI6IkpXVCJ9.eyJpZCI6IjZhNGZjZDBhMjgxYzBiOTVjMmFkODEyOCIsInJvbGUiOiJ1c2VyIiwiaWF0IjoxNzgzNzA2MTkxLCJleHAiOjE3ODM3MDcwOTF9.V_pFq06eTU-T0jOp1ysmwKhiXYkZsHob-ElCMYidKeU
{
  host: 'localhost:3000',
  connection: 'keep-alive',
  'content-length': '118',
  'sec-ch-ua-platform': '"Windows"',
  authorization: 'Bearer eyJhbGciOiJIUzI1NiIsInR5cCI6IkpXVCJ9.eyJpZCI6IjZhNGZjZDBhMjgxYzBiOTVjMmFkODEyOCIsInJvbGUiOiJ1c2VyIiwiaWF0IjoxNzgzNzA2MTkxLCJleHAiOjE3ODM3MDcwOTF9.V_pFq06eTU-T0jOp1ysmwKhiXYkZsHob-ElCMYidKeU',
  'user-agent': 'Mozilla/5.0 (Windows NT 10.0; Win64; x64) AppleWebKit/537.36 (KHTML, like Gecko) Chrome/149.0.0.0 Safari/537.36',
  'sec-ch-ua': '"Google Chrome";v="149", "Chromium";v="149", "Not)A;Brand";v="24"',
  'content-type': 'application/json',
  'sec-ch-ua-mobile': '?0',
  accept: '*/*',
  origin: 'http://localhost:5173',
  'sec-fetch-site': 'same-site',
  'sec-fetch-mode': 'cors',
  'sec-fetch-dest': 'empty',
  referer: 'http://localhost:5173/',
  'accept-encoding': 'gzip, deflate, br, zstd',
  'accept-language': 'en-US,en;q=0.9'
}
Bearer eyJhbGciOiJIUzI1NiIsInR5cCI6IkpXVCJ9.eyJpZCI6IjZhNGZjZDBhMjgxYzBiOTVjMmFkODEyOCIsInJvbGUiOiJ1c2VyIiwiaWF0IjoxNzgzNzA2MTkxLCJleHAiOjE3ODM3MDcwOTF9.V_pFq06eTU-T0jOp1ysmwKhiXYkZsHob-ElCMYidKeU
{
  host: 'localhost:3000',
  connection: 'keep-alive',
  'sec-ch-ua-platform': '"Windows"',
  authorization: 'Bearer eyJhbGciOiJIUzI1NiIsInR5cCI6IkpXVCJ9.eyJpZCI6IjZhNGZjZDBhMjgxYzBiOTVjMmFkODEyOCIsInJvbGUiOiJ1c2VyIiwiaWF0IjoxNzgzNzA2MTkxLCJleHAiOjE3ODM3MDcwOTF9.V_pFq06eTU-T0jOp1ysmwKhiXYkZsHob-ElCMYidKeU',
  'user-agent': 'Mozilla/5.0 (Windows NT 10.0; Win64; x64) AppleWebKit/537.36 (KHTML, like Gecko) Chrome/149.0.0.0 Safari/537.36',
  'sec-ch-ua': '"Google Chrome";v="149", "Chromium";v="149", "Not)A;Brand";v="24"',
  'sec-ch-ua-mobile': '?0',
  accept: '*/*',
  origin: 'http://localhost:5173',
  'sec-fetch-site': 'same-site',
  'sec-fetch-mode': 'cors',
  'sec-fetch-dest': 'empty',
  referer: 'http://localhost:5173/',
  'accept-encoding': 'gzip, deflate, br, zstd',
  'accept-language': 'en-US,en;q=0.9',
  'if-none-match': 'W/"925-C7qt9tVkX1lqrk7tn8yOq+dWiM8"'
}
Bearer eyJhbGciOiJIUzI1NiIsInR5cCI6IkpXVCJ9.eyJpZCI6IjZhNGZjZDBhMjgxYzBiOTVjMmFkODEyOCIsInJvbGUiOiJ1c2VyIiwiaWF0IjoxNzgzNzA2MTkxLCJleHAiOjE3ODM3MDcwOTF9.V_pFq06eTU-T0jOp1ysmwKhiXYkZsHob-ElCMYidKeU
{
  host: 'localhost:3000',
  connection: 'keep-alive',
  'sec-ch-ua-platform': '"Windows"',
  authorization: 'Bearer eyJhbGciOiJIUzI1NiIsInR5cCI6IkpXVCJ9.eyJpZCI6IjZhNGZjZDBhMjgxYzBiOTVjMmFkODEyOCIsInJvbGUiOiJ1c2VyIiwiaWF0IjoxNzgzNzA2MTkxLCJleHAiOjE3ODM3MDcwOTF9.V_pFq06eTU-T0jOp1ysmwKhiXYkZsHob-ElCMYidKeU',
  'user-agent': 'Mozilla/5.0 (Windows NT 10.0; Win64; x64) AppleWebKit/537.36 (KHTML, like Gecko) Chrome/149.0.0.0 Safari/537.36',
  'sec-ch-ua': '"Google Chrome";v="149", "Chromium";v="149", "Not)A;Brand";v="24"',
  'sec-ch-ua-mobile': '?0',
  accept: '*/*',
  origin: 'http://localhost:5173',
  'sec-fetch-site': 'same-site',
  'sec-fetch-mode': 'cors',
  'sec-fetch-dest': 'empty',
  referer: 'http://localhost:5173/',
  'accept-encoding': 'gzip, deflate, br, zstd',
  'accept-language': 'en-US,en;q=0.9',
  'if-none-match': 'W/"925-C7qt9tVkX1lqrk7tn8yOq+dWiM8"'
}
Bearer eyJhbGciOiJIUzI1NiIsInR5cCI6IkpXVCJ9.eyJpZCI6IjZhNGZjZDBhMjgxYzBiOTVjMmFkODEyOCIsInJvbGUiOiJ1c2VyIiwiaWF0IjoxNzgzNzA2MTkxLCJleHAiOjE3ODM3MDcwOTF9.V_pFq06eTU-T0jOp1ysmwKhiXYkZsHob-ElCMYidKeU
{
  host: 'localhost:3000',
  connection: 'keep-alive',
  'sec-ch-ua-platform': '"Windows"',
  authorization: 'Bearer eyJhbGciOiJIUzI1NiIsInR5cCI6IkpXVCJ9.eyJpZCI6IjZhNGZjZDBhMjgxYzBiOTVjMmFkODEyOCIsInJvbGUiOiJ1c2VyIiwiaWF0IjoxNzgzNzA2MTkxLCJleHAiOjE3ODM3MDcwOTF9.V_pFq06eTU-T0jOp1ysmwKhiXYkZsHob-ElCMYidKeU',
  'user-agent': 'Mozilla/5.0 (Windows NT 10.0; Win64; x64) AppleWebKit/537.36 (KHTML, like Gecko) Chrome/149.0.0.0 Safari/537.36',
  'sec-ch-ua': '"Google Chrome";v="149", "Chromium";v="149", "Not)A;Brand";v="24"',
  'sec-ch-ua-mobile': '?0',
  accept: '*/*',
  origin: 'http://localhost:5173',
  'sec-fetch-site': 'same-site',
  'sec-fetch-mode': 'cors',
  'sec-fetch-dest': 'empty',
  referer: 'http://localhost:5173/',
  'accept-encoding': 'gzip, deflate, br, zstd',
  'accept-language': 'en-US,en;q=0.9',
  'if-none-match': 'W/"7c-eOXo3RJuDDEvIybIvVWLkrNw3Ss"'
}
Bearer eyJhbGciOiJIUzI1NiIsInR5cCI6IkpXVCJ9.eyJpZCI6IjZhNGZjZDBhMjgxYzBiOTVjMmFkODEyOCIsInJvbGUiOiJ1c2VyIiwiaWF0IjoxNzgzNzA2MTkxLCJleHAiOjE3ODM3MDcwOTF9.V_pFq06eTU-T0jOp1ysmwKhiXYkZsHob-ElCMYidKeU
{
  host: 'localhost:3000',
  connection: 'keep-alive',
  'sec-ch-ua-platform': '"Windows"',
  authorization: 'Bearer eyJhbGciOiJIUzI1NiIsInR5cCI6IkpXVCJ9.eyJpZCI6IjZhNGZjZDBhMjgxYzBiOTVjMmFkODEyOCIsInJvbGUiOiJ1c2VyIiwiaWF0IjoxNzgzNzA2MTkxLCJleHAiOjE3ODM3MDcwOTF9.V_pFq06eTU-T0jOp1ysmwKhiXYkZsHob-ElCMYidKeU',
  'user-agent': 'Mozilla/5.0 (Windows NT 10.0; Win64; x64) AppleWebKit/537.36 (KHTML, like Gecko) Chrome/149.0.0.0 Safari/537.36',
  'sec-ch-ua': '"Google Chrome";v="149", "Chromium";v="149", "Not)A;Brand";v="24"',
  'sec-ch-ua-mobile': '?0',
  accept: '*/*',
  origin: 'http://localhost:5173',
  'sec-fetch-site': 'same-site',
  'sec-fetch-mode': 'cors',
  'sec-fetch-dest': 'empty',
  referer: 'http://localhost:5173/',
  'accept-encoding': 'gzip, deflate, br, zstd',
  'accept-language': 'en-US,en;q=0.9',
  'if-none-match': 'W/"925-UmGsegzn2Rtljl56Y+vJWNRYHEk"'
}
Bearer eyJhbGciOiJIUzI1NiIsInR5cCI6IkpXVCJ9.eyJpZCI6IjZhNGZjZDBhMjgxYzBiOTVjMmFkODEyOCIsInJvbGUiOiJ1c2VyIiwiaWF0IjoxNzgzNzA2MTkxLCJleHAiOjE3ODM3MDcwOTF9.V_pFq06eTU-T0jOp1ysmwKhiXYkZsHob-ElCMYidKeU
{
  host: 'localhost:3000',
  connection: 'keep-alive',
  'sec-ch-ua-platform': '"Windows"',
  authorization: 'Bearer eyJhbGciOiJIUzI1NiIsInR5cCI6IkpXVCJ9.eyJpZCI6IjZhNGZjZDBhMjgxYzBiOTVjMmFkODEyOCIsInJvbGUiOiJ1c2VyIiwiaWF0IjoxNzgzNzA2MTkxLCJleHAiOjE3ODM3MDcwOTF9.V_pFq06eTU-T0jOp1ysmwKhiXYkZsHob-ElCMYidKeU',
  'user-agent': 'Mozilla/5.0 (Windows NT 10.0; Win64; x64) AppleWebKit/537.36 (KHTML, like Gecko) Chrome/149.0.0.0 Safari/537.36',
  'sec-ch-ua': '"Google Chrome";v="149", "Chromium";v="149", "Not)A;Brand";v="24"',
  'sec-ch-ua-mobile': '?0',
  accept: '*/*',
  origin: 'http://localhost:5173',
  'sec-fetch-site': 'same-site',
  'sec-fetch-mode': 'cors',
  'sec-fetch-dest': 'empty',
  referer: 'http://localhost:5173/',
  'accept-encoding': 'gzip, deflate, br, zstd',
  'accept-language': 'en-US,en;q=0.9',
  'if-none-match': 'W/"ca-QJF0w7qlz04EAzx1xFYNEdw+FyY"'
}
Bearer eyJhbGciOiJIUzI1NiIsInR5cCI6IkpXVCJ9.eyJpZCI6IjZhNGZjZDBhMjgxYzBiOTVjMmFkODEyOCIsInJvbGUiOiJ1c2VyIiwiaWF0IjoxNzgzNzA2MTkxLCJleHAiOjE3ODM3MDcwOTF9.V_pFq06eTU-T0jOp1ysmwKhiXYkZsHob-ElCMYidKeU
{
  host: 'localhost:3000',
  connection: 'keep-alive',
  'sec-ch-ua-platform': '"Windows"',
  authorization: 'Bearer eyJhbGciOiJIUzI1NiIsInR5cCI6IkpXVCJ9.eyJpZCI6IjZhNGZjZDBhMjgxYzBiOTVjMmFkODEyOCIsInJvbGUiOiJ1c2VyIiwiaWF0IjoxNzgzNzA2MTkxLCJleHAiOjE3ODM3MDcwOTF9.V_pFq06eTU-T0jOp1ysmwKhiXYkZsHob-ElCMYidKeU',
  'user-agent': 'Mozilla/5.0 (Windows NT 10.0; Win64; x64) AppleWebKit/537.36 (KHTML, like Gecko) Chrome/149.0.0.0 Safari/537.36',
  'sec-ch-ua': '"Google Chrome";v="149", "Chromium";v="149", "Not)A;Brand";v="24"',
  'sec-ch-ua-mobile': '?0',
  accept: '*/*',
  origin: 'http://localhost:5173',
  'sec-fetch-site': 'same-site',
  'sec-fetch-mode': 'cors',
  'sec-fetch-dest': 'empty',
  referer: 'http://localhost:5173/',
  'accept-encoding': 'gzip, deflate, br, zstd',
  'accept-language': 'en-US,en;q=0.9',
  'if-none-match': 'W/"ca-QJF0w7qlz04EAzx1xFYNEdw+FyY"'
}
Bearer eyJhbGciOiJIUzI1NiIsInR5cCI6IkpXVCJ9.eyJpZCI6IjZhNGZjZDBhMjgxYzBiOTVjMmFkODEyOCIsInJvbGUiOiJ1c2VyIiwiaWF0IjoxNzgzNzA2MTkxLCJleHAiOjE3ODM3MDcwOTF9.V_pFq06eTU-T0jOp1ysmwKhiXYkZsHob-ElCMYidKeU
{
  host: 'localhost:3000',
  connection: 'keep-alive',
  'sec-ch-ua-platform': '"Windows"',
  authorization: 'Bearer eyJhbGciOiJIUzI1NiIsInR5cCI6IkpXVCJ9.eyJpZCI6IjZhNGZjZDBhMjgxYzBiOTVjMmFkODEyOCIsInJvbGUiOiJ1c2VyIiwiaWF0IjoxNzgzNzA2MTkxLCJleHAiOjE3ODM3MDcwOTF9.V_pFq06eTU-T0jOp1ysmwKhiXYkZsHob-ElCMYidKeU',
  'user-agent': 'Mozilla/5.0 (Windows NT 10.0; Win64; x64) AppleWebKit/537.36 (KHTML, like Gecko) Chrome/149.0.0.0 Safari/537.36',
  'sec-ch-ua': '"Google Chrome";v="149", "Chromium";v="149", "Not)A;Brand";v="24"',
  'sec-ch-ua-mobile': '?0',
  accept: '*/*',
  origin: 'http://localhost:5173',
  'sec-fetch-site': 'same-site',
  'sec-fetch-mode': 'cors',
  'sec-fetch-dest': 'empty',
  referer: 'http://localhost:5173/',
  'accept-encoding': 'gzip, deflate, br, zstd',
  'accept-language': 'en-US,en;q=0.9',
  'if-none-match': 'W/"925-6r4uDRauWhoGrPyVXkAdg4HCyLc"'
}
Bearer eyJhbGciOiJIUzI1NiIsInR5cCI6IkpXVCJ9.eyJpZCI6IjZhNGZjZDBhMjgxYzBiOTVjMmFkODEyOCIsInJvbGUiOiJ1c2VyIiwiaWF0IjoxNzgzNzA2MTkxLCJleHAiOjE3ODM3MDcwOTF9.V_pFq06eTU-T0jOp1ysmwKhiXYkZsHob-ElCMYidKeU
{
  host: 'localhost:3000',
  connection: 'keep-alive',
  'sec-ch-ua-platform': '"Windows"',
  authorization: 'Bearer eyJhbGciOiJIUzI1NiIsInR5cCI6IkpXVCJ9.eyJpZCI6IjZhNGZjZDBhMjgxYzBiOTVjMmFkODEyOCIsInJvbGUiOiJ1c2VyIiwiaWF0IjoxNzgzNzA2MTkxLCJleHAiOjE3ODM3MDcwOTF9.V_pFq06eTU-T0jOp1ysmwKhiXYkZsHob-ElCMYidKeU',
  'user-agent': 'Mozilla/5.0 (Windows NT 10.0; Win64; x64) AppleWebKit/537.36 (KHTML, like Gecko) Chrome/149.0.0.0 Safari/537.36',
  'sec-ch-ua': '"Google Chrome";v="149", "Chromium";v="149", "Not)A;Brand";v="24"',
  'sec-ch-ua-mobile': '?0',
  accept: '*/*',
  origin: 'http://localhost:5173',
  'sec-fetch-site': 'same-site',
  'sec-fetch-mode': 'cors',
  'sec-fetch-dest': 'empty',
  referer: 'http://localhost:5173/',
  'accept-encoding': 'gzip, deflate, br, zstd',
  'accept-language': 'en-US,en;q=0.9',
  'if-none-match': 'W/"ca-QJF0w7qlz04EAzx1xFYNEdw+FyY"'
}
Bearer eyJhbGciOiJIUzI1NiIsInR5cCI6IkpXVCJ9.eyJpZCI6IjZhNGZjZDBhMjgxYzBiOTVjMmFkODEyOCIsInJvbGUiOiJ1c2VyIiwiaWF0IjoxNzgzNzA2MTkxLCJleHAiOjE3ODM3MDcwOTF9.V_pFq06eTU-T0jOp1ysmwKhiXYkZsHob-ElCMYidKeU
{
  host: 'localhost:3000',
  connection: 'keep-alive',
  'sec-ch-ua-platform': '"Windows"',
  authorization: 'Bearer eyJhbGciOiJIUzI1NiIsInR5cCI6IkpXVCJ9.eyJpZCI6IjZhNGZjZDBhMjgxYzBiOTVjMmFkODEyOCIsInJvbGUiOiJ1c2VyIiwiaWF0IjoxNzgzNzA2MTkxLCJleHAiOjE3ODM3MDcwOTF9.V_pFq06eTU-T0jOp1ysmwKhiXYkZsHob-ElCMYidKeU',
  'user-agent': 'Mozilla/5.0 (Windows NT 10.0; Win64; x64) AppleWebKit/537.36 (KHTML, like Gecko) Chrome/149.0.0.0 Safari/537.36',
  'sec-ch-ua': '"Google Chrome";v="149", "Chromium";v="149", "Not)A;Brand";v="24"',
  'sec-ch-ua-mobile': '?0',
  accept: '*/*',
  origin: 'http://localhost:5173',
  'sec-fetch-site': 'same-site',
  'sec-fetch-mode': 'cors',
  'sec-fetch-dest': 'empty',
  referer: 'http://localhost:5173/',
  'accept-encoding': 'gzip, deflate, br, zstd',
  'accept-language': 'en-US,en;q=0.9',
  'if-none-match': 'W/"925-6r4uDRauWhoGrPyVXkAdg4HCyLc"'
}
Bearer eyJhbGciOiJIUzI1NiIsInR5cCI6IkpXVCJ9.eyJpZCI6IjZhNGZjZDBhMjgxYzBiOTVjMmFkODEyOCIsInJvbGUiOiJ1c2VyIiwiaWF0IjoxNzgzNzA2MTkxLCJleHAiOjE3ODM3MDcwOTF9.V_pFq06eTU-T0jOp1ysmwKhiXYkZsHob-ElCMYidKeU
{
  host: 'localhost:3000',
  connection: 'keep-alive',
  'sec-ch-ua-platform': '"Windows"',
  authorization: 'Bearer eyJhbGciOiJIUzI1NiIsInR5cCI6IkpXVCJ9.eyJpZCI6IjZhNGZjZDBhMjgxYzBiOTVjMmFkODEyOCIsInJvbGUiOiJ1c2VyIiwiaWF0IjoxNzgzNzA2MTkxLCJleHAiOjE3ODM3MDcwOTF9.V_pFq06eTU-T0jOp1ysmwKhiXYkZsHob-ElCMYidKeU',
  'user-agent': 'Mozilla/5.0 (Windows NT 10.0; Win64; x64) AppleWebKit/537.36 (KHTML, like Gecko) Chrome/149.0.0.0 Safari/537.36',
  'sec-ch-ua': '"Google Chrome";v="149", "Chromium";v="149", "Not)A;Brand";v="24"',
  'sec-ch-ua-mobile': '?0',
  accept: '*/*',
  origin: 'http://localhost:5173',
  'sec-fetch-site': 'same-site',
  'sec-fetch-mode': 'cors',
  'sec-fetch-dest': 'empty',
  referer: 'http://localhost:5173/',
  'accept-encoding': 'gzip, deflate, br, zstd',
  'accept-language': 'en-US,en;q=0.9',
  'if-none-match': 'W/"925-6r4uDRauWhoGrPyVXkAdg4HCyLc"'
}
Bearer eyJhbGciOiJIUzI1NiIsInR5cCI6IkpXVCJ9.eyJpZCI6IjZhNGZjZDBhMjgxYzBiOTVjMmFkODEyOCIsInJvbGUiOiJ1c2VyIiwiaWF0IjoxNzgzNzA2MTkxLCJleHAiOjE3ODM3MDcwOTF9.V_pFq06eTU-T0jOp1ysmwKhiXYkZsHob-ElCMYidKeU
{
  host: 'localhost:3000',
  connection: 'keep-alive',
  'sec-ch-ua-platform': '"Windows"',
  authorization: 'Bearer eyJhbGciOiJIUzI1NiIsInR5cCI6IkpXVCJ9.eyJpZCI6IjZhNGZjZDBhMjgxYzBiOTVjMmFkODEyOCIsInJvbGUiOiJ1c2VyIiwiaWF0IjoxNzgzNzA2MTkxLCJleHAiOjE3ODM3MDcwOTF9.V_pFq06eTU-T0jOp1ysmwKhiXYkZsHob-ElCMYidKeU',
  'user-agent': 'Mozilla/5.0 (Windows NT 10.0; Win64; x64) AppleWebKit/537.36 (KHTML, like Gecko) Chrome/149.0.0.0 Safari/537.36',
  'sec-ch-ua': '"Google Chrome";v="149", "Chromium";v="149", "Not)A;Brand";v="24"',
  'sec-ch-ua-mobile': '?0',
  accept: '*/*',
  origin: 'http://localhost:5173',
  'sec-fetch-site': 'same-site',
  'sec-fetch-mode': 'cors',
  'sec-fetch-dest': 'empty',
  referer: 'http://localhost:5173/',
  'accept-encoding': 'gzip, deflate, br, zstd',
  'accept-language': 'en-US,en;q=0.9',
  'if-none-match': 'W/"ca-QJF0w7qlz04EAzx1xFYNEdw+FyY"'
}
Bearer eyJhbGciOiJIUzI1NiIsInR5cCI6IkpXVCJ9.eyJpZCI6IjZhNGZjZDBhMjgxYzBiOTVjMmFkODEyOCIsInJvbGUiOiJ1c2VyIiwiaWF0IjoxNzgzNzA2MTkxLCJleHAiOjE3ODM3MDcwOTF9.V_pFq06eTU-T0jOp1ysmwKhiXYkZsHob-ElCMYidKeU
{
  host: 'localhost:3000',
  connection: 'keep-alive',
  'sec-ch-ua-platform': '"Windows"',
  authorization: 'Bearer eyJhbGciOiJIUzI1NiIsInR5cCI6IkpXVCJ9.eyJpZCI6IjZhNGZjZDBhMjgxYzBiOTVjMmFkODEyOCIsInJvbGUiOiJ1c2VyIiwiaWF0IjoxNzgzNzA2MTkxLCJleHAiOjE3ODM3MDcwOTF9.V_pFq06eTU-T0jOp1ysmwKhiXYkZsHob-ElCMYidKeU',
  'user-agent': 'Mozilla/5.0 (Windows NT 10.0; Win64; x64) AppleWebKit/537.36 (KHTML, like Gecko) Chrome/149.0.0.0 Safari/537.36',
  'sec-ch-ua': '"Google Chrome";v="149", "Chromium";v="149", "Not)A;Brand";v="24"',
  'sec-ch-ua-mobile': '?0',
  accept: '*/*',
  origin: 'http://localhost:5173',
  'sec-fetch-site': 'same-site',
  'sec-fetch-mode': 'cors',
  'sec-fetch-dest': 'empty',
  referer: 'http://localhost:5173/',
  'accept-encoding': 'gzip, deflate, br, zstd',
  'accept-language': 'en-US,en;q=0.9',
  'if-none-match': 'W/"925-6r4uDRauWhoGrPyVXkAdg4HCyLc"'
}
Bearer eyJhbGciOiJIUzI1NiIsInR5cCI6IkpXVCJ9.eyJpZCI6IjZhNGZjZDBhMjgxYzBiOTVjMmFkODEyOCIsInJvbGUiOiJ1c2VyIiwiaWF0IjoxNzgzNzA2MTkxLCJleHAiOjE3ODM3MDcwOTF9.V_pFq06eTU-T0jOp1ysmwKhiXYkZsHob-ElCMYidKeU
{
  host: 'localhost:3000',
  connection: 'keep-alive',
  'sec-ch-ua-platform': '"Windows"',
  authorization: 'Bearer eyJhbGciOiJIUzI1NiIsInR5cCI6IkpXVCJ9.eyJpZCI6IjZhNGZjZDBhMjgxYzBiOTVjMmFkODEyOCIsInJvbGUiOiJ1c2VyIiwiaWF0IjoxNzgzNzA2MTkxLCJleHAiOjE3ODM3MDcwOTF9.V_pFq06eTU-T0jOp1ysmwKhiXYkZsHob-ElCMYidKeU',
  'user-agent': 'Mozilla/5.0 (Windows NT 10.0; Win64; x64) AppleWebKit/537.36 (KHTML, like Gecko) Chrome/149.0.0.0 Safari/537.36',
  'sec-ch-ua': '"Google Chrome";v="149", "Chromium";v="149", "Not)A;Brand";v="24"',
  'sec-ch-ua-mobile': '?0',
  accept: '*/*',
  origin: 'http://localhost:5173',
  'sec-fetch-site': 'same-site',
  'sec-fetch-mode': 'cors',
  'sec-fetch-dest': 'empty',
  referer: 'http://localhost:5173/',
  'accept-encoding': 'gzip, deflate, br, zstd',
  'accept-language': 'en-US,en;q=0.9',
  'if-none-match': 'W/"925-6r4uDRauWhoGrPyVXkAdg4HCyLc"'
}
Bearer eyJhbGciOiJIUzI1NiIsInR5cCI6IkpXVCJ9.eyJpZCI6IjZhNGZjZDBhMjgxYzBiOTVjMmFkODEyOCIsInJvbGUiOiJ1c2VyIiwiaWF0IjoxNzgzNzA2MTkxLCJleHAiOjE3ODM3MDcwOTF9.V_pFq06eTU-T0jOp1ysmwKhiXYkZsHob-ElCMYidKeU
{
  host: 'localhost:3000',
  connection: 'keep-alive',
  'sec-ch-ua-platform': '"Windows"',
  authorization: 'Bearer eyJhbGciOiJIUzI1NiIsInR5cCI6IkpXVCJ9.eyJpZCI6IjZhNGZjZDBhMjgxYzBiOTVjMmFkODEyOCIsInJvbGUiOiJ1c2VyIiwiaWF0IjoxNzgzNzA2MTkxLCJleHAiOjE3ODM3MDcwOTF9.V_pFq06eTU-T0jOp1ysmwKhiXYkZsHob-ElCMYidKeU',
  'user-agent': 'Mozilla/5.0 (Windows NT 10.0; Win64; x64) AppleWebKit/537.36 (KHTML, like Gecko) Chrome/149.0.0.0 Safari/537.36',
  'sec-ch-ua': '"Google Chrome";v="149", "Chromium";v="149", "Not)A;Brand";v="24"',
  'sec-ch-ua-mobile': '?0',
  accept: '*/*',
  origin: 'http://localhost:5173',
  'sec-fetch-site': 'same-site',
  'sec-fetch-mode': 'cors',
  'sec-fetch-dest': 'empty',
  referer: 'http://localhost:5173/',
  'accept-encoding': 'gzip, deflate, br, zstd',
  'accept-language': 'en-US,en;q=0.9',
  'if-none-match': 'W/"925-6r4uDRauWhoGrPyVXkAdg4HCyLc"'
}
Bearer eyJhbGciOiJIUzI1NiIsInR5cCI6IkpXVCJ9.eyJpZCI6IjZhNGZjZDBhMjgxYzBiOTVjMmFkODEyOCIsInJvbGUiOiJ1c2VyIiwiaWF0IjoxNzgzNzA2MTkxLCJleHAiOjE3ODM3MDcwOTF9.V_pFq06eTU-T0jOp1ysmwKhiXYkZsHob-ElCMYidKeU
{
  host: 'localhost:3000',
  connection: 'keep-alive',
  'sec-ch-ua-platform': '"Windows"',
  authorization: 'Bearer eyJhbGciOiJIUzI1NiIsInR5cCI6IkpXVCJ9.eyJpZCI6IjZhNGZjZDBhMjgxYzBiOTVjMmFkODEyOCIsInJvbGUiOiJ1c2VyIiwiaWF0IjoxNzgzNzA2MTkxLCJleHAiOjE3ODM3MDcwOTF9.V_pFq06eTU-T0jOp1ysmwKhiXYkZsHob-ElCMYidKeU',
  'user-agent': 'Mozilla/5.0 (Windows NT 10.0; Win64; x64) AppleWebKit/537.36 (KHTML, like Gecko) Chrome/149.0.0.0 Safari/537.36',
  'sec-ch-ua': '"Google Chrome";v="149", "Chromium";v="149", "Not)A;Brand";v="24"',
  'sec-ch-ua-mobile': '?0',
  accept: '*/*',
  origin: 'http://localhost:5173',
  'sec-fetch-site': 'same-site',
  'sec-fetch-mode': 'cors',
  'sec-fetch-dest': 'empty',
  referer: 'http://localhost:5173/',
  'accept-encoding': 'gzip, deflate, br, zstd',
  'accept-language': 'en-US,en;q=0.9',
  'if-none-match': 'W/"ca-QJF0w7qlz04EAzx1xFYNEdw+FyY"'
}
Bearer eyJhbGciOiJIUzI1NiIsInR5cCI6IkpXVCJ9.eyJpZCI6IjZhNGZjZDBhMjgxYzBiOTVjMmFkODEyOCIsInJvbGUiOiJ1c2VyIiwiaWF0IjoxNzgzNzA2MTkxLCJleHAiOjE3ODM3MDcwOTF9.V_pFq06eTU-T0jOp1ysmwKhiXYkZsHob-ElCMYidKeU
{
  host: 'localhost:3000',
  connection: 'keep-alive',
  'sec-ch-ua-platform': '"Windows"',
  authorization: 'Bearer eyJhbGciOiJIUzI1NiIsInR5cCI6IkpXVCJ9.eyJpZCI6IjZhNGZjZDBhMjgxYzBiOTVjMmFkODEyOCIsInJvbGUiOiJ1c2VyIiwiaWF0IjoxNzgzNzA2MTkxLCJleHAiOjE3ODM3MDcwOTF9.V_pFq06eTU-T0jOp1ysmwKhiXYkZsHob-ElCMYidKeU',
  'user-agent': 'Mozilla/5.0 (Windows NT 10.0; Win64; x64) AppleWebKit/537.36 (KHTML, like Gecko) Chrome/149.0.0.0 Safari/537.36',
  'sec-ch-ua': '"Google Chrome";v="149", "Chromium";v="149", "Not)A;Brand";v="24"',
  'sec-ch-ua-mobile': '?0',
  accept: '*/*',
  origin: 'http://localhost:5173',
  'sec-fetch-site': 'same-site',
  'sec-fetch-mode': 'cors',
  'sec-fetch-dest': 'empty',
  referer: 'http://localhost:5173/',
  'accept-encoding': 'gzip, deflate, br, zstd',
  'accept-language': 'en-US,en;q=0.9',
  'if-none-match': 'W/"ca-QJF0w7qlz04EAzx1xFYNEdw+FyY"'
}
Bearer eyJhbGciOiJIUzI1NiIsInR5cCI6IkpXVCJ9.eyJpZCI6IjZhNGZjZDBhMjgxYzBiOTVjMmFkODEyOCIsInJvbGUiOiJ1c2VyIiwiaWF0IjoxNzgzNzA2MTkxLCJleHAiOjE3ODM3MDcwOTF9.V_pFq06eTU-T0jOp1ysmwKhiXYkZsHob-ElCMYidKeU
{
  host: 'localhost:3000',
  connection: 'keep-alive',
  'sec-ch-ua-platform': '"Windows"',
  authorization: 'Bearer eyJhbGciOiJIUzI1NiIsInR5cCI6IkpXVCJ9.eyJpZCI6IjZhNGZjZDBhMjgxYzBiOTVjMmFkODEyOCIsInJvbGUiOiJ1c2VyIiwiaWF0IjoxNzgzNzA2MTkxLCJleHAiOjE3ODM3MDcwOTF9.V_pFq06eTU-T0jOp1ysmwKhiXYkZsHob-ElCMYidKeU',
  'user-agent': 'Mozilla/5.0 (Windows NT 10.0; Win64; x64) AppleWebKit/537.36 (KHTML, like Gecko) Chrome/149.0.0.0 Safari/537.36',
  'sec-ch-ua': '"Google Chrome";v="149", "Chromium";v="149", "Not)A;Brand";v="24"',
  'sec-ch-ua-mobile': '?0',
  accept: '*/*',
  origin: 'http://localhost:5173',
  'sec-fetch-site': 'same-site',
  'sec-fetch-mode': 'cors',
  'sec-fetch-dest': 'empty',
  referer: 'http://localhost:5173/',
  'accept-encoding': 'gzip, deflate, br, zstd',
  'accept-language': 'en-US,en;q=0.9',
  'if-none-match': 'W/"925-6r4uDRauWhoGrPyVXkAdg4HCyLc"'
}
Bearer eyJhbGciOiJIUzI1NiIsInR5cCI6IkpXVCJ9.eyJpZCI6IjZhNGZjZDBhMjgxYzBiOTVjMmFkODEyOCIsInJvbGUiOiJ1c2VyIiwiaWF0IjoxNzgzNzA2MTkxLCJleHAiOjE3ODM3MDcwOTF9.V_pFq06eTU-T0jOp1ysmwKhiXYkZsHob-ElCMYidKeU
{
  host: 'localhost:3000',
  connection: 'keep-alive',
  'sec-ch-ua-platform': '"Windows"',
  authorization: 'Bearer eyJhbGciOiJIUzI1NiIsInR5cCI6IkpXVCJ9.eyJpZCI6IjZhNGZjZDBhMjgxYzBiOTVjMmFkODEyOCIsInJvbGUiOiJ1c2VyIiwiaWF0IjoxNzgzNzA2MTkxLCJleHAiOjE3ODM3MDcwOTF9.V_pFq06eTU-T0jOp1ysmwKhiXYkZsHob-ElCMYidKeU',
  'user-agent': 'Mozilla/5.0 (Windows NT 10.0; Win64; x64) AppleWebKit/537.36 (KHTML, like Gecko) Chrome/149.0.0.0 Safari/537.36',
  'sec-ch-ua': '"Google Chrome";v="149", "Chromium";v="149", "Not)A;Brand";v="24"',
  'sec-ch-ua-mobile': '?0',
  accept: '*/*',
  origin: 'http://localhost:5173',
  'sec-fetch-site': 'same-site',
  'sec-fetch-mode': 'cors',
  'sec-fetch-dest': 'empty',
  referer: 'http://localhost:5173/',
  'accept-encoding': 'gzip, deflate, br, zstd',
  'accept-language': 'en-US,en;q=0.9',
  'if-none-match': 'W/"925-6r4uDRauWhoGrPyVXkAdg4HCyLc"'
}
Bearer eyJhbGciOiJIUzI1NiIsInR5cCI6IkpXVCJ9.eyJpZCI6IjZhNGZjZDBhMjgxYzBiOTVjMmFkODEyOCIsInJvbGUiOiJ1c2VyIiwiaWF0IjoxNzgzNzA2MTkxLCJleHAiOjE3ODM3MDcwOTF9.V_pFq06eTU-T0jOp1ysmwKhiXYkZsHob-ElCMYidKeU
{
  host: 'localhost:3000',
  connection: 'keep-alive',
  'sec-ch-ua-platform': '"Windows"',
  authorization: 'Bearer eyJhbGciOiJIUzI1NiIsInR5cCI6IkpXVCJ9.eyJpZCI6IjZhNGZjZDBhMjgxYzBiOTVjMmFkODEyOCIsInJvbGUiOiJ1c2VyIiwiaWF0IjoxNzgzNzA2MTkxLCJleHAiOjE3ODM3MDcwOTF9.V_pFq06eTU-T0jOp1ysmwKhiXYkZsHob-ElCMYidKeU',
  'user-agent': 'Mozilla/5.0 (Windows NT 10.0; Win64; x64) AppleWebKit/537.36 (KHTML, like Gecko) Chrome/149.0.0.0 Safari/537.36',
  'sec-ch-ua': '"Google Chrome";v="149", "Chromium";v="149", "Not)A;Brand";v="24"',
  'sec-ch-ua-mobile': '?0',
  accept: '*/*',
  origin: 'http://localhost:5173',
  'sec-fetch-site': 'same-site',
  'sec-fetch-mode': 'cors',
  'sec-fetch-dest': 'empty',
  referer: 'http://localhost:5173/',
  'accept-encoding': 'gzip, deflate, br, zstd',
  'accept-language': 'en-US,en;q=0.9',
  'if-none-match': 'W/"925-6r4uDRauWhoGrPyVXkAdg4HCyLc"'
}
Bearer eyJhbGciOiJIUzI1NiIsInR5cCI6IkpXVCJ9.eyJpZCI6IjZhNGZjZDBhMjgxYzBiOTVjMmFkODEyOCIsInJvbGUiOiJ1c2VyIiwiaWF0IjoxNzgzNzA2MTkxLCJleHAiOjE3ODM3MDcwOTF9.V_pFq06eTU-T0jOp1ysmwKhiXYkZsHob-ElCMYidKeU
{
  host: 'localhost:3000',
  connection: 'keep-alive',
  'sec-ch-ua-platform': '"Windows"',
  authorization: 'Bearer eyJhbGciOiJIUzI1NiIsInR5cCI6IkpXVCJ9.eyJpZCI6IjZhNGZjZDBhMjgxYzBiOTVjMmFkODEyOCIsInJvbGUiOiJ1c2VyIiwiaWF0IjoxNzgzNzA2MTkxLCJleHAiOjE3ODM3MDcwOTF9.V_pFq06eTU-T0jOp1ysmwKhiXYkZsHob-ElCMYidKeU',
  'user-agent': 'Mozilla/5.0 (Windows NT 10.0; Win64; x64) AppleWebKit/537.36 (KHTML, like Gecko) Chrome/149.0.0.0 Safari/537.36',
  'sec-ch-ua': '"Google Chrome";v="149", "Chromium";v="149", "Not)A;Brand";v="24"',
  'sec-ch-ua-mobile': '?0',
  accept: '*/*',
  origin: 'http://localhost:5173',
  'sec-fetch-site': 'same-site',
  'sec-fetch-mode': 'cors',
  'sec-fetch-dest': 'empty',
  referer: 'http://localhost:5173/',
  'accept-encoding': 'gzip, deflate, br, zstd',
  'accept-language': 'en-US,en;q=0.9',
  'if-none-match': 'W/"1fa-MCHjQyvAhJ9OXjCqCuK6aUWXu2o"'
}
Bearer eyJhbGciOiJIUzI1NiIsInR5cCI6IkpXVCJ9.eyJpZCI6IjZhNGZjZDBhMjgxYzBiOTVjMmFkODEyOCIsInJvbGUiOiJ1c2VyIiwiaWF0IjoxNzgzNzA2MTkxLCJleHAiOjE3ODM3MDcwOTF9.V_pFq06eTU-T0jOp1ysmwKhiXYkZsHob-ElCMYidKeU
{
  host: 'localhost:3000',
  connection: 'keep-alive',
  'sec-ch-ua-platform': '"Windows"',
  authorization: 'Bearer eyJhbGciOiJIUzI1NiIsInR5cCI6IkpXVCJ9.eyJpZCI6IjZhNGZjZDBhMjgxYzBiOTVjMmFkODEyOCIsInJvbGUiOiJ1c2VyIiwiaWF0IjoxNzgzNzA2MTkxLCJleHAiOjE3ODM3MDcwOTF9.V_pFq06eTU-T0jOp1ysmwKhiXYkZsHob-ElCMYidKeU',
  'user-agent': 'Mozilla/5.0 (Windows NT 10.0; Win64; x64) AppleWebKit/537.36 (KHTML, like Gecko) Chrome/149.0.0.0 Safari/537.36',
  'sec-ch-ua': '"Google Chrome";v="149", "Chromium";v="149", "Not)A;Brand";v="24"',
  'sec-ch-ua-mobile': '?0',
  accept: '*/*',
  origin: 'http://localhost:5173',
  'sec-fetch-site': 'same-site',
  'sec-fetch-mode': 'cors',
  'sec-fetch-dest': 'empty',
  referer: 'http://localhost:5173/',
  'accept-encoding': 'gzip, deflate, br, zstd',
  'accept-language': 'en-US,en;q=0.9',
  'if-none-match': 'W/"1fa-MCHjQyvAhJ9OXjCqCuK6aUWXu2o"'
}
Bearer eyJhbGciOiJIUzI1NiIsInR5cCI6IkpXVCJ9.eyJpZCI6IjZhNGZjZDBhMjgxYzBiOTVjMmFkODEyOCIsInJvbGUiOiJ1c2VyIiwiaWF0IjoxNzgzNzA2MTkxLCJleHAiOjE3ODM3MDcwOTF9.V_pFq06eTU-T0jOp1ysmwKhiXYkZsHob-ElCMYidKeU
{
  host: 'localhost:3000',
  connection: 'keep-alive',
  'sec-ch-ua-platform': '"Windows"',
  authorization: 'Bearer eyJhbGciOiJIUzI1NiIsInR5cCI6IkpXVCJ9.eyJpZCI6IjZhNGZjZDBhMjgxYzBiOTVjMmFkODEyOCIsInJvbGUiOiJ1c2VyIiwiaWF0IjoxNzgzNzA2MTkxLCJleHAiOjE3ODM3MDcwOTF9.V_pFq06eTU-T0jOp1ysmwKhiXYkZsHob-ElCMYidKeU',
  'user-agent': 'Mozilla/5.0 (Windows NT 10.0; Win64; x64) AppleWebKit/537.36 (KHTML, like Gecko) Chrome/149.0.0.0 Safari/537.36',
  'sec-ch-ua': '"Google Chrome";v="149", "Chromium";v="149", "Not)A;Brand";v="24"',
  'sec-ch-ua-mobile': '?0',
  accept: '*/*',
  origin: 'http://localhost:5173',
  'sec-fetch-site': 'same-site',
  'sec-fetch-mode': 'cors',
  'sec-fetch-dest': 'empty',
  referer: 'http://localhost:5173/',
  'accept-encoding': 'gzip, deflate, br, zstd',
  'accept-language': 'en-US,en;q=0.9',
  'if-none-match': 'W/"925-6r4uDRauWhoGrPyVXkAdg4HCyLc"'
}
Bearer eyJhbGciOiJIUzI1NiIsInR5cCI6IkpXVCJ9.eyJpZCI6IjZhNGZjZDBhMjgxYzBiOTVjMmFkODEyOCIsInJvbGUiOiJ1c2VyIiwiaWF0IjoxNzgzNzA2MTkxLCJleHAiOjE3ODM3MDcwOTF9.V_pFq06eTU-T0jOp1ysmwKhiXYkZsHob-ElCMYidKeU
{
  host: 'localhost:3000',
  connection: 'keep-alive',
  'sec-ch-ua-platform': '"Windows"',
  authorization: 'Bearer eyJhbGciOiJIUzI1NiIsInR5cCI6IkpXVCJ9.eyJpZCI6IjZhNGZjZDBhMjgxYzBiOTVjMmFkODEyOCIsInJvbGUiOiJ1c2VyIiwiaWF0IjoxNzgzNzA2MTkxLCJleHAiOjE3ODM3MDcwOTF9.V_pFq06eTU-T0jOp1ysmwKhiXYkZsHob-ElCMYidKeU',
  'user-agent': 'Mozilla/5.0 (Windows NT 10.0; Win64; x64) AppleWebKit/537.36 (KHTML, like Gecko) Chrome/149.0.0.0 Safari/537.36',
  'sec-ch-ua': '"Google Chrome";v="149", "Chromium";v="149", "Not)A;Brand";v="24"',
  'sec-ch-ua-mobile': '?0',
  accept: '*/*',
  origin: 'http://localhost:5173',
  'sec-fetch-site': 'same-site',
  'sec-fetch-mode': 'cors',
  'sec-fetch-dest': 'empty',
  referer: 'http://localhost:5173/',
  'accept-encoding': 'gzip, deflate, br, zstd',
  'accept-language': 'en-US,en;q=0.9',
  'if-none-match': 'W/"925-6r4uDRauWhoGrPyVXkAdg4HCyLc"'
}
Bearer eyJhbGciOiJIUzI1NiIsInR5cCI6IkpXVCJ9.eyJpZCI6IjZhNGZjZDBhMjgxYzBiOTVjMmFkODEyOCIsInJvbGUiOiJ1c2VyIiwiaWF0IjoxNzgzNzA2MTkxLCJleHAiOjE3ODM3MDcwOTF9.V_pFq06eTU-T0jOp1ysmwKhiXYkZsHob-ElCMYidKeU
{
  host: 'localhost:3000',
  connection: 'keep-alive',
  'content-length': '134',
  'sec-ch-ua-platform': '"Windows"',
  authorization: 'Bearer eyJhbGciOiJIUzI1NiIsInR5cCI6IkpXVCJ9.eyJpZCI6IjZhNGZjZDBhMjgxYzBiOTVjMmFkODEyOCIsInJvbGUiOiJ1c2VyIiwiaWF0IjoxNzgzNzA2MTkxLCJleHAiOjE3ODM3MDcwOTF9.V_pFq06eTU-T0jOp1ysmwKhiXYkZsHob-ElCMYidKeU',
  'user-agent': 'Mozilla/5.0 (Windows NT 10.0; Win64; x64) AppleWebKit/537.36 (KHTML, like Gecko) Chrome/149.0.0.0 Safari/537.36',
  'sec-ch-ua': '"Google Chrome";v="149", "Chromium";v="149", "Not)A;Brand";v="24"',
  'content-type': 'application/json',
  'sec-ch-ua-mobile': '?0',
  accept: '*/*',
  origin: 'http://localhost:5173',
  'sec-fetch-site': 'same-site',
  'sec-fetch-mode': 'cors',
  'sec-fetch-dest': 'empty',
  referer: 'http://localhost:5173/',
  'accept-encoding': 'gzip, deflate, br, zstd',
  'accept-language': 'en-US,en;q=0.9'
}
Bearer eyJhbGciOiJIUzI1NiIsInR5cCI6IkpXVCJ9.eyJpZCI6IjZhNGZjZDBhMjgxYzBiOTVjMmFkODEyOCIsInJvbGUiOiJ1c2VyIiwiaWF0IjoxNzgzNzA2MTkxLCJleHAiOjE3ODM3MDcwOTF9.V_pFq06eTU-T0jOp1ysmwKhiXYkZsHob-ElCMYidKeU
{
  host: 'localhost:3000',
  connection: 'keep-alive',
  'content-length': '134',
  'sec-ch-ua-platform': '"Windows"',
  authorization: 'Bearer eyJhbGciOiJIUzI1NiIsInR5cCI6IkpXVCJ9.eyJpZCI6IjZhNGZjZDBhMjgxYzBiOTVjMmFkODEyOCIsInJvbGUiOiJ1c2VyIiwiaWF0IjoxNzgzNzA2MTkxLCJleHAiOjE3ODM3MDcwOTF9.V_pFq06eTU-T0jOp1ysmwKhiXYkZsHob-ElCMYidKeU',
  'user-agent': 'Mozilla/5.0 (Windows NT 10.0; Win64; x64) AppleWebKit/537.36 (KHTML, like Gecko) Chrome/149.0.0.0 Safari/537.36',
  'sec-ch-ua': '"Google Chrome";v="149", "Chromium";v="149", "Not)A;Brand";v="24"',
  'content-type': 'application/json',
  'sec-ch-ua-mobile': '?0',
  accept: '*/*',
  origin: 'http://localhost:5173',
  'sec-fetch-site': 'same-site',
  'sec-fetch-mode': 'cors',
  'sec-fetch-dest': 'empty',
  referer: 'http://localhost:5173/',
  'accept-encoding': 'gzip, deflate, br, zstd',
  'accept-language': 'en-US,en;q=0.9'
}
Bearer eyJhbGciOiJIUzI1NiIsInR5cCI6IkpXVCJ9.eyJpZCI6IjZhNGZjZDBhMjgxYzBiOTVjMmFkODEyOCIsInJvbGUiOiJ1c2VyIiwiaWF0IjoxNzgzNzA2MTkxLCJleHAiOjE3ODM3MDcwOTF9.V_pFq06eTU-T0jOp1ysmwKhiXYkZsHob-ElCMYidKeU
{
  host: 'localhost:3000',
  connection: 'keep-alive',
  'content-length': '134',
  'sec-ch-ua-platform': '"Windows"',
  authorization: 'Bearer eyJhbGciOiJIUzI1NiIsInR5cCI6IkpXVCJ9.eyJpZCI6IjZhNGZjZDBhMjgxYzBiOTVjMmFkODEyOCIsInJvbGUiOiJ1c2VyIiwiaWF0IjoxNzgzNzA2MTkxLCJleHAiOjE3ODM3MDcwOTF9.V_pFq06eTU-T0jOp1ysmwKhiXYkZsHob-ElCMYidKeU',
  'user-agent': 'Mozilla/5.0 (Windows NT 10.0; Win64; x64) AppleWebKit/537.36 (KHTML, like Gecko) Chrome/149.0.0.0 Safari/537.36',
  'sec-ch-ua': '"Google Chrome";v="149", "Chromium";v="149", "Not)A;Brand";v="24"',
  'content-type': 'application/json',
  'sec-ch-ua-mobile': '?0',
  accept: '*/*',
  origin: 'http://localhost:5173',
  'sec-fetch-site': 'same-site',
  'sec-fetch-mode': 'cors',
  'sec-fetch-dest': 'empty',
  referer: 'http://localhost:5173/',
  'accept-encoding': 'gzip, deflate, br, zstd',
  'accept-language': 'en-US,en;q=0.9'
}
Bearer eyJhbGciOiJIUzI1NiIsInR5cCI6IkpXVCJ9.eyJpZCI6IjZhNGZjZDBhMjgxYzBiOTVjMmFkODEyOCIsInJvbGUiOiJ1c2VyIiwiaWF0IjoxNzgzNzA2MTkxLCJleHAiOjE3ODM3MDcwOTF9.V_pFq06eTU-T0jOp1ysmwKhiXYkZsHob-ElCMYidKeU
{
  host: 'localhost:3000',
  connection: 'keep-alive',
  'content-length': '134',
  'sec-ch-ua-platform': '"Windows"',
  authorization: 'Bearer eyJhbGciOiJIUzI1NiIsInR5cCI6IkpXVCJ9.eyJpZCI6IjZhNGZjZDBhMjgxYzBiOTVjMmFkODEyOCIsInJvbGUiOiJ1c2VyIiwiaWF0IjoxNzgzNzA2MTkxLCJleHAiOjE3ODM3MDcwOTF9.V_pFq06eTU-T0jOp1ysmwKhiXYkZsHob-ElCMYidKeU',
  'user-agent': 'Mozilla/5.0 (Windows NT 10.0; Win64; x64) AppleWebKit/537.36 (KHTML, like Gecko) Chrome/149.0.0.0 Safari/537.36',
  'sec-ch-ua': '"Google Chrome";v="149", "Chromium";v="149", "Not)A;Brand";v="24"',
  'content-type': 'application/json',
  'sec-ch-ua-mobile': '?0',
  accept: '*/*',
  origin: 'http://localhost:5173',
  'sec-fetch-site': 'same-site',
  'sec-fetch-mode': 'cors',
  'sec-fetch-dest': 'empty',
  referer: 'http://localhost:5173/',
  'accept-encoding': 'gzip, deflate, br, zstd',
  'accept-language': 'en-US,en;q=0.9'
}
Bearer eyJhbGciOiJIUzI1NiIsInR5cCI6IkpXVCJ9.eyJpZCI6IjZhNGZjZDBhMjgxYzBiOTVjMmFkODEyOCIsInJvbGUiOiJ1c2VyIiwiaWF0IjoxNzgzNzA2MTkxLCJleHAiOjE3ODM3MDcwOTF9.V_pFq06eTU-T0jOp1ysmwKhiXYkZsHob-ElCMYidKeU
{
  host: 'localhost:3000',
  connection: 'keep-alive',
  'sec-ch-ua-platform': '"Windows"',
  authorization: 'Bearer eyJhbGciOiJIUzI1NiIsInR5cCI6IkpXVCJ9.eyJpZCI6IjZhNGZjZDBhMjgxYzBiOTVjMmFkODEyOCIsInJvbGUiOiJ1c2VyIiwiaWF0IjoxNzgzNzA2MTkxLCJleHAiOjE3ODM3MDcwOTF9.V_pFq06eTU-T0jOp1ysmwKhiXYkZsHob-ElCMYidKeU',
  'user-agent': 'Mozilla/5.0 (Windows NT 10.0; Win64; x64) AppleWebKit/537.36 (KHTML, like Gecko) Chrome/149.0.0.0 Safari/537.36',
  'sec-ch-ua': '"Google Chrome";v="149", "Chromium";v="149", "Not)A;Brand";v="24"',
  'sec-ch-ua-mobile': '?0',
  accept: '*/*',
  origin: 'http://localhost:5173',
  'sec-fetch-site': 'same-site',
  'sec-fetch-mode': 'cors',
  'sec-fetch-dest': 'empty',
  referer: 'http://localhost:5173/',
  'accept-encoding': 'gzip, deflate, br, zstd',
  'accept-language': 'en-US,en;q=0.9',
  'if-none-match': 'W/"1fa-MCHjQyvAhJ9OXjCqCuK6aUWXu2o"'
}
Bearer eyJhbGciOiJIUzI1NiIsInR5cCI6IkpXVCJ9.eyJpZCI6IjZhNGZjZDBhMjgxYzBiOTVjMmFkODEyOCIsInJvbGUiOiJ1c2VyIiwiaWF0IjoxNzgzNzA2MTkxLCJleHAiOjE3ODM3MDcwOTF9.V_pFq06eTU-T0jOp1ysmwKhiXYkZsHob-ElCMYidKeU
{
  host: 'localhost:3000',
  connection: 'keep-alive',
  'sec-ch-ua-platform': '"Windows"',
  authorization: 'Bearer eyJhbGciOiJIUzI1NiIsInR5cCI6IkpXVCJ9.eyJpZCI6IjZhNGZjZDBhMjgxYzBiOTVjMmFkODEyOCIsInJvbGUiOiJ1c2VyIiwiaWF0IjoxNzgzNzA2MTkxLCJleHAiOjE3ODM3MDcwOTF9.V_pFq06eTU-T0jOp1ysmwKhiXYkZsHob-ElCMYidKeU',
  'user-agent': 'Mozilla/5.0 (Windows NT 10.0; Win64; x64) AppleWebKit/537.36 (KHTML, like Gecko) Chrome/149.0.0.0 Safari/537.36',
  'sec-ch-ua': '"Google Chrome";v="149", "Chromium";v="149", "Not)A;Brand";v="24"',
  'sec-ch-ua-mobile': '?0',
  accept: '*/*',
  origin: 'http://localhost:5173',
  'sec-fetch-site': 'same-site',
  'sec-fetch-mode': 'cors',
  'sec-fetch-dest': 'empty',
  referer: 'http://localhost:5173/',
  'accept-encoding': 'gzip, deflate, br, zstd',
  'accept-language': 'en-US,en;q=0.9',
  'if-none-match': 'W/"1fa-MCHjQyvAhJ9OXjCqCuK6aUWXu2o"'
}
Bearer eyJhbGciOiJIUzI1NiIsInR5cCI6IkpXVCJ9.eyJpZCI6IjZhNGZjZDBhMjgxYzBiOTVjMmFkODEyOCIsInJvbGUiOiJ1c2VyIiwiaWF0IjoxNzgzNzA2MTkxLCJleHAiOjE3ODM3MDcwOTF9.V_pFq06eTU-T0jOp1ysmwKhiXYkZsHob-ElCMYidKeU
[32m[nodemon] restarting due to changes...[39m
[32m[nodemon] starting `node src/index.js`[39m
◇ injected env (16) from .env // tip: ⌘ custom filepath { path: '/custom/path/.env' }
◇ injected env (0) from .env // tip: ⌁ auth for agents [www.vestauth.com]
✅ Supabase client created
◇ injected env (0) from .env // tip: ⌘ multiple files { path: ['.env.local', '.env'] }
◇ injected env (0) from .env // tip: ⌘ multiple files { path: ['.env.local', '.env'] }
◇ injected env (0) from .env // tip: ⌁ auth for agents [www.vestauth.com]
◇ injected env (0) from .env // tip: ⌘ suppress logs { quiet: true }
◇ injected env (0) from .env // tip: ⌘ enable debugging { debug: true }
✅ MongoDB Connected
Server is running on port 3000
{
  host: 'localhost:3000',
  connection: 'keep-alive',
  'sec-ch-ua-platform': '"Windows"',
  authorization: 'Bearer eyJhbGciOiJIUzI1NiIsInR5cCI6IkpXVCJ9.eyJpZCI6IjZhNGZjZDBhMjgxYzBiOTVjMmFkODEyOCIsInJvbGUiOiJ1c2VyIiwiaWF0IjoxNzgzNzA2MTkxLCJleHAiOjE3ODM3MDcwOTF9.V_pFq06eTU-T0jOp1ysmwKhiXYkZsHob-ElCMYidKeU',
  'user-agent': 'Mozilla/5.0 (Windows NT 10.0; Win64; x64) AppleWebKit/537.36 (KHTML, like Gecko) Chrome/149.0.0.0 Safari/537.36',
  'sec-ch-ua': '"Google Chrome";v="149", "Chromium";v="149", "Not)A;Brand";v="24"',
  'sec-ch-ua-mobile': '?0',
  accept: '*/*',
  origin: 'http://localhost:5173',
  'sec-fetch-site': 'same-site',
  'sec-fetch-mode': 'cors',
  'sec-fetch-dest': 'empty',
  referer: 'http://localhost:5173/',
  'accept-encoding': 'gzip, deflate, br, zstd',
  'accept-language': 'en-US,en;q=0.9',
  'if-none-match': 'W/"1fa-MCHjQyvAhJ9OXjCqCuK6aUWXu2o"'
}
Bearer eyJhbGciOiJIUzI1NiIsInR5cCI6IkpXVCJ9.eyJpZCI6IjZhNGZjZDBhMjgxYzBiOTVjMmFkODEyOCIsInJvbGUiOiJ1c2VyIiwiaWF0IjoxNzgzNzA2MTkxLCJleHAiOjE3ODM3MDcwOTF9.V_pFq06eTU-T0jOp1ysmwKhiXYkZsHob-ElCMYidKeU
{
  host: 'localhost:3000',
  connection: 'keep-alive',
  'sec-ch-ua-platform': '"Windows"',
  authorization: 'Bearer eyJhbGciOiJIUzI1NiIsInR5cCI6IkpXVCJ9.eyJpZCI6IjZhNGZjZDBhMjgxYzBiOTVjMmFkODEyOCIsInJvbGUiOiJ1c2VyIiwiaWF0IjoxNzgzNzA2MTkxLCJleHAiOjE3ODM3MDcwOTF9.V_pFq06eTU-T0jOp1ysmwKhiXYkZsHob-ElCMYidKeU',
  'user-agent': 'Mozilla/5.0 (Windows NT 10.0; Win64; x64) AppleWebKit/537.36 (KHTML, like Gecko) Chrome/149.0.0.0 Safari/537.36',
  'sec-ch-ua': '"Google Chrome";v="149", "Chromium";v="149", "Not)A;Brand";v="24"',
  'sec-ch-ua-mobile': '?0',
  accept: '*/*',
  origin: 'http://localhost:5173',
  'sec-fetch-site': 'same-site',
  'sec-fetch-mode': 'cors',
  'sec-fetch-dest': 'empty',
  referer: 'http://localhost:5173/',
  'accept-encoding': 'gzip, deflate, br, zstd',
  'accept-language': 'en-US,en;q=0.9',
  'if-none-match': 'W/"925-6r4uDRauWhoGrPyVXkAdg4HCyLc"'
}
Bearer eyJhbGciOiJIUzI1NiIsInR5cCI6IkpXVCJ9.eyJpZCI6IjZhNGZjZDBhMjgxYzBiOTVjMmFkODEyOCIsInJvbGUiOiJ1c2VyIiwiaWF0IjoxNzgzNzA2MTkxLCJleHAiOjE3ODM3MDcwOTF9.V_pFq06eTU-T0jOp1ysmwKhiXYkZsHob-ElCMYidKeU
{
  host: 'localhost:3000',
  connection: 'keep-alive',
  'sec-ch-ua-platform': '"Windows"',
  authorization: 'Bearer eyJhbGciOiJIUzI1NiIsInR5cCI6IkpXVCJ9.eyJpZCI6IjZhNGZjZDBhMjgxYzBiOTVjMmFkODEyOCIsInJvbGUiOiJ1c2VyIiwiaWF0IjoxNzgzNzA2MTkxLCJleHAiOjE3ODM3MDcwOTF9.V_pFq06eTU-T0jOp1ysmwKhiXYkZsHob-ElCMYidKeU',
  'user-agent': 'Mozilla/5.0 (Windows NT 10.0; Win64; x64) AppleWebKit/537.36 (KHTML, like Gecko) Chrome/149.0.0.0 Safari/537.36',
  'sec-ch-ua': '"Google Chrome";v="149", "Chromium";v="149", "Not)A;Brand";v="24"',
  'sec-ch-ua-mobile': '?0',
  accept: '*/*',
  origin: 'http://localhost:5173',
  'sec-fetch-site': 'same-site',
  'sec-fetch-mode': 'cors',
  'sec-fetch-dest': 'empty',
  referer: 'http://localhost:5173/',
  'accept-encoding': 'gzip, deflate, br, zstd',
  'accept-language': 'en-US,en;q=0.9',
  'if-none-match': 'W/"ca-QJF0w7qlz04EAzx1xFYNEdw+FyY"'
}
Bearer eyJhbGciOiJIUzI1NiIsInR5cCI6IkpXVCJ9.eyJpZCI6IjZhNGZjZDBhMjgxYzBiOTVjMmFkODEyOCIsInJvbGUiOiJ1c2VyIiwiaWF0IjoxNzgzNzA2MTkxLCJleHAiOjE3ODM3MDcwOTF9.V_pFq06eTU-T0jOp1ysmwKhiXYkZsHob-ElCMYidKeU
{
  host: 'localhost:3000',
  connection: 'keep-alive',
  'sec-ch-ua-platform': '"Windows"',
  authorization: 'Bearer eyJhbGciOiJIUzI1NiIsInR5cCI6IkpXVCJ9.eyJpZCI6IjZhNGZjZDBhMjgxYzBiOTVjMmFkODEyOCIsInJvbGUiOiJ1c2VyIiwiaWF0IjoxNzgzNzA2MTkxLCJleHAiOjE3ODM3MDcwOTF9.V_pFq06eTU-T0jOp1ysmwKhiXYkZsHob-ElCMYidKeU',
  'user-agent': 'Mozilla/5.0 (Windows NT 10.0; Win64; x64) AppleWebKit/537.36 (KHTML, like Gecko) Chrome/149.0.0.0 Safari/537.36',
  'sec-ch-ua': '"Google Chrome";v="149", "Chromium";v="149", "Not)A;Brand";v="24"',
  'sec-ch-ua-mobile': '?0',
  accept: '*/*',
  origin: 'http://localhost:5173',
  'sec-fetch-site': 'same-site',
  'sec-fetch-mode': 'cors',
  'sec-fetch-dest': 'empty',
  referer: 'http://localhost:5173/',
  'accept-encoding': 'gzip, deflate, br, zstd',
  'accept-language': 'en-US,en;q=0.9',
  'if-none-match': 'W/"1fa-MCHjQyvAhJ9OXjCqCuK6aUWXu2o"'
}
Bearer eyJhbGciOiJIUzI1NiIsInR5cCI6IkpXVCJ9.eyJpZCI6IjZhNGZjZDBhMjgxYzBiOTVjMmFkODEyOCIsInJvbGUiOiJ1c2VyIiwiaWF0IjoxNzgzNzA2MTkxLCJleHAiOjE3ODM3MDcwOTF9.V_pFq06eTU-T0jOp1ysmwKhiXYkZsHob-ElCMYidKeU
{
  host: 'localhost:3000',
  connection: 'keep-alive',
  'sec-ch-ua-platform': '"Windows"',
  authorization: 'Bearer eyJhbGciOiJIUzI1NiIsInR5cCI6IkpXVCJ9.eyJpZCI6IjZhNGZjZDBhMjgxYzBiOTVjMmFkODEyOCIsInJvbGUiOiJ1c2VyIiwiaWF0IjoxNzgzNzA2MTkxLCJleHAiOjE3ODM3MDcwOTF9.V_pFq06eTU-T0jOp1ysmwKhiXYkZsHob-ElCMYidKeU',
  'user-agent': 'Mozilla/5.0 (Windows NT 10.0; Win64; x64) AppleWebKit/537.36 (KHTML, like Gecko) Chrome/149.0.0.0 Safari/537.36',
  'sec-ch-ua': '"Google Chrome";v="149", "Chromium";v="149", "Not)A;Brand";v="24"',
  'sec-ch-ua-mobile': '?0',
  accept: '*/*',
  origin: 'http://localhost:5173',
  'sec-fetch-site': 'same-site',
  'sec-fetch-mode': 'cors',
  'sec-fetch-dest': 'empty',
  referer: 'http://localhost:5173/',
  'accept-encoding': 'gzip, deflate, br, zstd',
  'accept-language': 'en-US,en;q=0.9',
  'if-none-match': 'W/"1fa-MCHjQyvAhJ9OXjCqCuK6aUWXu2o"'
}
Bearer eyJhbGciOiJIUzI1NiIsInR5cCI6IkpXVCJ9.eyJpZCI6IjZhNGZjZDBhMjgxYzBiOTVjMmFkODEyOCIsInJvbGUiOiJ1c2VyIiwiaWF0IjoxNzgzNzA2MTkxLCJleHAiOjE3ODM3MDcwOTF9.V_pFq06eTU-T0jOp1ysmwKhiXYkZsHob-ElCMYidKeU
{
  host: 'localhost:3000',
  connection: 'keep-alive',
  'sec-ch-ua-platform': '"Windows"',
  authorization: 'Bearer eyJhbGciOiJIUzI1NiIsInR5cCI6IkpXVCJ9.eyJpZCI6IjZhNGZjZDBhMjgxYzBiOTVjMmFkODEyOCIsInJvbGUiOiJ1c2VyIiwiaWF0IjoxNzgzNzA2MTkxLCJleHAiOjE3ODM3MDcwOTF9.V_pFq06eTU-T0jOp1ysmwKhiXYkZsHob-ElCMYidKeU',
  'user-agent': 'Mozilla/5.0 (Windows NT 10.0; Win64; x64) AppleWebKit/537.36 (KHTML, like Gecko) Chrome/149.0.0.0 Safari/537.36',
  'sec-ch-ua': '"Google Chrome";v="149", "Chromium";v="149", "Not)A;Brand";v="24"',
  'sec-ch-ua-mobile': '?0',
  accept: '*/*',
  origin: 'http://localhost:5173',
  'sec-fetch-site': 'same-site',
  'sec-fetch-mode': 'cors',
  'sec-fetch-dest': 'empty',
  referer: 'http://localhost:5173/',
  'accept-encoding': 'gzip, deflate, br, zstd',
  'accept-language': 'en-US,en;q=0.9',
  'if-none-match': 'W/"ca-QJF0w7qlz04EAzx1xFYNEdw+FyY"'
}
Bearer eyJhbGciOiJIUzI1NiIsInR5cCI6IkpXVCJ9.eyJpZCI6IjZhNGZjZDBhMjgxYzBiOTVjMmFkODEyOCIsInJvbGUiOiJ1c2VyIiwiaWF0IjoxNzgzNzA2MTkxLCJleHAiOjE3ODM3MDcwOTF9.V_pFq06eTU-T0jOp1ysmwKhiXYkZsHob-ElCMYidKeU
{
  host: 'localhost:3000',
  connection: 'keep-alive',
  'sec-ch-ua-platform': '"Windows"',
  authorization: 'Bearer eyJhbGciOiJIUzI1NiIsInR5cCI6IkpXVCJ9.eyJpZCI6IjZhNGZjZDBhMjgxYzBiOTVjMmFkODEyOCIsInJvbGUiOiJ1c2VyIiwiaWF0IjoxNzgzNzA2MTkxLCJleHAiOjE3ODM3MDcwOTF9.V_pFq06eTU-T0jOp1ysmwKhiXYkZsHob-ElCMYidKeU',
  'user-agent': 'Mozilla/5.0 (Windows NT 10.0; Win64; x64) AppleWebKit/537.36 (KHTML, like Gecko) Chrome/149.0.0.0 Safari/537.36',
  'sec-ch-ua': '"Google Chrome";v="149", "Chromium";v="149", "Not)A;Brand";v="24"',
  'sec-ch-ua-mobile': '?0',
  accept: '*/*',
  origin: 'http://localhost:5173',
  'sec-fetch-site': 'same-site',
  'sec-fetch-mode': 'cors',
  'sec-fetch-dest': 'empty',
  referer: 'http://localhost:5173/',
  'accept-encoding': 'gzip, deflate, br, zstd',
  'accept-language': 'en-US,en;q=0.9',
  'if-none-match': 'W/"925-bdB7dPMQd3u954ztUiVFBSxJXuE"'
}
Bearer eyJhbGciOiJIUzI1NiIsInR5cCI6IkpXVCJ9.eyJpZCI6IjZhNGZjZDBhMjgxYzBiOTVjMmFkODEyOCIsInJvbGUiOiJ1c2VyIiwiaWF0IjoxNzgzNzA2MTkxLCJleHAiOjE3ODM3MDcwOTF9.V_pFq06eTU-T0jOp1ysmwKhiXYkZsHob-ElCMYidKeU
{
  host: 'localhost:3000',
  connection: 'keep-alive',
  'sec-ch-ua-platform': '"Windows"',
  authorization: 'Bearer eyJhbGciOiJIUzI1NiIsInR5cCI6IkpXVCJ9.eyJpZCI6IjZhNGZjZDBhMjgxYzBiOTVjMmFkODEyOCIsInJvbGUiOiJ1c2VyIiwiaWF0IjoxNzgzNzA2MTkxLCJleHAiOjE3ODM3MDcwOTF9.V_pFq06eTU-T0jOp1ysmwKhiXYkZsHob-ElCMYidKeU',
  'user-agent': 'Mozilla/5.0 (Windows NT 10.0; Win64; x64) AppleWebKit/537.36 (KHTML, like Gecko) Chrome/149.0.0.0 Safari/537.36',
  'sec-ch-ua': '"Google Chrome";v="149", "Chromium";v="149", "Not)A;Brand";v="24"',
  'sec-ch-ua-mobile': '?0',
  accept: '*/*',
  origin: 'http://localhost:5173',
  'sec-fetch-site': 'same-site',
  'sec-fetch-mode': 'cors',
  'sec-fetch-dest': 'empty',
  referer: 'http://localhost:5173/',
  'accept-encoding': 'gzip, deflate, br, zstd',
  'accept-language': 'en-US,en;q=0.9',
  'if-none-match': 'W/"1fa-MCHjQyvAhJ9OXjCqCuK6aUWXu2o"'
}
Bearer eyJhbGciOiJIUzI1NiIsInR5cCI6IkpXVCJ9.eyJpZCI6IjZhNGZjZDBhMjgxYzBiOTVjMmFkODEyOCIsInJvbGUiOiJ1c2VyIiwiaWF0IjoxNzgzNzA2MTkxLCJleHAiOjE3ODM3MDcwOTF9.V_pFq06eTU-T0jOp1ysmwKhiXYkZsHob-ElCMYidKeU
{
  host: 'localhost:3000',
  connection: 'keep-alive',
  'sec-ch-ua-platform': '"Windows"',
  authorization: 'Bearer eyJhbGciOiJIUzI1NiIsInR5cCI6IkpXVCJ9.eyJpZCI6IjZhNGZjZDBhMjgxYzBiOTVjMmFkODEyOCIsInJvbGUiOiJ1c2VyIiwiaWF0IjoxNzgzNzA2MTkxLCJleHAiOjE3ODM3MDcwOTF9.V_pFq06eTU-T0jOp1ysmwKhiXYkZsHob-ElCMYidKeU',
  'user-agent': 'Mozilla/5.0 (Windows NT 10.0; Win64; x64) AppleWebKit/537.36 (KHTML, like Gecko) Chrome/149.0.0.0 Safari/537.36',
  'sec-ch-ua': '"Google Chrome";v="149", "Chromium";v="149", "Not)A;Brand";v="24"',
  'sec-ch-ua-mobile': '?0',
  accept: '*/*',
  origin: 'http://localhost:5173',
  'sec-fetch-site': 'same-site',
  'sec-fetch-mode': 'cors',
  'sec-fetch-dest': 'empty',
  referer: 'http://localhost:5173/',
  'accept-encoding': 'gzip, deflate, br, zstd',
  'accept-language': 'en-US,en;q=0.9',
  'if-none-match': 'W/"925-bdB7dPMQd3u954ztUiVFBSxJXuE"'
}
Bearer eyJhbGciOiJIUzI1NiIsInR5cCI6IkpXVCJ9.eyJpZCI6IjZhNGZjZDBhMjgxYzBiOTVjMmFkODEyOCIsInJvbGUiOiJ1c2VyIiwiaWF0IjoxNzgzNzA2MTkxLCJleHAiOjE3ODM3MDcwOTF9.V_pFq06eTU-T0jOp1ysmwKhiXYkZsHob-ElCMYidKeU
{
  host: 'localhost:3000',
  connection: 'keep-alive',
  'sec-ch-ua-platform': '"Windows"',
  authorization: 'Bearer eyJhbGciOiJIUzI1NiIsInR5cCI6IkpXVCJ9.eyJpZCI6IjZhNGZjZDBhMjgxYzBiOTVjMmFkODEyOCIsInJvbGUiOiJ1c2VyIiwiaWF0IjoxNzgzNzA2MTkxLCJleHAiOjE3ODM3MDcwOTF9.V_pFq06eTU-T0jOp1ysmwKhiXYkZsHob-ElCMYidKeU',
  'user-agent': 'Mozilla/5.0 (Windows NT 10.0; Win64; x64) AppleWebKit/537.36 (KHTML, like Gecko) Chrome/149.0.0.0 Safari/537.36',
  'sec-ch-ua': '"Google Chrome";v="149", "Chromium";v="149", "Not)A;Brand";v="24"',
  'sec-ch-ua-mobile': '?0',
  accept: '*/*',
  origin: 'http://localhost:5173',
  'sec-fetch-site': 'same-site',
  'sec-fetch-mode': 'cors',
  'sec-fetch-dest': 'empty',
  referer: 'http://localhost:5173/',
  'accept-encoding': 'gzip, deflate, br, zstd',
  'accept-language': 'en-US,en;q=0.9',
  'if-none-match': 'W/"ca-QJF0w7qlz04EAzx1xFYNEdw+FyY"'
}
Bearer eyJhbGciOiJIUzI1NiIsInR5cCI6IkpXVCJ9.eyJpZCI6IjZhNGZjZDBhMjgxYzBiOTVjMmFkODEyOCIsInJvbGUiOiJ1c2VyIiwiaWF0IjoxNzgzNzA2MTkxLCJleHAiOjE3ODM3MDcwOTF9.V_pFq06eTU-T0jOp1ysmwKhiXYkZsHob-ElCMYidKeU
{
  host: 'localhost:3000',
  connection: 'keep-alive',
  'sec-ch-ua-platform': '"Windows"',
  authorization: 'Bearer eyJhbGciOiJIUzI1NiIsInR5cCI6IkpXVCJ9.eyJpZCI6IjZhNGZjZDBhMjgxYzBiOTVjMmFkODEyOCIsInJvbGUiOiJ1c2VyIiwiaWF0IjoxNzgzNzA2MTkxLCJleHAiOjE3ODM3MDcwOTF9.V_pFq06eTU-T0jOp1ysmwKhiXYkZsHob-ElCMYidKeU',
  'user-agent': 'Mozilla/5.0 (Windows NT 10.0; Win64; x64) AppleWebKit/537.36 (KHTML, like Gecko) Chrome/149.0.0.0 Safari/537.36',
  'sec-ch-ua': '"Google Chrome";v="149", "Chromium";v="149", "Not)A;Brand";v="24"',
  'sec-ch-ua-mobile': '?0',
  accept: '*/*',
  origin: 'http://localhost:5173',
  'sec-fetch-site': 'same-site',
  'sec-fetch-mode': 'cors',
  'sec-fetch-dest': 'empty',
  referer: 'http://localhost:5173/',
  'accept-encoding': 'gzip, deflate, br, zstd',
  'accept-language': 'en-US,en;q=0.9',
  'if-none-match': 'W/"925-bdB7dPMQd3u954ztUiVFBSxJXuE"'
}
Bearer eyJhbGciOiJIUzI1NiIsInR5cCI6IkpXVCJ9.eyJpZCI6IjZhNGZjZDBhMjgxYzBiOTVjMmFkODEyOCIsInJvbGUiOiJ1c2VyIiwiaWF0IjoxNzgzNzA2MTkxLCJleHAiOjE3ODM3MDcwOTF9.V_pFq06eTU-T0jOp1ysmwKhiXYkZsHob-ElCMYidKeU
{
  host: 'localhost:3000',
  connection: 'keep-alive',
  'sec-ch-ua-platform': '"Windows"',
  authorization: 'Bearer eyJhbGciOiJIUzI1NiIsInR5cCI6IkpXVCJ9.eyJpZCI6IjZhNGZjZDBhMjgxYzBiOTVjMmFkODEyOCIsInJvbGUiOiJ1c2VyIiwiaWF0IjoxNzgzNzA2MTkxLCJleHAiOjE3ODM3MDcwOTF9.V_pFq06eTU-T0jOp1ysmwKhiXYkZsHob-ElCMYidKeU',
  'user-agent': 'Mozilla/5.0 (Windows NT 10.0; Win64; x64) AppleWebKit/537.36 (KHTML, like Gecko) Chrome/149.0.0.0 Safari/537.36',
  'sec-ch-ua': '"Google Chrome";v="149", "Chromium";v="149", "Not)A;Brand";v="24"',
  'sec-ch-ua-mobile': '?0',
  accept: '*/*',
  origin: 'http://localhost:5173',
  'sec-fetch-site': 'same-site',
  'sec-fetch-mode': 'cors',
  'sec-fetch-dest': 'empty',
  referer: 'http://localhost:5173/',
  'accept-encoding': 'gzip, deflate, br, zstd',
  'accept-language': 'en-US,en;q=0.9',
  'if-none-match': 'W/"ca-QJF0w7qlz04EAzx1xFYNEdw+FyY"'
}
Bearer eyJhbGciOiJIUzI1NiIsInR5cCI6IkpXVCJ9.eyJpZCI6IjZhNGZjZDBhMjgxYzBiOTVjMmFkODEyOCIsInJvbGUiOiJ1c2VyIiwiaWF0IjoxNzgzNzA2MTkxLCJleHAiOjE3ODM3MDcwOTF9.V_pFq06eTU-T0jOp1ysmwKhiXYkZsHob-ElCMYidKeU
{
  host: 'localhost:3000',
  connection: 'keep-alive',
  'sec-ch-ua-platform': '"Windows"',
  authorization: 'Bearer eyJhbGciOiJIUzI1NiIsInR5cCI6IkpXVCJ9.eyJpZCI6IjZhNGZjZDBhMjgxYzBiOTVjMmFkODEyOCIsInJvbGUiOiJ1c2VyIiwiaWF0IjoxNzgzNzA2MTkxLCJleHAiOjE3ODM3MDcwOTF9.V_pFq06eTU-T0jOp1ysmwKhiXYkZsHob-ElCMYidKeU',
  'user-agent': 'Mozilla/5.0 (Windows NT 10.0; Win64; x64) AppleWebKit/537.36 (KHTML, like Gecko) Chrome/149.0.0.0 Safari/537.36',
  'sec-ch-ua': '"Google Chrome";v="149", "Chromium";v="149", "Not)A;Brand";v="24"',
  'sec-ch-ua-mobile': '?0',
  accept: '*/*',
  origin: 'http://localhost:5173',
  'sec-fetch-site': 'same-site',
  'sec-fetch-mode': 'cors',
  'sec-fetch-dest': 'empty',
  referer: 'http://localhost:5173/',
  'accept-encoding': 'gzip, deflate, br, zstd',
  'accept-language': 'en-US,en;q=0.9',
  'if-none-match': 'W/"925-bdB7dPMQd3u954ztUiVFBSxJXuE"'
}
Bearer eyJhbGciOiJIUzI1NiIsInR5cCI6IkpXVCJ9.eyJpZCI6IjZhNGZjZDBhMjgxYzBiOTVjMmFkODEyOCIsInJvbGUiOiJ1c2VyIiwiaWF0IjoxNzgzNzA2MTkxLCJleHAiOjE3ODM3MDcwOTF9.V_pFq06eTU-T0jOp1ysmwKhiXYkZsHob-ElCMYidKeU
{
  host: 'localhost:3000',
  connection: 'keep-alive',
  'sec-ch-ua-platform': '"Windows"',
  authorization: 'Bearer eyJhbGciOiJIUzI1NiIsInR5cCI6IkpXVCJ9.eyJpZCI6IjZhNGZjZDBhMjgxYzBiOTVjMmFkODEyOCIsInJvbGUiOiJ1c2VyIiwiaWF0IjoxNzgzNzA2MTkxLCJleHAiOjE3ODM3MDcwOTF9.V_pFq06eTU-T0jOp1ysmwKhiXYkZsHob-ElCMYidKeU',
  'user-agent': 'Mozilla/5.0 (Windows NT 10.0; Win64; x64) AppleWebKit/537.36 (KHTML, like Gecko) Chrome/149.0.0.0 Safari/537.36',
  'sec-ch-ua': '"Google Chrome";v="149", "Chromium";v="149", "Not)A;Brand";v="24"',
  'sec-ch-ua-mobile': '?0',
  accept: '*/*',
  origin: 'http://localhost:5173',
  'sec-fetch-site': 'same-site',
  'sec-fetch-mode': 'cors',
  'sec-fetch-dest': 'empty',
  referer: 'http://localhost:5173/',
  'accept-encoding': 'gzip, deflate, br, zstd',
  'accept-language': 'en-US,en;q=0.9',
  'if-none-match': 'W/"ca-QJF0w7qlz04EAzx1xFYNEdw+FyY"'
}
Bearer eyJhbGciOiJIUzI1NiIsInR5cCI6IkpXVCJ9.eyJpZCI6IjZhNGZjZDBhMjgxYzBiOTVjMmFkODEyOCIsInJvbGUiOiJ1c2VyIiwiaWF0IjoxNzgzNzA2MTkxLCJleHAiOjE3ODM3MDcwOTF9.V_pFq06eTU-T0jOp1ysmwKhiXYkZsHob-ElCMYidKeU
{
  host: 'localhost:3000',
  connection: 'keep-alive',
  'sec-ch-ua-platform': '"Windows"',
  authorization: 'Bearer eyJhbGciOiJIUzI1NiIsInR5cCI6IkpXVCJ9.eyJpZCI6IjZhNGZjZDBhMjgxYzBiOTVjMmFkODEyOCIsInJvbGUiOiJ1c2VyIiwiaWF0IjoxNzgzNzA2MTkxLCJleHAiOjE3ODM3MDcwOTF9.V_pFq06eTU-T0jOp1ysmwKhiXYkZsHob-ElCMYidKeU',
  'user-agent': 'Mozilla/5.0 (Windows NT 10.0; Win64; x64) AppleWebKit/537.36 (KHTML, like Gecko) Chrome/149.0.0.0 Safari/537.36',
  'sec-ch-ua': '"Google Chrome";v="149", "Chromium";v="149", "Not)A;Brand";v="24"',
  'sec-ch-ua-mobile': '?0',
  accept: '*/*',
  origin: 'http://localhost:5173',
  'sec-fetch-site': 'same-site',
  'sec-fetch-mode': 'cors',
  'sec-fetch-dest': 'empty',
  referer: 'http://localhost:5173/',
  'accept-encoding': 'gzip, deflate, br, zstd',
  'accept-language': 'en-US,en;q=0.9',
  'if-none-match': 'W/"1fa-MCHjQyvAhJ9OXjCqCuK6aUWXu2o"'
}
Bearer eyJhbGciOiJIUzI1NiIsInR5cCI6IkpXVCJ9.eyJpZCI6IjZhNGZjZDBhMjgxYzBiOTVjMmFkODEyOCIsInJvbGUiOiJ1c2VyIiwiaWF0IjoxNzgzNzA2MTkxLCJleHAiOjE3ODM3MDcwOTF9.V_pFq06eTU-T0jOp1ysmwKhiXYkZsHob-ElCMYidKeU
{
  host: 'localhost:3000',
  connection: 'keep-alive',
  'sec-ch-ua-platform': '"Windows"',
  authorization: 'Bearer eyJhbGciOiJIUzI1NiIsInR5cCI6IkpXVCJ9.eyJpZCI6IjZhNGZjZDBhMjgxYzBiOTVjMmFkODEyOCIsInJvbGUiOiJ1c2VyIiwiaWF0IjoxNzgzNzA2MTkxLCJleHAiOjE3ODM3MDcwOTF9.V_pFq06eTU-T0jOp1ysmwKhiXYkZsHob-ElCMYidKeU',
  'user-agent': 'Mozilla/5.0 (Windows NT 10.0; Win64; x64) AppleWebKit/537.36 (KHTML, like Gecko) Chrome/149.0.0.0 Safari/537.36',
  'sec-ch-ua': '"Google Chrome";v="149", "Chromium";v="149", "Not)A;Brand";v="24"',
  'sec-ch-ua-mobile': '?0',
  accept: '*/*',
  origin: 'http://localhost:5173',
  'sec-fetch-site': 'same-site',
  'sec-fetch-mode': 'cors',
  'sec-fetch-dest': 'empty',
  referer: 'http://localhost:5173/',
  'accept-encoding': 'gzip, deflate, br, zstd',
  'accept-language': 'en-US,en;q=0.9',
  'if-none-match': 'W/"925-bdB7dPMQd3u954ztUiVFBSxJXuE"'
}
Bearer eyJhbGciOiJIUzI1NiIsInR5cCI6IkpXVCJ9.eyJpZCI6IjZhNGZjZDBhMjgxYzBiOTVjMmFkODEyOCIsInJvbGUiOiJ1c2VyIiwiaWF0IjoxNzgzNzA2MTkxLCJleHAiOjE3ODM3MDcwOTF9.V_pFq06eTU-T0jOp1ysmwKhiXYkZsHob-ElCMYidKeU
{
  host: 'localhost:3000',
  connection: 'keep-alive',
  'sec-ch-ua-platform': '"Windows"',
  authorization: 'Bearer eyJhbGciOiJIUzI1NiIsInR5cCI6IkpXVCJ9.eyJpZCI6IjZhNGZjZDBhMjgxYzBiOTVjMmFkODEyOCIsInJvbGUiOiJ1c2VyIiwiaWF0IjoxNzgzNzA2MTkxLCJleHAiOjE3ODM3MDcwOTF9.V_pFq06eTU-T0jOp1ysmwKhiXYkZsHob-ElCMYidKeU',
  'user-agent': 'Mozilla/5.0 (Windows NT 10.0; Win64; x64) AppleWebKit/537.36 (KHTML, like Gecko) Chrome/149.0.0.0 Safari/537.36',
  'sec-ch-ua': '"Google Chrome";v="149", "Chromium";v="149", "Not)A;Brand";v="24"',
  'sec-ch-ua-mobile': '?0',
  accept: '*/*',
  origin: 'http://localhost:5173',
  'sec-fetch-site': 'same-site',
  'sec-fetch-mode': 'cors',
  'sec-fetch-dest': 'empty',
  referer: 'http://localhost:5173/',
  'accept-encoding': 'gzip, deflate, br, zstd',
  'accept-language': 'en-US,en;q=0.9',
  'if-none-match': 'W/"ca-QJF0w7qlz04EAzx1xFYNEdw+FyY"'
}
Bearer eyJhbGciOiJIUzI1NiIsInR5cCI6IkpXVCJ9.eyJpZCI6IjZhNGZjZDBhMjgxYzBiOTVjMmFkODEyOCIsInJvbGUiOiJ1c2VyIiwiaWF0IjoxNzgzNzA2MTkxLCJleHAiOjE3ODM3MDcwOTF9.V_pFq06eTU-T0jOp1ysmwKhiXYkZsHob-ElCMYidKeU
{
  host: 'localhost:3000',
  connection: 'keep-alive',
  'sec-ch-ua-platform': '"Windows"',
  authorization: 'Bearer eyJhbGciOiJIUzI1NiIsInR5cCI6IkpXVCJ9.eyJpZCI6IjZhNGZjZDBhMjgxYzBiOTVjMmFkODEyOCIsInJvbGUiOiJ1c2VyIiwiaWF0IjoxNzgzNzA2MTkxLCJleHAiOjE3ODM3MDcwOTF9.V_pFq06eTU-T0jOp1ysmwKhiXYkZsHob-ElCMYidKeU',
  'user-agent': 'Mozilla/5.0 (Windows NT 10.0; Win64; x64) AppleWebKit/537.36 (KHTML, like Gecko) Chrome/149.0.0.0 Safari/537.36',
  'sec-ch-ua': '"Google Chrome";v="149", "Chromium";v="149", "Not)A;Brand";v="24"',
  'sec-ch-ua-mobile': '?0',
  accept: '*/*',
  origin: 'http://localhost:5173',
  'sec-fetch-site': 'same-site',
  'sec-fetch-mode': 'cors',
  'sec-fetch-dest': 'empty',
  referer: 'http://localhost:5173/',
  'accept-encoding': 'gzip, deflate, br, zstd',
  'accept-language': 'en-US,en;q=0.9',
  'if-none-match': 'W/"1fa-MCHjQyvAhJ9OXjCqCuK6aUWXu2o"'
}
Bearer eyJhbGciOiJIUzI1NiIsInR5cCI6IkpXVCJ9.eyJpZCI6IjZhNGZjZDBhMjgxYzBiOTVjMmFkODEyOCIsInJvbGUiOiJ1c2VyIiwiaWF0IjoxNzgzNzA2MTkxLCJleHAiOjE3ODM3MDcwOTF9.V_pFq06eTU-T0jOp1ysmwKhiXYkZsHob-ElCMYidKeU
{
  host: 'localhost:3000',
  connection: 'keep-alive',
  'sec-ch-ua-platform': '"Windows"',
  authorization: 'Bearer eyJhbGciOiJIUzI1NiIsInR5cCI6IkpXVCJ9.eyJpZCI6IjZhNGZjZDBhMjgxYzBiOTVjMmFkODEyOCIsInJvbGUiOiJ1c2VyIiwiaWF0IjoxNzgzNzA2MTkxLCJleHAiOjE3ODM3MDcwOTF9.V_pFq06eTU-T0jOp1ysmwKhiXYkZsHob-ElCMYidKeU',
  'user-agent': 'Mozilla/5.0 (Windows NT 10.0; Win64; x64) AppleWebKit/537.36 (KHTML, like Gecko) Chrome/149.0.0.0 Safari/537.36',
  'sec-ch-ua': '"Google Chrome";v="149", "Chromium";v="149", "Not)A;Brand";v="24"',
  'sec-ch-ua-mobile': '?0',
  accept: '*/*',
  origin: 'http://localhost:5173',
  'sec-fetch-site': 'same-site',
  'sec-fetch-mode': 'cors',
  'sec-fetch-dest': 'empty',
  referer: 'http://localhost:5173/',
  'accept-encoding': 'gzip, deflate, br, zstd',
  'accept-language': 'en-US,en;q=0.9',
  'if-none-match': 'W/"1fa-MCHjQyvAhJ9OXjCqCuK6aUWXu2o"'
}
Bearer eyJhbGciOiJIUzI1NiIsInR5cCI6IkpXVCJ9.eyJpZCI6IjZhNGZjZDBhMjgxYzBiOTVjMmFkODEyOCIsInJvbGUiOiJ1c2VyIiwiaWF0IjoxNzgzNzA2MTkxLCJleHAiOjE3ODM3MDcwOTF9.V_pFq06eTU-T0jOp1ysmwKhiXYkZsHob-ElCMYidKeU
{
  host: 'localhost:3000',
  connection: 'keep-alive',
  'sec-ch-ua-platform': '"Windows"',
  authorization: 'Bearer eyJhbGciOiJIUzI1NiIsInR5cCI6IkpXVCJ9.eyJpZCI6IjZhNGZjZDBhMjgxYzBiOTVjMmFkODEyOCIsInJvbGUiOiJ1c2VyIiwiaWF0IjoxNzgzNzA3MTQyLCJleHAiOjE3ODM3MDgwNDJ9.yQX0d0Po3Xd0a5QClbonGkaKRGlW4_1_ncWrTUPGjiY',
  'user-agent': 'Mozilla/5.0 (Windows NT 10.0; Win64; x64) AppleWebKit/537.36 (KHTML, like Gecko) Chrome/149.0.0.0 Safari/537.36',
  'sec-ch-ua': '"Google Chrome";v="149", "Chromium";v="149", "Not)A;Brand";v="24"',
  'sec-ch-ua-mobile': '?0',
  accept: '*/*',
  origin: 'http://localhost:5173',
  'sec-fetch-site': 'same-site',
  'sec-fetch-mode': 'cors',
  'sec-fetch-dest': 'empty',
  referer: 'http://localhost:5173/',
  'accept-encoding': 'gzip, deflate, br, zstd',
  'accept-language': 'en-US,en;q=0.9',
  'if-none-match': 'W/"1fa-MCHjQyvAhJ9OXjCqCuK6aUWXu2o"'
}
Bearer eyJhbGciOiJIUzI1NiIsInR5cCI6IkpXVCJ9.eyJpZCI6IjZhNGZjZDBhMjgxYzBiOTVjMmFkODEyOCIsInJvbGUiOiJ1c2VyIiwiaWF0IjoxNzgzNzA3MTQyLCJleHAiOjE3ODM3MDgwNDJ9.yQX0d0Po3Xd0a5QClbonGkaKRGlW4_1_ncWrTUPGjiY
{
  host: 'localhost:3000',
  connection: 'keep-alive',
  'sec-ch-ua-platform': '"Windows"',
  authorization: 'Bearer eyJhbGciOiJIUzI1NiIsInR5cCI6IkpXVCJ9.eyJpZCI6IjZhNGZjZDBhMjgxYzBiOTVjMmFkODEyOCIsInJvbGUiOiJ1c2VyIiwiaWF0IjoxNzgzNzA3MTQyLCJleHAiOjE3ODM3MDgwNDJ9.yQX0d0Po3Xd0a5QClbonGkaKRGlW4_1_ncWrTUPGjiY',
  'user-agent': 'Mozilla/5.0 (Windows NT 10.0; Win64; x64) AppleWebKit/537.36 (KHTML, like Gecko) Chrome/149.0.0.0 Safari/537.36',
  'sec-ch-ua': '"Google Chrome";v="149", "Chromium";v="149", "Not)A;Brand";v="24"',
  'sec-ch-ua-mobile': '?0',
  accept: '*/*',
  origin: 'http://localhost:5173',
  'sec-fetch-site': 'same-site',
  'sec-fetch-mode': 'cors',
  'sec-fetch-dest': 'empty',
  referer: 'http://localhost:5173/',
  'accept-encoding': 'gzip, deflate, br, zstd',
  'accept-language': 'en-US,en;q=0.9',
  'if-none-match': 'W/"1fa-MCHjQyvAhJ9OXjCqCuK6aUWXu2o"'
}
Bearer eyJhbGciOiJIUzI1NiIsInR5cCI6IkpXVCJ9.eyJpZCI6IjZhNGZjZDBhMjgxYzBiOTVjMmFkODEyOCIsInJvbGUiOiJ1c2VyIiwiaWF0IjoxNzgzNzA3MTQyLCJleHAiOjE3ODM3MDgwNDJ9.yQX0d0Po3Xd0a5QClbonGkaKRGlW4_1_ncWrTUPGjiY
{
  host: 'localhost:3000',
  connection: 'keep-alive',
  'sec-ch-ua-platform': '"Windows"',
  authorization: 'Bearer eyJhbGciOiJIUzI1NiIsInR5cCI6IkpXVCJ9.eyJpZCI6IjZhNGZjZDBhMjgxYzBiOTVjMmFkODEyOCIsInJvbGUiOiJ1c2VyIiwiaWF0IjoxNzgzNzA3MTQyLCJleHAiOjE3ODM3MDgwNDJ9.yQX0d0Po3Xd0a5QClbonGkaKRGlW4_1_ncWrTUPGjiY',
  'user-agent': 'Mozilla/5.0 (Windows NT 10.0; Win64; x64) AppleWebKit/537.36 (KHTML, like Gecko) Chrome/149.0.0.0 Safari/537.36',
  'sec-ch-ua': '"Google Chrome";v="149", "Chromium";v="149", "Not)A;Brand";v="24"',
  'sec-ch-ua-mobile': '?0',
  accept: '*/*',
  origin: 'http://localhost:5173',
  'sec-fetch-site': 'same-site',
  'sec-fetch-mode': 'cors',
  'sec-fetch-dest': 'empty',
  referer: 'http://localhost:5173/',
  'accept-encoding': 'gzip, deflate, br, zstd',
  'accept-language': 'en-US,en;q=0.9',
  'if-none-match': 'W/"925-bdB7dPMQd3u954ztUiVFBSxJXuE"'
}
Bearer eyJhbGciOiJIUzI1NiIsInR5cCI6IkpXVCJ9.eyJpZCI6IjZhNGZjZDBhMjgxYzBiOTVjMmFkODEyOCIsInJvbGUiOiJ1c2VyIiwiaWF0IjoxNzgzNzA3MTQyLCJleHAiOjE3ODM3MDgwNDJ9.yQX0d0Po3Xd0a5QClbonGkaKRGlW4_1_ncWrTUPGjiY
{
  host: 'localhost:3000',
  connection: 'keep-alive',
  'sec-ch-ua-platform': '"Windows"',
  authorization: 'Bearer eyJhbGciOiJIUzI1NiIsInR5cCI6IkpXVCJ9.eyJpZCI6IjZhNGZjZDBhMjgxYzBiOTVjMmFkODEyOCIsInJvbGUiOiJ1c2VyIiwiaWF0IjoxNzgzNzA3MTQyLCJleHAiOjE3ODM3MDgwNDJ9.yQX0d0Po3Xd0a5QClbonGkaKRGlW4_1_ncWrTUPGjiY',
  'user-agent': 'Mozilla/5.0 (Windows NT 10.0; Win64; x64) AppleWebKit/537.36 (KHTML, like Gecko) Chrome/149.0.0.0 Safari/537.36',
  'sec-ch-ua': '"Google Chrome";v="149", "Chromium";v="149", "Not)A;Brand";v="24"',
  'sec-ch-ua-mobile': '?0',
  accept: '*/*',
  origin: 'http://localhost:5173',
  'sec-fetch-site': 'same-site',
  'sec-fetch-mode': 'cors',
  'sec-fetch-dest': 'empty',
  referer: 'http://localhost:5173/',
  'accept-encoding': 'gzip, deflate, br, zstd',
  'accept-language': 'en-US,en;q=0.9',
  'if-none-match': 'W/"ca-QJF0w7qlz04EAzx1xFYNEdw+FyY"'
}
Bearer eyJhbGciOiJIUzI1NiIsInR5cCI6IkpXVCJ9.eyJpZCI6IjZhNGZjZDBhMjgxYzBiOTVjMmFkODEyOCIsInJvbGUiOiJ1c2VyIiwiaWF0IjoxNzgzNzA3MTQyLCJleHAiOjE3ODM3MDgwNDJ9.yQX0d0Po3Xd0a5QClbonGkaKRGlW4_1_ncWrTUPGjiY
{
  host: 'localhost:3000',
  connection: 'keep-alive',
  'sec-ch-ua-platform': '"Windows"',
  authorization: 'Bearer eyJhbGciOiJIUzI1NiIsInR5cCI6IkpXVCJ9.eyJpZCI6IjZhNGZjZDBhMjgxYzBiOTVjMmFkODEyOCIsInJvbGUiOiJ1c2VyIiwiaWF0IjoxNzgzNzA3MTQyLCJleHAiOjE3ODM3MDgwNDJ9.yQX0d0Po3Xd0a5QClbonGkaKRGlW4_1_ncWrTUPGjiY',
  'user-agent': 'Mozilla/5.0 (Windows NT 10.0; Win64; x64) AppleWebKit/537.36 (KHTML, like Gecko) Chrome/149.0.0.0 Safari/537.36',
  'sec-ch-ua': '"Google Chrome";v="149", "Chromium";v="149", "Not)A;Brand";v="24"',
  'sec-ch-ua-mobile': '?0',
  accept: '*/*',
  origin: 'http://localhost:5173',
  'sec-fetch-site': 'same-site',
  'sec-fetch-mode': 'cors',
  'sec-fetch-dest': 'empty',
  referer: 'http://localhost:5173/',
  'accept-encoding': 'gzip, deflate, br, zstd',
  'accept-language': 'en-US,en;q=0.9',
  'if-none-match': 'W/"1fa-MCHjQyvAhJ9OXjCqCuK6aUWXu2o"'
}
Bearer eyJhbGciOiJIUzI1NiIsInR5cCI6IkpXVCJ9.eyJpZCI6IjZhNGZjZDBhMjgxYzBiOTVjMmFkODEyOCIsInJvbGUiOiJ1c2VyIiwiaWF0IjoxNzgzNzA3MTQyLCJleHAiOjE3ODM3MDgwNDJ9.yQX0d0Po3Xd0a5QClbonGkaKRGlW4_1_ncWrTUPGjiY
{
  host: 'localhost:3000',
  connection: 'keep-alive',
  'sec-ch-ua-platform': '"Windows"',
  authorization: 'Bearer eyJhbGciOiJIUzI1NiIsInR5cCI6IkpXVCJ9.eyJpZCI6IjZhNGZjZDBhMjgxYzBiOTVjMmFkODEyOCIsInJvbGUiOiJ1c2VyIiwiaWF0IjoxNzgzNzA3MTQyLCJleHAiOjE3ODM3MDgwNDJ9.yQX0d0Po3Xd0a5QClbonGkaKRGlW4_1_ncWrTUPGjiY',
  'user-agent': 'Mozilla/5.0 (Windows NT 10.0; Win64; x64) AppleWebKit/537.36 (KHTML, like Gecko) Chrome/149.0.0.0 Safari/537.36',
  'sec-ch-ua': '"Google Chrome";v="149", "Chromium";v="149", "Not)A;Brand";v="24"',
  'sec-ch-ua-mobile': '?0',
  accept: '*/*',
  origin: 'http://localhost:5173',
  'sec-fetch-site': 'same-site',
  'sec-fetch-mode': 'cors',
  'sec-fetch-dest': 'empty',
  referer: 'http://localhost:5173/',
  'accept-encoding': 'gzip, deflate, br, zstd',
  'accept-language': 'en-US,en;q=0.9',
  'if-none-match': 'W/"1fa-MCHjQyvAhJ9OXjCqCuK6aUWXu2o"'
}
Bearer eyJhbGciOiJIUzI1NiIsInR5cCI6IkpXVCJ9.eyJpZCI6IjZhNGZjZDBhMjgxYzBiOTVjMmFkODEyOCIsInJvbGUiOiJ1c2VyIiwiaWF0IjoxNzgzNzA3MTQyLCJleHAiOjE3ODM3MDgwNDJ9.yQX0d0Po3Xd0a5QClbonGkaKRGlW4_1_ncWrTUPGjiY
{
  host: 'localhost:3000',
  connection: 'keep-alive',
  'sec-ch-ua-platform': '"Windows"',
  authorization: 'Bearer eyJhbGciOiJIUzI1NiIsInR5cCI6IkpXVCJ9.eyJpZCI6IjZhNGZjZDBhMjgxYzBiOTVjMmFkODEyOCIsInJvbGUiOiJ1c2VyIiwiaWF0IjoxNzgzNzA3MTQyLCJleHAiOjE3ODM3MDgwNDJ9.yQX0d0Po3Xd0a5QClbonGkaKRGlW4_1_ncWrTUPGjiY',
  'user-agent': 'Mozilla/5.0 (Windows NT 10.0; Win64; x64) AppleWebKit/537.36 (KHTML, like Gecko) Chrome/149.0.0.0 Safari/537.36',
  'sec-ch-ua': '"Google Chrome";v="149", "Chromium";v="149", "Not)A;Brand";v="24"',
  'sec-ch-ua-mobile': '?0',
  accept: '*/*',
  origin: 'http://localhost:5173',
  'sec-fetch-site': 'same-site',
  'sec-fetch-mode': 'cors',
  'sec-fetch-dest': 'empty',
  referer: 'http://localhost:5173/',
  'accept-encoding': 'gzip, deflate, br, zstd',
  'accept-language': 'en-US,en;q=0.9',
  'if-none-match': 'W/"ca-QJF0w7qlz04EAzx1xFYNEdw+FyY"'
}
Bearer eyJhbGciOiJIUzI1NiIsInR5cCI6IkpXVCJ9.eyJpZCI6IjZhNGZjZDBhMjgxYzBiOTVjMmFkODEyOCIsInJvbGUiOiJ1c2VyIiwiaWF0IjoxNzgzNzA3MTQyLCJleHAiOjE3ODM3MDgwNDJ9.yQX0d0Po3Xd0a5QClbonGkaKRGlW4_1_ncWrTUPGjiY
{
  host: 'localhost:3000',
  connection: 'keep-alive',
  'sec-ch-ua-platform': '"Windows"',
  authorization: 'Bearer eyJhbGciOiJIUzI1NiIsInR5cCI6IkpXVCJ9.eyJpZCI6IjZhNGZjZDBhMjgxYzBiOTVjMmFkODEyOCIsInJvbGUiOiJ1c2VyIiwiaWF0IjoxNzgzNzA3MTQyLCJleHAiOjE3ODM3MDgwNDJ9.yQX0d0Po3Xd0a5QClbonGkaKRGlW4_1_ncWrTUPGjiY',
  'user-agent': 'Mozilla/5.0 (Windows NT 10.0; Win64; x64) AppleWebKit/537.36 (KHTML, like Gecko) Chrome/149.0.0.0 Safari/537.36',
  'sec-ch-ua': '"Google Chrome";v="149", "Chromium";v="149", "Not)A;Brand";v="24"',
  'sec-ch-ua-mobile': '?0',
  accept: '*/*',
  origin: 'http://localhost:5173',
  'sec-fetch-site': 'same-site',
  'sec-fetch-mode': 'cors',
  'sec-fetch-dest': 'empty',
  referer: 'http://localhost:5173/',
  'accept-encoding': 'gzip, deflate, br, zstd',
  'accept-language': 'en-US,en;q=0.9',
  'if-none-match': 'W/"925-bdB7dPMQd3u954ztUiVFBSxJXuE"'
}
Bearer eyJhbGciOiJIUzI1NiIsInR5cCI6IkpXVCJ9.eyJpZCI6IjZhNGZjZDBhMjgxYzBiOTVjMmFkODEyOCIsInJvbGUiOiJ1c2VyIiwiaWF0IjoxNzgzNzA3MTQyLCJleHAiOjE3ODM3MDgwNDJ9.yQX0d0Po3Xd0a5QClbonGkaKRGlW4_1_ncWrTUPGjiY
{
  host: 'localhost:3000',
  connection: 'keep-alive',
  'sec-ch-ua-platform': '"Windows"',
  authorization: 'Bearer eyJhbGciOiJIUzI1NiIsInR5cCI6IkpXVCJ9.eyJpZCI6IjZhNGZjZDBhMjgxYzBiOTVjMmFkODEyOCIsInJvbGUiOiJ1c2VyIiwiaWF0IjoxNzgzNzA3MTQyLCJleHAiOjE3ODM3MDgwNDJ9.yQX0d0Po3Xd0a5QClbonGkaKRGlW4_1_ncWrTUPGjiY',
  'user-agent': 'Mozilla/5.0 (Windows NT 10.0; Win64; x64) AppleWebKit/537.36 (KHTML, like Gecko) Chrome/149.0.0.0 Safari/537.36',
  'sec-ch-ua': '"Google Chrome";v="149", "Chromium";v="149", "Not)A;Brand";v="24"',
  'sec-ch-ua-mobile': '?0',
  accept: '*/*',
  origin: 'http://localhost:5173',
  'sec-fetch-site': 'same-site',
  'sec-fetch-mode': 'cors',
  'sec-fetch-dest': 'empty',
  referer: 'http://localhost:5173/',
  'accept-encoding': 'gzip, deflate, br, zstd',
  'accept-language': 'en-US,en;q=0.9',
  'if-none-match': 'W/"ca-QJF0w7qlz04EAzx1xFYNEdw+FyY"'
}
Bearer eyJhbGciOiJIUzI1NiIsInR5cCI6IkpXVCJ9.eyJpZCI6IjZhNGZjZDBhMjgxYzBiOTVjMmFkODEyOCIsInJvbGUiOiJ1c2VyIiwiaWF0IjoxNzgzNzA3MTQyLCJleHAiOjE3ODM3MDgwNDJ9.yQX0d0Po3Xd0a5QClbonGkaKRGlW4_1_ncWrTUPGjiY
{
  host: 'localhost:3000',
  connection: 'keep-alive',
  'sec-ch-ua-platform': '"Windows"',
  authorization: 'Bearer eyJhbGciOiJIUzI1NiIsInR5cCI6IkpXVCJ9.eyJpZCI6IjZhNGZjZDBhMjgxYzBiOTVjMmFkODEyOCIsInJvbGUiOiJ1c2VyIiwiaWF0IjoxNzgzNzA3MTQyLCJleHAiOjE3ODM3MDgwNDJ9.yQX0d0Po3Xd0a5QClbonGkaKRGlW4_1_ncWrTUPGjiY',
  'user-agent': 'Mozilla/5.0 (Windows NT 10.0; Win64; x64) AppleWebKit/537.36 (KHTML, like Gecko) Chrome/149.0.0.0 Safari/537.36',
  'sec-ch-ua': '"Google Chrome";v="149", "Chromium";v="149", "Not)A;Brand";v="24"',
  'sec-ch-ua-mobile': '?0',
  accept: '*/*',
  origin: 'http://localhost:5173',
  'sec-fetch-site': 'same-site',
  'sec-fetch-mode': 'cors',
  'sec-fetch-dest': 'empty',
  referer: 'http://localhost:5173/',
  'accept-encoding': 'gzip, deflate, br, zstd',
  'accept-language': 'en-US,en;q=0.9',
  'if-none-match': 'W/"925-bdB7dPMQd3u954ztUiVFBSxJXuE"'
}
Bearer eyJhbGciOiJIUzI1NiIsInR5cCI6IkpXVCJ9.eyJpZCI6IjZhNGZjZDBhMjgxYzBiOTVjMmFkODEyOCIsInJvbGUiOiJ1c2VyIiwiaWF0IjoxNzgzNzA3MTQyLCJleHAiOjE3ODM3MDgwNDJ9.yQX0d0Po3Xd0a5QClbonGkaKRGlW4_1_ncWrTUPGjiY
{
  host: 'localhost:3000',
  connection: 'keep-alive',
  'sec-ch-ua-platform': '"Windows"',
  authorization: 'Bearer eyJhbGciOiJIUzI1NiIsInR5cCI6IkpXVCJ9.eyJpZCI6IjZhNGZjZDBhMjgxYzBiOTVjMmFkODEyOCIsInJvbGUiOiJ1c2VyIiwiaWF0IjoxNzgzNzA3MTQyLCJleHAiOjE3ODM3MDgwNDJ9.yQX0d0Po3Xd0a5QClbonGkaKRGlW4_1_ncWrTUPGjiY',
  'user-agent': 'Mozilla/5.0 (Windows NT 10.0; Win64; x64) AppleWebKit/537.36 (KHTML, like Gecko) Chrome/149.0.0.0 Safari/537.36',
  'sec-ch-ua': '"Google Chrome";v="149", "Chromium";v="149", "Not)A;Brand";v="24"',
  'sec-ch-ua-mobile': '?0',
  accept: '*/*',
  origin: 'http://localhost:5173',
  'sec-fetch-site': 'same-site',
  'sec-fetch-mode': 'cors',
  'sec-fetch-dest': 'empty',
  referer: 'http://localhost:5173/',
  'accept-encoding': 'gzip, deflate, br, zstd',
  'accept-language': 'en-US,en;q=0.9',
  'if-none-match': 'W/"ca-QJF0w7qlz04EAzx1xFYNEdw+FyY"'
}
Bearer eyJhbGciOiJIUzI1NiIsInR5cCI6IkpXVCJ9.eyJpZCI6IjZhNGZjZDBhMjgxYzBiOTVjMmFkODEyOCIsInJvbGUiOiJ1c2VyIiwiaWF0IjoxNzgzNzA3MTQyLCJleHAiOjE3ODM3MDgwNDJ9.yQX0d0Po3Xd0a5QClbonGkaKRGlW4_1_ncWrTUPGjiY
{
  host: 'localhost:3000',
  connection: 'keep-alive',
  'sec-ch-ua-platform': '"Windows"',
  authorization: 'Bearer eyJhbGciOiJIUzI1NiIsInR5cCI6IkpXVCJ9.eyJpZCI6IjZhNGZjZDBhMjgxYzBiOTVjMmFkODEyOCIsInJvbGUiOiJ1c2VyIiwiaWF0IjoxNzgzNzA3MTQyLCJleHAiOjE3ODM3MDgwNDJ9.yQX0d0Po3Xd0a5QClbonGkaKRGlW4_1_ncWrTUPGjiY',
  'user-agent': 'Mozilla/5.0 (Windows NT 10.0; Win64; x64) AppleWebKit/537.36 (KHTML, like Gecko) Chrome/149.0.0.0 Safari/537.36',
  'sec-ch-ua': '"Google Chrome";v="149", "Chromium";v="149", "Not)A;Brand";v="24"',
  'sec-ch-ua-mobile': '?0',
  accept: '*/*',
  origin: 'http://localhost:5173',
  'sec-fetch-site': 'same-site',
  'sec-fetch-mode': 'cors',
  'sec-fetch-dest': 'empty',
  referer: 'http://localhost:5173/',
  'accept-encoding': 'gzip, deflate, br, zstd',
  'accept-language': 'en-US,en;q=0.9',
  'if-none-match': 'W/"925-bdB7dPMQd3u954ztUiVFBSxJXuE"'
}
Bearer eyJhbGciOiJIUzI1NiIsInR5cCI6IkpXVCJ9.eyJpZCI6IjZhNGZjZDBhMjgxYzBiOTVjMmFkODEyOCIsInJvbGUiOiJ1c2VyIiwiaWF0IjoxNzgzNzA3MTQyLCJleHAiOjE3ODM3MDgwNDJ9.yQX0d0Po3Xd0a5QClbonGkaKRGlW4_1_ncWrTUPGjiY
{
  host: 'localhost:3000',
  connection: 'keep-alive',
  'sec-ch-ua-platform': '"Windows"',
  authorization: 'Bearer eyJhbGciOiJIUzI1NiIsInR5cCI6IkpXVCJ9.eyJpZCI6IjZhNGZjZDBhMjgxYzBiOTVjMmFkODEyOCIsInJvbGUiOiJ1c2VyIiwiaWF0IjoxNzgzNzA3MTQyLCJleHAiOjE3ODM3MDgwNDJ9.yQX0d0Po3Xd0a5QClbonGkaKRGlW4_1_ncWrTUPGjiY',
  'user-agent': 'Mozilla/5.0 (Windows NT 10.0; Win64; x64) AppleWebKit/537.36 (KHTML, like Gecko) Chrome/149.0.0.0 Safari/537.36',
  'sec-ch-ua': '"Google Chrome";v="149", "Chromium";v="149", "Not)A;Brand";v="24"',
  'sec-ch-ua-mobile': '?0',
  accept: '*/*',
  origin: 'http://localhost:5173',
  'sec-fetch-site': 'same-site',
  'sec-fetch-mode': 'cors',
  'sec-fetch-dest': 'empty',
  referer: 'http://localhost:5173/',
  'accept-encoding': 'gzip, deflate, br, zstd',
  'accept-language': 'en-US,en;q=0.9',
  'if-none-match': 'W/"925-bdB7dPMQd3u954ztUiVFBSxJXuE"'
}
Bearer eyJhbGciOiJIUzI1NiIsInR5cCI6IkpXVCJ9.eyJpZCI6IjZhNGZjZDBhMjgxYzBiOTVjMmFkODEyOCIsInJvbGUiOiJ1c2VyIiwiaWF0IjoxNzgzNzA3MTQyLCJleHAiOjE3ODM3MDgwNDJ9.yQX0d0Po3Xd0a5QClbonGkaKRGlW4_1_ncWrTUPGjiY
{
  host: 'localhost:3000',
  connection: 'keep-alive',
  'sec-ch-ua-platform': '"Windows"',
  authorization: 'Bearer eyJhbGciOiJIUzI1NiIsInR5cCI6IkpXVCJ9.eyJpZCI6IjZhNGZjZDBhMjgxYzBiOTVjMmFkODEyOCIsInJvbGUiOiJ1c2VyIiwiaWF0IjoxNzgzNzA3MTQyLCJleHAiOjE3ODM3MDgwNDJ9.yQX0d0Po3Xd0a5QClbonGkaKRGlW4_1_ncWrTUPGjiY',
  'user-agent': 'Mozilla/5.0 (Windows NT 10.0; Win64; x64) AppleWebKit/537.36 (KHTML, like Gecko) Chrome/149.0.0.0 Safari/537.36',
  'sec-ch-ua': '"Google Chrome";v="149", "Chromium";v="149", "Not)A;Brand";v="24"',
  'sec-ch-ua-mobile': '?0',
  accept: '*/*',
  origin: 'http://localhost:5173',
  'sec-fetch-site': 'same-site',
  'sec-fetch-mode': 'cors',
  'sec-fetch-dest': 'empty',
  referer: 'http://localhost:5173/',
  'accept-encoding': 'gzip, deflate, br, zstd',
  'accept-language': 'en-US,en;q=0.9',
  'if-none-match': 'W/"ca-QJF0w7qlz04EAzx1xFYNEdw+FyY"'
}
Bearer eyJhbGciOiJIUzI1NiIsInR5cCI6IkpXVCJ9.eyJpZCI6IjZhNGZjZDBhMjgxYzBiOTVjMmFkODEyOCIsInJvbGUiOiJ1c2VyIiwiaWF0IjoxNzgzNzA3MTQyLCJleHAiOjE3ODM3MDgwNDJ9.yQX0d0Po3Xd0a5QClbonGkaKRGlW4_1_ncWrTUPGjiY
{
  host: 'localhost:3000',
  connection: 'keep-alive',
  'sec-ch-ua-platform': '"Windows"',
  authorization: 'Bearer eyJhbGciOiJIUzI1NiIsInR5cCI6IkpXVCJ9.eyJpZCI6IjZhNGZjZDBhMjgxYzBiOTVjMmFkODEyOCIsInJvbGUiOiJ1c2VyIiwiaWF0IjoxNzgzNzA3MTQyLCJleHAiOjE3ODM3MDgwNDJ9.yQX0d0Po3Xd0a5QClbonGkaKRGlW4_1_ncWrTUPGjiY',
  'user-agent': 'Mozilla/5.0 (Windows NT 10.0; Win64; x64) AppleWebKit/537.36 (KHTML, like Gecko) Chrome/149.0.0.0 Safari/537.36',
  'sec-ch-ua': '"Google Chrome";v="149", "Chromium";v="149", "Not)A;Brand";v="24"',
  'sec-ch-ua-mobile': '?0',
  accept: '*/*',
  origin: 'http://localhost:5173',
  'sec-fetch-site': 'same-site',
  'sec-fetch-mode': 'cors',
  'sec-fetch-dest': 'empty',
  referer: 'http://localhost:5173/',
  'accept-encoding': 'gzip, deflate, br, zstd',
  'accept-language': 'en-US,en;q=0.9',
  'if-none-match': 'W/"ca-QJF0w7qlz04EAzx1xFYNEdw+FyY"'
}
Bearer eyJhbGciOiJIUzI1NiIsInR5cCI6IkpXVCJ9.eyJpZCI6IjZhNGZjZDBhMjgxYzBiOTVjMmFkODEyOCIsInJvbGUiOiJ1c2VyIiwiaWF0IjoxNzgzNzA3MTQyLCJleHAiOjE3ODM3MDgwNDJ9.yQX0d0Po3Xd0a5QClbonGkaKRGlW4_1_ncWrTUPGjiY
{
  host: 'localhost:3000',
  connection: 'keep-alive',
  'sec-ch-ua-platform': '"Windows"',
  authorization: 'Bearer eyJhbGciOiJIUzI1NiIsInR5cCI6IkpXVCJ9.eyJpZCI6IjZhNGZjZDBhMjgxYzBiOTVjMmFkODEyOCIsInJvbGUiOiJ1c2VyIiwiaWF0IjoxNzgzNzA3MTQyLCJleHAiOjE3ODM3MDgwNDJ9.yQX0d0Po3Xd0a5QClbonGkaKRGlW4_1_ncWrTUPGjiY',
  'user-agent': 'Mozilla/5.0 (Windows NT 10.0; Win64; x64) AppleWebKit/537.36 (KHTML, like Gecko) Chrome/149.0.0.0 Safari/537.36',
  'sec-ch-ua': '"Google Chrome";v="149", "Chromium";v="149", "Not)A;Brand";v="24"',
  'sec-ch-ua-mobile': '?0',
  accept: '*/*',
  origin: 'http://localhost:5173',
  'sec-fetch-site': 'same-site',
  'sec-fetch-mode': 'cors',
  'sec-fetch-dest': 'empty',
  referer: 'http://localhost:5173/',
  'accept-encoding': 'gzip, deflate, br, zstd',
  'accept-language': 'en-US,en;q=0.9',
  'if-none-match': 'W/"925-bdB7dPMQd3u954ztUiVFBSxJXuE"'
}
Bearer eyJhbGciOiJIUzI1NiIsInR5cCI6IkpXVCJ9.eyJpZCI6IjZhNGZjZDBhMjgxYzBiOTVjMmFkODEyOCIsInJvbGUiOiJ1c2VyIiwiaWF0IjoxNzgzNzA3MTQyLCJleHAiOjE3ODM3MDgwNDJ9.yQX0d0Po3Xd0a5QClbonGkaKRGlW4_1_ncWrTUPGjiY
{
  host: 'localhost:3000',
  connection: 'keep-alive',
  'sec-ch-ua-platform': '"Windows"',
  authorization: 'Bearer eyJhbGciOiJIUzI1NiIsInR5cCI6IkpXVCJ9.eyJpZCI6IjZhNGZjZDBhMjgxYzBiOTVjMmFkODEyOCIsInJvbGUiOiJ1c2VyIiwiaWF0IjoxNzgzNzA3MTQyLCJleHAiOjE3ODM3MDgwNDJ9.yQX0d0Po3Xd0a5QClbonGkaKRGlW4_1_ncWrTUPGjiY',
  'user-agent': 'Mozilla/5.0 (Windows NT 10.0; Win64; x64) AppleWebKit/537.36 (KHTML, like Gecko) Chrome/149.0.0.0 Safari/537.36',
  'sec-ch-ua': '"Google Chrome";v="149", "Chromium";v="149", "Not)A;Brand";v="24"',
  'sec-ch-ua-mobile': '?0',
  accept: '*/*',
  origin: 'http://localhost:5173',
  'sec-fetch-site': 'same-site',
  'sec-fetch-mode': 'cors',
  'sec-fetch-dest': 'empty',
  referer: 'http://localhost:5173/',
  'accept-encoding': 'gzip, deflate, br, zstd',
  'accept-language': 'en-US,en;q=0.9',
  'if-none-match': 'W/"925-bdB7dPMQd3u954ztUiVFBSxJXuE"'
}
Bearer eyJhbGciOiJIUzI1NiIsInR5cCI6IkpXVCJ9.eyJpZCI6IjZhNGZjZDBhMjgxYzBiOTVjMmFkODEyOCIsInJvbGUiOiJ1c2VyIiwiaWF0IjoxNzgzNzA3MTQyLCJleHAiOjE3ODM3MDgwNDJ9.yQX0d0Po3Xd0a5QClbonGkaKRGlW4_1_ncWrTUPGjiY
{
  host: 'localhost:3000',
  connection: 'keep-alive',
  'sec-ch-ua-platform': '"Windows"',
  authorization: 'Bearer eyJhbGciOiJIUzI1NiIsInR5cCI6IkpXVCJ9.eyJpZCI6IjZhNGZjZDBhMjgxYzBiOTVjMmFkODEyOCIsInJvbGUiOiJ1c2VyIiwiaWF0IjoxNzgzNzA3MTQyLCJleHAiOjE3ODM3MDgwNDJ9.yQX0d0Po3Xd0a5QClbonGkaKRGlW4_1_ncWrTUPGjiY',
  'user-agent': 'Mozilla/5.0 (Windows NT 10.0; Win64; x64) AppleWebKit/537.36 (KHTML, like Gecko) Chrome/149.0.0.0 Safari/537.36',
  'sec-ch-ua': '"Google Chrome";v="149", "Chromium";v="149", "Not)A;Brand";v="24"',
  'sec-ch-ua-mobile': '?0',
  accept: '*/*',
  origin: 'http://localhost:5173',
  'sec-fetch-site': 'same-site',
  'sec-fetch-mode': 'cors',
  'sec-fetch-dest': 'empty',
  referer: 'http://localhost:5173/',
  'accept-encoding': 'gzip, deflate, br, zstd',
  'accept-language': 'en-US,en;q=0.9',
  'if-none-match': 'W/"ca-QJF0w7qlz04EAzx1xFYNEdw+FyY"'
}
Bearer eyJhbGciOiJIUzI1NiIsInR5cCI6IkpXVCJ9.eyJpZCI6IjZhNGZjZDBhMjgxYzBiOTVjMmFkODEyOCIsInJvbGUiOiJ1c2VyIiwiaWF0IjoxNzgzNzA3MTQyLCJleHAiOjE3ODM3MDgwNDJ9.yQX0d0Po3Xd0a5QClbonGkaKRGlW4_1_ncWrTUPGjiY
{
  host: 'localhost:3000',
  connection: 'keep-alive',
  'sec-ch-ua-platform': '"Windows"',
  authorization: 'Bearer eyJhbGciOiJIUzI1NiIsInR5cCI6IkpXVCJ9.eyJpZCI6IjZhNGZjZDBhMjgxYzBiOTVjMmFkODEyOCIsInJvbGUiOiJ1c2VyIiwiaWF0IjoxNzgzNzA3MTQyLCJleHAiOjE3ODM3MDgwNDJ9.yQX0d0Po3Xd0a5QClbonGkaKRGlW4_1_ncWrTUPGjiY',
  'user-agent': 'Mozilla/5.0 (Windows NT 10.0; Win64; x64) AppleWebKit/537.36 (KHTML, like Gecko) Chrome/149.0.0.0 Safari/537.36',
  'sec-ch-ua': '"Google Chrome";v="149", "Chromium";v="149", "Not)A;Brand";v="24"',
  'sec-ch-ua-mobile': '?0',
  accept: '*/*',
  origin: 'http://localhost:5173',
  'sec-fetch-site': 'same-site',
  'sec-fetch-mode': 'cors',
  'sec-fetch-dest': 'empty',
  referer: 'http://localhost:5173/',
  'accept-encoding': 'gzip, deflate, br, zstd',
  'accept-language': 'en-US,en;q=0.9',
  'if-none-match': 'W/"ca-QJF0w7qlz04EAzx1xFYNEdw+FyY"'
}
Bearer eyJhbGciOiJIUzI1NiIsInR5cCI6IkpXVCJ9.eyJpZCI6IjZhNGZjZDBhMjgxYzBiOTVjMmFkODEyOCIsInJvbGUiOiJ1c2VyIiwiaWF0IjoxNzgzNzA3MTQyLCJleHAiOjE3ODM3MDgwNDJ9.yQX0d0Po3Xd0a5QClbonGkaKRGlW4_1_ncWrTUPGjiY
{
  host: 'localhost:3000',
  connection: 'keep-alive',
  'sec-ch-ua-platform': '"Windows"',
  authorization: 'Bearer eyJhbGciOiJIUzI1NiIsInR5cCI6IkpXVCJ9.eyJpZCI6IjZhNGZjZDBhMjgxYzBiOTVjMmFkODEyOCIsInJvbGUiOiJ1c2VyIiwiaWF0IjoxNzgzNzA3MTQyLCJleHAiOjE3ODM3MDgwNDJ9.yQX0d0Po3Xd0a5QClbonGkaKRGlW4_1_ncWrTUPGjiY',
  'user-agent': 'Mozilla/5.0 (Windows NT 10.0; Win64; x64) AppleWebKit/537.36 (KHTML, like Gecko) Chrome/149.0.0.0 Safari/537.36',
  'sec-ch-ua': '"Google Chrome";v="149", "Chromium";v="149", "Not)A;Brand";v="24"',
  'sec-ch-ua-mobile': '?0',
  accept: '*/*',
  origin: 'http://localhost:5173',
  'sec-fetch-site': 'same-site',
  'sec-fetch-mode': 'cors',
  'sec-fetch-dest': 'empty',
  referer: 'http://localhost:5173/',
  'accept-encoding': 'gzip, deflate, br, zstd',
  'accept-language': 'en-US,en;q=0.9',
  'if-none-match': 'W/"925-bdB7dPMQd3u954ztUiVFBSxJXuE"'
}
Bearer eyJhbGciOiJIUzI1NiIsInR5cCI6IkpXVCJ9.eyJpZCI6IjZhNGZjZDBhMjgxYzBiOTVjMmFkODEyOCIsInJvbGUiOiJ1c2VyIiwiaWF0IjoxNzgzNzA3MTQyLCJleHAiOjE3ODM3MDgwNDJ9.yQX0d0Po3Xd0a5QClbonGkaKRGlW4_1_ncWrTUPGjiY
{
  host: 'localhost:3000',
  connection: 'keep-alive',
  'sec-ch-ua-platform': '"Windows"',
  authorization: 'Bearer eyJhbGciOiJIUzI1NiIsInR5cCI6IkpXVCJ9.eyJpZCI6IjZhNGZjZDBhMjgxYzBiOTVjMmFkODEyOCIsInJvbGUiOiJ1c2VyIiwiaWF0IjoxNzgzNzA3MTQyLCJleHAiOjE3ODM3MDgwNDJ9.yQX0d0Po3Xd0a5QClbonGkaKRGlW4_1_ncWrTUPGjiY',
  'user-agent': 'Mozilla/5.0 (Windows NT 10.0; Win64; x64) AppleWebKit/537.36 (KHTML, like Gecko) Chrome/149.0.0.0 Safari/537.36',
  'sec-ch-ua': '"Google Chrome";v="149", "Chromium";v="149", "Not)A;Brand";v="24"',
  'sec-ch-ua-mobile': '?0',
  accept: '*/*',
  origin: 'http://localhost:5173',
  'sec-fetch-site': 'same-site',
  'sec-fetch-mode': 'cors',
  'sec-fetch-dest': 'empty',
  referer: 'http://localhost:5173/',
  'accept-encoding': 'gzip, deflate, br, zstd',
  'accept-language': 'en-US,en;q=0.9'
}
Bearer eyJhbGciOiJIUzI1NiIsInR5cCI6IkpXVCJ9.eyJpZCI6IjZhNGZjZDBhMjgxYzBiOTVjMmFkODEyOCIsInJvbGUiOiJ1c2VyIiwiaWF0IjoxNzgzNzA3MTQyLCJleHAiOjE3ODM3MDgwNDJ9.yQX0d0Po3Xd0a5QClbonGkaKRGlW4_1_ncWrTUPGjiY
{
  host: 'localhost:3000',
  connection: 'keep-alive',
  'sec-ch-ua-platform': '"Windows"',
  authorization: 'Bearer eyJhbGciOiJIUzI1NiIsInR5cCI6IkpXVCJ9.eyJpZCI6IjZhNGZjZDBhMjgxYzBiOTVjMmFkODEyOCIsInJvbGUiOiJ1c2VyIiwiaWF0IjoxNzgzNzA3MTQyLCJleHAiOjE3ODM3MDgwNDJ9.yQX0d0Po3Xd0a5QClbonGkaKRGlW4_1_ncWrTUPGjiY',
  'user-agent': 'Mozilla/5.0 (Windows NT 10.0; Win64; x64) AppleWebKit/537.36 (KHTML, like Gecko) Chrome/149.0.0.0 Safari/537.36',
  'sec-ch-ua': '"Google Chrome";v="149", "Chromium";v="149", "Not)A;Brand";v="24"',
  'sec-ch-ua-mobile': '?0',
  accept: '*/*',
  origin: 'http://localhost:5173',
  'sec-fetch-site': 'same-site',
  'sec-fetch-mode': 'cors',
  'sec-fetch-dest': 'empty',
  referer: 'http://localhost:5173/',
  'accept-encoding': 'gzip, deflate, br, zstd',
  'accept-language': 'en-US,en;q=0.9',
  'if-none-match': 'W/"7c-eOXo3RJuDDEvIybIvVWLkrNw3Ss"'
}
Bearer eyJhbGciOiJIUzI1NiIsInR5cCI6IkpXVCJ9.eyJpZCI6IjZhNGZjZDBhMjgxYzBiOTVjMmFkODEyOCIsInJvbGUiOiJ1c2VyIiwiaWF0IjoxNzgzNzA3MTQyLCJleHAiOjE3ODM3MDgwNDJ9.yQX0d0Po3Xd0a5QClbonGkaKRGlW4_1_ncWrTUPGjiY
{
  host: 'localhost:3000',
  connection: 'keep-alive',
  'sec-ch-ua-platform': '"Windows"',
  authorization: 'Bearer eyJhbGciOiJIUzI1NiIsInR5cCI6IkpXVCJ9.eyJpZCI6IjZhNGZjZDBhMjgxYzBiOTVjMmFkODEyOCIsInJvbGUiOiJ1c2VyIiwiaWF0IjoxNzgzNzA3MTQyLCJleHAiOjE3ODM3MDgwNDJ9.yQX0d0Po3Xd0a5QClbonGkaKRGlW4_1_ncWrTUPGjiY',
  'user-agent': 'Mozilla/5.0 (Windows NT 10.0; Win64; x64) AppleWebKit/537.36 (KHTML, like Gecko) Chrome/149.0.0.0 Safari/537.36',
  'sec-ch-ua': '"Google Chrome";v="149", "Chromium";v="149", "Not)A;Brand";v="24"',
  'sec-ch-ua-mobile': '?0',
  accept: '*/*',
  origin: 'http://localhost:5173',
  'sec-fetch-site': 'same-site',
  'sec-fetch-mode': 'cors',
  'sec-fetch-dest': 'empty',
  referer: 'http://localhost:5173/',
  'accept-encoding': 'gzip, deflate, br, zstd',
  'accept-language': 'en-US,en;q=0.9',
  'if-none-match': 'W/"7c-eOXo3RJuDDEvIybIvVWLkrNw3Ss"'
}
Bearer eyJhbGciOiJIUzI1NiIsInR5cCI6IkpXVCJ9.eyJpZCI6IjZhNGZjZDBhMjgxYzBiOTVjMmFkODEyOCIsInJvbGUiOiJ1c2VyIiwiaWF0IjoxNzgzNzA3MTQyLCJleHAiOjE3ODM3MDgwNDJ9.yQX0d0Po3Xd0a5QClbonGkaKRGlW4_1_ncWrTUPGjiY
{
  host: 'localhost:3000',
  connection: 'keep-alive',
  'sec-ch-ua-platform': '"Windows"',
  authorization: 'Bearer eyJhbGciOiJIUzI1NiIsInR5cCI6IkpXVCJ9.eyJpZCI6IjZhNGZjZDBhMjgxYzBiOTVjMmFkODEyOCIsInJvbGUiOiJ1c2VyIiwiaWF0IjoxNzgzNzA3MTQyLCJleHAiOjE3ODM3MDgwNDJ9.yQX0d0Po3Xd0a5QClbonGkaKRGlW4_1_ncWrTUPGjiY',
  'user-agent': 'Mozilla/5.0 (Windows NT 10.0; Win64; x64) AppleWebKit/537.36 (KHTML, like Gecko) Chrome/149.0.0.0 Safari/537.36',
  'sec-ch-ua': '"Google Chrome";v="149", "Chromium";v="149", "Not)A;Brand";v="24"',
  'sec-ch-ua-mobile': '?0',
  accept: '*/*',
  origin: 'http://localhost:5173',
  'sec-fetch-site': 'same-site',
  'sec-fetch-mode': 'cors',
  'sec-fetch-dest': 'empty',
  referer: 'http://localhost:5173/',
  'accept-encoding': 'gzip, deflate, br, zstd',
  'accept-language': 'en-US,en;q=0.9',
  'if-none-match': 'W/"1fa-MCHjQyvAhJ9OXjCqCuK6aUWXu2o"'
}
Bearer eyJhbGciOiJIUzI1NiIsInR5cCI6IkpXVCJ9.eyJpZCI6IjZhNGZjZDBhMjgxYzBiOTVjMmFkODEyOCIsInJvbGUiOiJ1c2VyIiwiaWF0IjoxNzgzNzA3MTQyLCJleHAiOjE3ODM3MDgwNDJ9.yQX0d0Po3Xd0a5QClbonGkaKRGlW4_1_ncWrTUPGjiY
{
  host: 'localhost:3000',
  connection: 'keep-alive',
  'content-length': '111',
  'sec-ch-ua-platform': '"Windows"',
  authorization: 'Bearer eyJhbGciOiJIUzI1NiIsInR5cCI6IkpXVCJ9.eyJpZCI6IjZhNGZjZDBhMjgxYzBiOTVjMmFkODEyOCIsInJvbGUiOiJ1c2VyIiwiaWF0IjoxNzgzNzA3MTQyLCJleHAiOjE3ODM3MDgwNDJ9.yQX0d0Po3Xd0a5QClbonGkaKRGlW4_1_ncWrTUPGjiY',
  'user-agent': 'Mozilla/5.0 (Windows NT 10.0; Win64; x64) AppleWebKit/537.36 (KHTML, like Gecko) Chrome/149.0.0.0 Safari/537.36',
  'sec-ch-ua': '"Google Chrome";v="149", "Chromium";v="149", "Not)A;Brand";v="24"',
  'content-type': 'application/json',
  'sec-ch-ua-mobile': '?0',
  accept: '*/*',
  origin: 'http://localhost:5173',
  'sec-fetch-site': 'same-site',
  'sec-fetch-mode': 'cors',
  'sec-fetch-dest': 'empty',
  referer: 'http://localhost:5173/',
  'accept-encoding': 'gzip, deflate, br, zstd',
  'accept-language': 'en-US,en;q=0.9'
}
Bearer eyJhbGciOiJIUzI1NiIsInR5cCI6IkpXVCJ9.eyJpZCI6IjZhNGZjZDBhMjgxYzBiOTVjMmFkODEyOCIsInJvbGUiOiJ1c2VyIiwiaWF0IjoxNzgzNzA3MTQyLCJleHAiOjE3ODM3MDgwNDJ9.yQX0d0Po3Xd0a5QClbonGkaKRGlW4_1_ncWrTUPGjiY
{
  host: 'localhost:3000',
  connection: 'keep-alive',
  'content-length': '181',
  'sec-ch-ua-platform': '"Windows"',
  authorization: 'Bearer eyJhbGciOiJIUzI1NiIsInR5cCI6IkpXVCJ9.eyJpZCI6IjZhNGZjZDBhMjgxYzBiOTVjMmFkODEyOCIsInJvbGUiOiJ1c2VyIiwiaWF0IjoxNzgzNzA3MTQyLCJleHAiOjE3ODM3MDgwNDJ9.yQX0d0Po3Xd0a5QClbonGkaKRGlW4_1_ncWrTUPGjiY',
  'user-agent': 'Mozilla/5.0 (Windows NT 10.0; Win64; x64) AppleWebKit/537.36 (KHTML, like Gecko) Chrome/149.0.0.0 Safari/537.36',
  'sec-ch-ua': '"Google Chrome";v="149", "Chromium";v="149", "Not)A;Brand";v="24"',
  'content-type': 'application/json',
  'sec-ch-ua-mobile': '?0',
  accept: '*/*',
  origin: 'http://localhost:5173',
  'sec-fetch-site': 'same-site',
  'sec-fetch-mode': 'cors',
  'sec-fetch-dest': 'empty',
  referer: 'http://localhost:5173/',
  'accept-encoding': 'gzip, deflate, br, zstd',
  'accept-language': 'en-US,en;q=0.9'
}
Bearer eyJhbGciOiJIUzI1NiIsInR5cCI6IkpXVCJ9.eyJpZCI6IjZhNGZjZDBhMjgxYzBiOTVjMmFkODEyOCIsInJvbGUiOiJ1c2VyIiwiaWF0IjoxNzgzNzA3MTQyLCJleHAiOjE3ODM3MDgwNDJ9.yQX0d0Po3Xd0a5QClbonGkaKRGlW4_1_ncWrTUPGjiY
{
  host: 'localhost:3000',
  connection: 'keep-alive',
  'content-length': '380',
  'sec-ch-ua-platform': '"Windows"',
  authorization: 'Bearer eyJhbGciOiJIUzI1NiIsInR5cCI6IkpXVCJ9.eyJpZCI6IjZhNGZjZDBhMjgxYzBiOTVjMmFkODEyOCIsInJvbGUiOiJ1c2VyIiwiaWF0IjoxNzgzNzA3MTQyLCJleHAiOjE3ODM3MDgwNDJ9.yQX0d0Po3Xd0a5QClbonGkaKRGlW4_1_ncWrTUPGjiY',
  'user-agent': 'Mozilla/5.0 (Windows NT 10.0; Win64; x64) AppleWebKit/537.36 (KHTML, like Gecko) Chrome/149.0.0.0 Safari/537.36',
  'sec-ch-ua': '"Google Chrome";v="149", "Chromium";v="149", "Not)A;Brand";v="24"',
  'content-type': 'application/json',
  'sec-ch-ua-mobile': '?0',
  accept: '*/*',
  origin: 'http://localhost:5173',
  'sec-fetch-site': 'same-site',
  'sec-fetch-mode': 'cors',
  'sec-fetch-dest': 'empty',
  referer: 'http://localhost:5173/',
  'accept-encoding': 'gzip, deflate, br, zstd',
  'accept-language': 'en-US,en;q=0.9'
}
Bearer eyJhbGciOiJIUzI1NiIsInR5cCI6IkpXVCJ9.eyJpZCI6IjZhNGZjZDBhMjgxYzBiOTVjMmFkODEyOCIsInJvbGUiOiJ1c2VyIiwiaWF0IjoxNzgzNzA3MTQyLCJleHAiOjE3ODM3MDgwNDJ9.yQX0d0Po3Xd0a5QClbonGkaKRGlW4_1_ncWrTUPGjiY
{
  host: 'localhost:3000',
  connection: 'keep-alive',
  'sec-ch-ua-platform': '"Windows"',
  authorization: 'Bearer eyJhbGciOiJIUzI1NiIsInR5cCI6IkpXVCJ9.eyJpZCI6IjZhNGZjZDBhMjgxYzBiOTVjMmFkODEyOCIsInJvbGUiOiJ1c2VyIiwiaWF0IjoxNzgzNzA3MTQyLCJleHAiOjE3ODM3MDgwNDJ9.yQX0d0Po3Xd0a5QClbonGkaKRGlW4_1_ncWrTUPGjiY',
  'user-agent': 'Mozilla/5.0 (Windows NT 10.0; Win64; x64) AppleWebKit/537.36 (KHTML, like Gecko) Chrome/149.0.0.0 Safari/537.36',
  'sec-ch-ua': '"Google Chrome";v="149", "Chromium";v="149", "Not)A;Brand";v="24"',
  'sec-ch-ua-mobile': '?0',
  accept: '*/*',
  origin: 'http://localhost:5173',
  'sec-fetch-site': 'same-site',
  'sec-fetch-mode': 'cors',
  'sec-fetch-dest': 'empty',
  referer: 'http://localhost:5173/',
  'accept-encoding': 'gzip, deflate, br, zstd',
  'accept-language': 'en-US,en;q=0.9'
}
Bearer eyJhbGciOiJIUzI1NiIsInR5cCI6IkpXVCJ9.eyJpZCI6IjZhNGZjZDBhMjgxYzBiOTVjMmFkODEyOCIsInJvbGUiOiJ1c2VyIiwiaWF0IjoxNzgzNzA3MTQyLCJleHAiOjE3ODM3MDgwNDJ9.yQX0d0Po3Xd0a5QClbonGkaKRGlW4_1_ncWrTUPGjiY
{
  host: 'localhost:3000',
  connection: 'keep-alive',
  'sec-ch-ua-platform': '"Windows"',
  authorization: 'Bearer eyJhbGciOiJIUzI1NiIsInR5cCI6IkpXVCJ9.eyJpZCI6IjZhNGZjZDBhMjgxYzBiOTVjMmFkODEyOCIsInJvbGUiOiJ1c2VyIiwiaWF0IjoxNzgzNzA3MTQyLCJleHAiOjE3ODM3MDgwNDJ9.yQX0d0Po3Xd0a5QClbonGkaKRGlW4_1_ncWrTUPGjiY',
  'user-agent': 'Mozilla/5.0 (Windows NT 10.0; Win64; x64) AppleWebKit/537.36 (KHTML, like Gecko) Chrome/149.0.0.0 Safari/537.36',
  'sec-ch-ua': '"Google Chrome";v="149", "Chromium";v="149", "Not)A;Brand";v="24"',
  'sec-ch-ua-mobile': '?0',
  accept: '*/*',
  origin: 'http://localhost:5173',
  'sec-fetch-site': 'same-site',
  'sec-fetch-mode': 'cors',
  'sec-fetch-dest': 'empty',
  referer: 'http://localhost:5173/',
  'accept-encoding': 'gzip, deflate, br, zstd',
  'accept-language': 'en-US,en;q=0.9',
  'if-none-match': 'W/"ec2-9XvYo7pA0lwJmkQEs+Xa3B/SMbg"'
}
Bearer eyJhbGciOiJIUzI1NiIsInR5cCI6IkpXVCJ9.eyJpZCI6IjZhNGZjZDBhMjgxYzBiOTVjMmFkODEyOCIsInJvbGUiOiJ1c2VyIiwiaWF0IjoxNzgzNzA3MTQyLCJleHAiOjE3ODM3MDgwNDJ9.yQX0d0Po3Xd0a5QClbonGkaKRGlW4_1_ncWrTUPGjiY
{
  host: 'localhost:3000',
  connection: 'keep-alive',
  'sec-ch-ua-platform': '"Windows"',
  authorization: 'Bearer eyJhbGciOiJIUzI1NiIsInR5cCI6IkpXVCJ9.eyJpZCI6IjZhNGZjZDBhMjgxYzBiOTVjMmFkODEyOCIsInJvbGUiOiJ1c2VyIiwiaWF0IjoxNzgzNzA3MTQyLCJleHAiOjE3ODM3MDgwNDJ9.yQX0d0Po3Xd0a5QClbonGkaKRGlW4_1_ncWrTUPGjiY',
  'user-agent': 'Mozilla/5.0 (Windows NT 10.0; Win64; x64) AppleWebKit/537.36 (KHTML, like Gecko) Chrome/149.0.0.0 Safari/537.36',
  'sec-ch-ua': '"Google Chrome";v="149", "Chromium";v="149", "Not)A;Brand";v="24"',
  'sec-ch-ua-mobile': '?0',
  accept: '*/*',
  origin: 'http://localhost:5173',
  'sec-fetch-site': 'same-site',
  'sec-fetch-mode': 'cors',
  'sec-fetch-dest': 'empty',
  referer: 'http://localhost:5173/',
  'accept-encoding': 'gzip, deflate, br, zstd',
  'accept-language': 'en-US,en;q=0.9',
  'if-none-match': 'W/"186c-UKtId2eXt4cVU3gRgY7LV4Cen/M"'
}
Bearer eyJhbGciOiJIUzI1NiIsInR5cCI6IkpXVCJ9.eyJpZCI6IjZhNGZjZDBhMjgxYzBiOTVjMmFkODEyOCIsInJvbGUiOiJ1c2VyIiwiaWF0IjoxNzgzNzA3MTQyLCJleHAiOjE3ODM3MDgwNDJ9.yQX0d0Po3Xd0a5QClbonGkaKRGlW4_1_ncWrTUPGjiY
